id,Gender,Age,Driving_License,Region_Code,Previously_Insured,Vehicle_Age,Vehicle_Damage,Annual_Premium,Policy_Sales_Channel,Vintage,Response
79510,Female,22,1,19.0,1,< 1 Year,No,54559.0,152.0,87,0
186555,Male,57,1,18.0,0,1-2 Year,Yes,33439.0,124.0,63,0
158037,Female,64,1,28.0,0,1-2 Year,Yes,39327.0,122.0,45,0
343706,Male,52,1,41.0,1,1-2 Year,No,26536.0,124.0,161,0
137903,Female,21,1,7.0,0,< 1 Year,No,28416.0,152.0,92,0
269651,Male,59,1,28.0,0,> 2 Years,Yes,31842.0,60.0,296,0
357050,Female,48,1,40.0,0,1-2 Year,Yes,33565.0,26.0,202,0
359012,Male,43,1,28.0,0,1-2 Year,No,38786.0,15.0,261,0
112144,Male,24,1,47.0,1,< 1 Year,No,29291.0,152.0,226,0
230709,Male,47,1,0.0,0,> 2 Years,Yes,2630.0,26.0,296,0
86405,Female,58,1,28.0,0,1-2 Year,Yes,40481.0,124.0,101,0
200160,Female,26,1,15.0,1,< 1 Year,No,34706.0,152.0,232,0
101332,Male,26,1,7.0,1,< 1 Year,No,41238.0,152.0,287,0
276454,Female,25,1,49.0,0,< 1 Year,No,31345.0,152.0,71,0
345539,Female,30,1,47.0,1,< 1 Year,No,43972.0,152.0,42,0
339800,Female,45,1,28.0,0,1-2 Year,Yes,26954.0,26.0,110,0
61375,Female,64,1,14.0,1,1-2 Year,No,40671.0,124.0,37,0
316873,Female,22,1,37.0,1,< 1 Year,No,28642.0,152.0,94,0
17826,Female,35,1,8.0,1,1-2 Year,No,34327.0,4.0,109,0
24263,Male,24,1,9.0,0,< 1 Year,Yes,33906.0,152.0,77,0
200490,Male,71,1,28.0,1,1-2 Year,No,36922.0,122.0,229,0
178882,Female,77,1,28.0,0,1-2 Year,Yes,33185.0,124.0,161,0
235727,Male,22,1,41.0,1,< 1 Year,No,24560.0,160.0,53,0
97345,Female,70,1,28.0,1,1-2 Year,Yes,43438.0,26.0,222,0
364762,Male,72,1,41.0,1,1-2 Year,No,24312.0,124.0,36,0
353121,Female,20,1,43.0,1,< 1 Year,No,29353.0,160.0,89,0
285673,Male,58,1,28.0,0,> 2 Years,Yes,31221.0,122.0,249,0
238786,Male,31,1,28.0,0,< 1 Year,Yes,47920.0,124.0,218,0
148922,Male,53,1,9.0,0,1-2 Year,Yes,41587.0,124.0,179,0
132251,Female,31,1,11.0,1,1-2 Year,No,2630.0,124.0,230,0
241516,Male,50,1,28.0,1,1-2 Year,No,24379.0,124.0,241,0
123412,Male,29,1,45.0,0,< 1 Year,Yes,29644.0,151.0,172,0
16370,Male,45,1,39.0,0,> 2 Years,Yes,31104.0,25.0,177,0
341123,Female,47,1,28.0,0,1-2 Year,Yes,28900.0,26.0,147,0
359856,Male,31,1,28.0,0,1-2 Year,Yes,63625.0,60.0,37,0
322260,Female,23,1,37.0,0,< 1 Year,Yes,32765.0,152.0,223,0
129430,Male,27,1,17.0,1,< 1 Year,No,31005.0,152.0,256,0
22299,Female,71,1,32.0,1,1-2 Year,No,2630.0,26.0,288,0
185312,Female,59,1,28.0,1,1-2 Year,No,37862.0,26.0,64,0
125290,Male,24,1,36.0,1,< 1 Year,No,37663.0,152.0,59,0
301477,Female,26,1,8.0,1,< 1 Year,No,57672.0,152.0,187,0
28581,Male,25,1,15.0,0,< 1 Year,Yes,34334.0,152.0,274,0
4265,Male,44,1,28.0,0,1-2 Year,Yes,50521.0,139.0,168,0
175462,Male,79,1,28.0,0,1-2 Year,Yes,33335.0,26.0,136,0
340206,Female,30,1,21.0,1,< 1 Year,No,25264.0,152.0,267,0
293708,Female,47,1,46.0,0,1-2 Year,Yes,28186.0,124.0,120,0
236294,Male,43,1,19.0,1,1-2 Year,No,41031.0,124.0,45,0
289716,Male,30,1,50.0,0,1-2 Year,Yes,33625.0,154.0,167,0
179998,Male,45,1,24.0,0,1-2 Year,Yes,28690.0,150.0,15,0
126466,Male,24,1,28.0,1,< 1 Year,No,2630.0,152.0,157,0
377523,Male,24,1,21.0,1,< 1 Year,No,30595.0,152.0,108,0
28609,Female,75,1,15.0,0,1-2 Year,Yes,46254.0,14.0,264,0
363199,Male,44,1,28.0,1,1-2 Year,Yes,36830.0,124.0,167,0
86865,Male,32,1,33.0,0,< 1 Year,Yes,61507.0,124.0,81,0
207937,Female,69,1,28.0,0,> 2 Years,Yes,36936.0,26.0,122,0
310620,Female,38,1,30.0,0,1-2 Year,Yes,2630.0,124.0,32,0
231493,Female,45,1,28.0,0,1-2 Year,Yes,39466.0,55.0,64,0
80049,Female,49,1,28.0,0,1-2 Year,Yes,2630.0,26.0,252,0
337712,Male,65,1,41.0,0,> 2 Years,Yes,47508.0,124.0,110,0
279895,Male,45,1,50.0,0,1-2 Year,No,27245.0,150.0,210,0
371849,Male,30,1,9.0,1,1-2 Year,No,23999.0,26.0,216,0
192835,Male,21,1,37.0,0,< 1 Year,Yes,33502.0,160.0,124,0
139613,Male,24,1,28.0,1,1-2 Year,No,47999.0,157.0,180,0
128636,Female,21,1,12.0,0,< 1 Year,No,21236.0,152.0,51,0
244412,Male,23,1,3.0,1,< 1 Year,No,19704.0,160.0,28,0
197896,Female,65,1,0.0,0,> 2 Years,Yes,2630.0,26.0,151,0
7272,Female,27,1,28.0,1,< 1 Year,No,39187.0,152.0,250,0
286193,Male,51,1,28.0,0,1-2 Year,Yes,66215.0,26.0,277,0
155301,Male,33,1,36.0,1,< 1 Year,No,38390.0,152.0,259,0
346367,Female,20,1,36.0,0,< 1 Year,Yes,41176.0,160.0,243,0
87635,Male,56,1,28.0,0,1-2 Year,Yes,30292.0,26.0,65,0
170074,Male,74,1,0.0,0,1-2 Year,Yes,2630.0,26.0,179,0
136081,Male,42,1,35.0,1,1-2 Year,No,24190.0,124.0,73,0
183201,Male,20,1,34.0,1,< 1 Year,No,2630.0,160.0,167,0
80497,Female,23,1,29.0,1,< 1 Year,No,29418.0,152.0,117,0
312528,Female,25,1,8.0,1,< 1 Year,No,31243.0,160.0,277,0
183864,Male,54,1,50.0,0,1-2 Year,Yes,29559.0,8.0,183,0
256556,Female,25,1,18.0,0,< 1 Year,Yes,32391.0,152.0,202,0
18647,Male,25,1,28.0,0,< 1 Year,Yes,35506.0,152.0,169,0
188445,Female,52,1,28.0,0,> 2 Years,Yes,40952.0,26.0,170,0
285434,Female,64,1,28.0,1,1-2 Year,No,37560.0,25.0,68,0
202936,Female,24,1,3.0,0,< 1 Year,Yes,2630.0,152.0,228,0
246706,Male,27,1,11.0,1,< 1 Year,No,23992.0,152.0,47,0
311202,Female,39,1,28.0,0,1-2 Year,Yes,52259.0,24.0,179,0
206025,Male,56,1,10.0,0,1-2 Year,No,33893.0,26.0,216,0
243504,Male,47,1,29.0,1,1-2 Year,No,2630.0,135.0,105,0
187998,Male,20,1,28.0,0,< 1 Year,Yes,55490.0,160.0,261,0
209846,Female,23,1,8.0,0,< 1 Year,Yes,2630.0,160.0,135,0
116397,Female,22,1,15.0,0,< 1 Year,Yes,37608.0,152.0,42,0
77448,Female,42,1,41.0,0,1-2 Year,No,2630.0,124.0,18,0
303227,Female,29,1,4.0,0,1-2 Year,Yes,2630.0,156.0,107,0
149396,Male,42,1,46.0,0,1-2 Year,Yes,30027.0,124.0,284,0
28992,Male,29,1,46.0,0,< 1 Year,Yes,32705.0,124.0,168,0
187866,Female,26,1,35.0,1,< 1 Year,No,30173.0,152.0,206,0
130565,Female,23,1,21.0,1,< 1 Year,No,24548.0,152.0,160,0
196823,Male,51,1,28.0,0,1-2 Year,Yes,54154.0,26.0,272,0
293262,Male,35,1,46.0,0,1-2 Year,No,22241.0,154.0,267,0
260666,Male,24,1,14.0,1,< 1 Year,No,16288.0,152.0,236,0
14316,Female,23,1,13.0,1,< 1 Year,No,28760.0,152.0,166,0
110941,Male,27,1,8.0,1,< 1 Year,No,24417.0,152.0,52,0
175516,Male,28,1,36.0,1,< 1 Year,No,32630.0,152.0,185,0
329621,Male,46,1,28.0,0,> 2 Years,Yes,85447.0,154.0,257,0
44292,Female,45,1,8.0,0,1-2 Year,Yes,2630.0,124.0,33,0
275608,Male,69,1,18.0,0,1-2 Year,Yes,33206.0,26.0,133,0
270457,Female,48,1,28.0,1,1-2 Year,No,29009.0,26.0,298,0
250407,Male,27,1,11.0,1,< 1 Year,No,52803.0,152.0,146,0
167142,Female,61,1,8.0,0,1-2 Year,No,78606.0,26.0,43,0
145724,Female,40,1,47.0,1,1-2 Year,No,22684.0,29.0,63,0
343655,Female,25,1,46.0,1,< 1 Year,No,29618.0,152.0,90,0
277890,Male,54,1,24.0,0,> 2 Years,Yes,31847.0,26.0,124,0
71366,Female,26,1,3.0,1,< 1 Year,No,25952.0,152.0,74,0
66319,Male,60,1,46.0,0,1-2 Year,Yes,26097.0,11.0,225,0
47532,Female,25,1,11.0,1,< 1 Year,No,38980.0,152.0,262,0
346078,Female,27,1,13.0,1,< 1 Year,No,25717.0,151.0,84,0
130388,Female,28,1,37.0,0,< 1 Year,Yes,29219.0,152.0,116,0
202521,Male,21,1,16.0,0,< 1 Year,No,16902.0,152.0,135,0
295904,Male,25,1,16.0,0,< 1 Year,Yes,24391.0,152.0,129,0
322433,Male,21,1,8.0,0,< 1 Year,No,53680.0,160.0,200,0
207772,Female,31,1,46.0,1,< 1 Year,No,21825.0,152.0,241,0
178226,Male,54,1,8.0,0,1-2 Year,Yes,42391.0,26.0,48,0
111444,Female,27,1,8.0,1,< 1 Year,No,59246.0,152.0,262,0
34460,Male,24,1,33.0,1,< 1 Year,No,30474.0,152.0,291,0
318855,Male,26,1,11.0,1,< 1 Year,No,32588.0,152.0,272,0
227537,Female,22,1,33.0,1,< 1 Year,No,23915.0,152.0,33,0
292432,Female,29,1,8.0,1,< 1 Year,No,48059.0,152.0,290,0
29963,Male,22,1,46.0,1,< 1 Year,No,31322.0,152.0,73,0
340567,Female,23,1,38.0,1,< 1 Year,No,41079.0,152.0,205,0
328612,Female,34,1,8.0,0,1-2 Year,Yes,51242.0,152.0,95,0
143822,Male,50,1,28.0,0,1-2 Year,Yes,37109.0,26.0,93,0
124358,Female,34,1,10.0,1,1-2 Year,No,24230.0,152.0,144,0
345526,Female,24,1,8.0,1,< 1 Year,No,47247.0,152.0,246,0
250572,Male,44,1,41.0,0,1-2 Year,No,21466.0,12.0,74,0
282379,Female,28,1,23.0,1,< 1 Year,No,18733.0,151.0,177,0
326133,Male,20,1,46.0,0,< 1 Year,Yes,19105.0,160.0,214,0
181186,Male,23,1,29.0,1,< 1 Year,No,25260.0,152.0,11,0
366701,Female,61,1,8.0,0,> 2 Years,Yes,49243.0,7.0,235,0
342553,Female,65,1,28.0,0,1-2 Year,Yes,58870.0,124.0,131,0
170533,Male,64,1,28.0,0,> 2 Years,Yes,46259.0,26.0,187,0
13878,Male,25,1,33.0,1,< 1 Year,No,24311.0,152.0,139,0
323097,Female,24,1,10.0,1,< 1 Year,No,27848.0,152.0,195,0
168978,Female,36,1,36.0,0,1-2 Year,Yes,31355.0,157.0,262,0
327473,Male,44,1,28.0,1,1-2 Year,No,2630.0,124.0,74,0
199409,Female,31,1,8.0,0,< 1 Year,Yes,28796.0,152.0,76,0
274296,Male,27,1,15.0,0,< 1 Year,Yes,2630.0,152.0,277,0
2098,Female,23,1,13.0,0,< 1 Year,No,32864.0,152.0,284,0
316539,Female,53,1,28.0,0,1-2 Year,Yes,42146.0,122.0,88,0
141669,Male,39,1,18.0,0,1-2 Year,Yes,24328.0,29.0,10,0
136638,Male,23,1,33.0,1,< 1 Year,No,34818.0,152.0,297,0
189859,Female,25,1,11.0,1,< 1 Year,No,18046.0,152.0,10,0
19657,Male,41,1,24.0,0,1-2 Year,Yes,2630.0,124.0,64,0
126194,Female,27,1,8.0,1,< 1 Year,No,38439.0,160.0,209,0
20905,Male,48,1,18.0,0,1-2 Year,Yes,37807.0,26.0,175,0
232618,Male,28,1,28.0,0,1-2 Year,Yes,38614.0,124.0,176,0
207353,Female,72,1,30.0,0,1-2 Year,Yes,30940.0,26.0,82,0
150449,Female,28,1,41.0,1,< 1 Year,No,27844.0,152.0,206,0
120829,Male,47,1,28.0,0,1-2 Year,Yes,57968.0,124.0,131,0
199991,Female,22,1,44.0,0,< 1 Year,Yes,2630.0,160.0,36,0
266748,Female,83,1,28.0,1,1-2 Year,No,44113.0,124.0,258,0
374342,Female,24,1,9.0,1,< 1 Year,No,2630.0,152.0,244,0
150416,Male,71,1,28.0,1,1-2 Year,Yes,48840.0,26.0,188,0
76673,Male,44,1,3.0,1,1-2 Year,No,27904.0,124.0,36,0
132706,Male,55,1,18.0,0,1-2 Year,Yes,35377.0,26.0,235,0
379207,Male,28,1,30.0,1,< 1 Year,No,25565.0,152.0,64,0
121855,Female,24,1,28.0,1,< 1 Year,No,30704.0,152.0,150,0
357951,Male,24,1,13.0,1,< 1 Year,No,19440.0,152.0,161,0
121666,Female,25,1,43.0,0,< 1 Year,No,2630.0,152.0,185,0
174935,Male,29,1,3.0,0,1-2 Year,Yes,2630.0,124.0,186,0
111129,Female,25,1,14.0,1,< 1 Year,No,21471.0,152.0,33,0
370597,Female,23,1,11.0,0,< 1 Year,Yes,25346.0,152.0,233,0
346632,Male,61,1,18.0,1,1-2 Year,Yes,2630.0,157.0,125,0
257370,Male,75,1,39.0,1,1-2 Year,No,40261.0,26.0,290,0
242723,Male,52,1,28.0,0,1-2 Year,Yes,40403.0,124.0,213,0
104763,Male,76,1,28.0,1,1-2 Year,No,24417.0,124.0,173,0
78537,Male,43,1,48.0,0,1-2 Year,Yes,2630.0,124.0,241,0
210582,Male,24,1,28.0,0,< 1 Year,Yes,90123.0,26.0,292,0
90580,Male,38,1,28.0,1,1-2 Year,No,31242.0,125.0,287,0
165906,Male,25,1,43.0,0,< 1 Year,Yes,22563.0,160.0,267,0
144423,Female,30,1,28.0,0,< 1 Year,Yes,2630.0,156.0,129,0
110343,Female,32,1,28.0,1,< 1 Year,No,40606.0,152.0,148,0
311249,Male,29,1,18.0,0,< 1 Year,Yes,29307.0,152.0,91,0
233975,Male,59,1,12.0,1,1-2 Year,No,27299.0,26.0,138,0
230649,Male,26,1,17.0,1,< 1 Year,No,29431.0,152.0,216,0
32181,Female,79,1,48.0,0,1-2 Year,Yes,2630.0,26.0,111,0
130601,Male,56,1,24.0,1,1-2 Year,No,35837.0,124.0,175,0
334189,Male,49,1,41.0,1,1-2 Year,No,32307.0,109.0,142,0
355891,Female,20,1,35.0,0,< 1 Year,Yes,2630.0,157.0,170,0
318850,Female,33,1,37.0,1,1-2 Year,No,35357.0,128.0,134,0
290732,Female,69,0,35.0,1,1-2 Year,No,28731.0,26.0,143,0
80730,Female,27,1,7.0,0,< 1 Year,No,35994.0,152.0,115,0
280857,Male,21,1,37.0,0,< 1 Year,No,45391.0,152.0,173,0
301891,Male,27,1,14.0,1,< 1 Year,No,24868.0,152.0,145,0
300563,Male,24,1,6.0,1,< 1 Year,No,19420.0,152.0,256,0
346361,Male,61,1,0.0,0,1-2 Year,Yes,2630.0,122.0,114,0
364010,Female,21,1,9.0,1,< 1 Year,No,2630.0,160.0,157,0
28780,Female,29,1,33.0,1,< 1 Year,No,32974.0,152.0,227,0
72858,Male,33,1,6.0,1,< 1 Year,No,20483.0,152.0,207,0
115726,Female,24,1,8.0,1,< 1 Year,No,22622.0,160.0,24,0
106099,Male,27,1,28.0,1,< 1 Year,No,69879.0,152.0,41,0
100828,Male,53,1,36.0,0,1-2 Year,No,54203.0,26.0,76,0
181389,Male,33,1,2.0,0,1-2 Year,Yes,20849.0,124.0,155,0
281185,Female,24,1,6.0,1,< 1 Year,No,15998.0,152.0,191,0
94777,Female,26,1,29.0,1,< 1 Year,No,45635.0,152.0,243,0
170960,Male,63,1,28.0,0,> 2 Years,Yes,35525.0,26.0,293,0
363083,Male,55,1,46.0,0,1-2 Year,Yes,2630.0,155.0,216,0
249719,Male,40,1,30.0,0,1-2 Year,Yes,2630.0,156.0,120,0
292545,Male,70,1,28.0,0,1-2 Year,Yes,33693.0,122.0,62,0
366956,Female,37,1,43.0,0,1-2 Year,Yes,50314.0,157.0,41,0
86731,Male,30,1,12.0,1,< 1 Year,No,26763.0,152.0,23,0
30482,Female,25,1,11.0,1,< 1 Year,No,35679.0,152.0,136,0
290880,Male,36,1,28.0,0,1-2 Year,Yes,36691.0,124.0,143,0
210514,Male,23,1,15.0,1,< 1 Year,No,27143.0,152.0,50,0
70155,Male,63,1,8.0,0,1-2 Year,Yes,2630.0,26.0,270,0
112765,Male,39,1,45.0,1,1-2 Year,No,22416.0,107.0,252,0
9938,Male,22,1,41.0,0,< 1 Year,No,47034.0,152.0,277,0
234971,Male,60,1,28.0,1,1-2 Year,No,39013.0,124.0,166,0
282471,Male,26,1,8.0,1,< 1 Year,No,37484.0,152.0,235,0
282061,Male,23,1,15.0,1,< 1 Year,No,29158.0,152.0,49,0
8032,Male,22,1,15.0,0,< 1 Year,Yes,34814.0,152.0,270,0
202315,Male,42,1,28.0,0,> 2 Years,Yes,50589.0,26.0,110,0
45950,Female,23,1,7.0,1,< 1 Year,No,31169.0,152.0,14,0
42775,Male,48,1,39.0,0,1-2 Year,Yes,39839.0,26.0,14,0
126946,Female,60,1,48.0,1,1-2 Year,No,2630.0,124.0,44,0
261824,Male,21,1,36.0,0,< 1 Year,Yes,2630.0,159.0,152,0
101239,Female,25,1,28.0,0,< 1 Year,No,34424.0,152.0,59,0
348311,Female,27,1,30.0,1,< 1 Year,No,34895.0,152.0,163,0
208178,Male,24,1,14.0,1,< 1 Year,No,29703.0,152.0,35,0
292985,Male,46,1,28.0,0,1-2 Year,Yes,31054.0,26.0,20,0
351497,Female,46,1,50.0,1,1-2 Year,No,23285.0,124.0,288,0
295219,Female,20,1,3.0,0,< 1 Year,Yes,30212.0,160.0,53,0
208149,Female,68,1,45.0,1,1-2 Year,No,27450.0,124.0,162,0
352455,Female,24,1,24.0,0,< 1 Year,Yes,19416.0,152.0,184,0
3652,Male,63,1,28.0,0,> 2 Years,Yes,59269.0,124.0,292,0
107581,Female,43,1,48.0,1,1-2 Year,No,2630.0,15.0,68,0
373264,Female,37,1,14.0,1,1-2 Year,No,21253.0,152.0,183,0
129447,Male,61,1,28.0,0,1-2 Year,Yes,46772.0,122.0,162,0
139557,Male,27,1,3.0,1,< 1 Year,No,41633.0,152.0,75,0
96985,Male,23,1,6.0,0,< 1 Year,Yes,50464.0,152.0,204,0
293942,Female,65,1,8.0,0,> 2 Years,Yes,39029.0,155.0,183,0
156711,Male,76,1,28.0,1,1-2 Year,No,45169.0,26.0,263,0
268683,Female,50,1,48.0,1,1-2 Year,No,2630.0,26.0,39,0
144050,Female,26,1,28.0,1,< 1 Year,No,31869.0,151.0,250,0
159649,Male,53,1,8.0,1,1-2 Year,No,36478.0,124.0,171,0
304819,Female,22,1,8.0,1,< 1 Year,No,41198.0,152.0,282,0
70491,Female,21,1,11.0,1,< 1 Year,No,30513.0,152.0,222,0
231402,Male,38,1,28.0,1,1-2 Year,No,68637.0,26.0,282,0
246105,Female,29,1,15.0,0,< 1 Year,Yes,30018.0,152.0,266,0
336261,Male,25,1,41.0,1,< 1 Year,No,36705.0,152.0,170,0
76097,Male,69,1,28.0,0,1-2 Year,Yes,40125.0,26.0,267,0
299016,Female,23,1,50.0,1,< 1 Year,No,27304.0,152.0,141,0
163438,Female,38,1,29.0,0,1-2 Year,Yes,31056.0,26.0,224,0
328543,Male,28,1,41.0,1,< 1 Year,No,32920.0,152.0,297,0
22256,Female,24,1,50.0,1,< 1 Year,No,48532.0,152.0,96,0
286271,Male,23,1,15.0,0,< 1 Year,No,38174.0,152.0,20,0
370302,Female,29,1,3.0,0,< 1 Year,Yes,27227.0,152.0,199,0
52623,Female,40,1,45.0,0,1-2 Year,Yes,2630.0,154.0,125,0
103642,Male,43,1,15.0,0,1-2 Year,Yes,2630.0,154.0,193,0
364604,Male,44,1,28.0,0,1-2 Year,Yes,33572.0,124.0,259,0
111764,Female,23,1,4.0,1,< 1 Year,No,34177.0,152.0,192,0
47253,Male,51,1,48.0,0,1-2 Year,Yes,2630.0,124.0,41,0
152598,Male,56,1,28.0,1,1-2 Year,No,53235.0,122.0,51,0
315447,Male,26,1,41.0,1,< 1 Year,No,28894.0,152.0,50,0
213724,Male,25,1,8.0,1,< 1 Year,No,40074.0,152.0,188,0
280571,Male,44,1,35.0,0,1-2 Year,Yes,21763.0,124.0,156,0
97782,Male,50,1,15.0,0,> 2 Years,Yes,29434.0,26.0,74,0
170308,Male,44,1,28.0,0,1-2 Year,Yes,45701.0,125.0,288,0
83676,Female,73,1,26.0,1,1-2 Year,No,32174.0,124.0,180,0
305919,Male,25,1,15.0,1,< 1 Year,No,30842.0,152.0,20,0
176959,Female,55,1,47.0,0,1-2 Year,Yes,37008.0,26.0,282,0
143160,Female,32,1,15.0,0,1-2 Year,Yes,35289.0,154.0,116,0
119519,Male,41,1,41.0,1,1-2 Year,No,2630.0,156.0,160,0
312611,Male,27,1,14.0,1,< 1 Year,No,28288.0,152.0,199,0
263733,Female,44,1,8.0,1,1-2 Year,No,37127.0,124.0,90,0
134953,Male,70,1,28.0,0,1-2 Year,Yes,2630.0,124.0,38,0
368080,Male,28,1,28.0,1,< 1 Year,No,57493.0,152.0,237,0
123016,Male,23,1,16.0,1,< 1 Year,No,28210.0,152.0,269,0
116681,Female,67,1,46.0,1,1-2 Year,Yes,35343.0,26.0,51,0
50949,Female,28,1,6.0,1,< 1 Year,No,24513.0,152.0,87,0
73204,Female,25,1,28.0,1,< 1 Year,No,55492.0,152.0,201,0
373452,Female,24,1,8.0,1,< 1 Year,No,33397.0,152.0,292,0
313811,Male,48,1,8.0,0,> 2 Years,Yes,40662.0,7.0,239,0
44982,Male,66,1,11.0,1,1-2 Year,No,2630.0,26.0,188,0
109048,Male,23,1,28.0,0,< 1 Year,No,37321.0,152.0,188,0
297803,Female,80,1,28.0,1,1-2 Year,No,40259.0,125.0,178,0
365216,Male,21,1,8.0,0,< 1 Year,Yes,49232.0,160.0,189,0
82524,Male,53,1,8.0,0,1-2 Year,Yes,32255.0,26.0,241,0
178420,Male,44,1,8.0,0,1-2 Year,Yes,36385.0,124.0,173,0
165636,Male,38,1,41.0,0,> 2 Years,Yes,2630.0,157.0,180,0
239011,Male,72,1,28.0,0,1-2 Year,Yes,64218.0,26.0,52,0
178868,Male,61,1,8.0,0,1-2 Year,Yes,36892.0,7.0,207,0
376678,Male,23,1,11.0,1,< 1 Year,No,27825.0,152.0,193,0
120047,Female,24,1,15.0,0,< 1 Year,Yes,35052.0,152.0,33,0
221104,Female,62,1,14.0,1,1-2 Year,No,34544.0,152.0,80,0
302979,Female,25,1,46.0,1,< 1 Year,No,25140.0,152.0,132,0
279041,Female,24,1,46.0,1,< 1 Year,No,2630.0,152.0,134,0
156300,Male,24,1,39.0,0,< 1 Year,No,40233.0,157.0,45,0
282302,Male,25,1,8.0,1,< 1 Year,No,33425.0,152.0,38,0
63758,Female,25,1,30.0,1,< 1 Year,No,19745.0,152.0,269,0
354551,Female,22,1,8.0,0,< 1 Year,Yes,35067.0,151.0,180,0
257382,Male,53,1,8.0,0,1-2 Year,Yes,31365.0,124.0,189,0
264939,Female,25,1,28.0,1,< 1 Year,No,76543.0,152.0,237,0
359033,Female,27,1,33.0,0,< 1 Year,Yes,2630.0,124.0,133,0
361617,Male,42,1,13.0,0,1-2 Year,Yes,2630.0,163.0,291,0
170649,Male,23,1,36.0,0,< 1 Year,No,37879.0,152.0,296,0
62127,Female,37,1,13.0,0,1-2 Year,Yes,25555.0,157.0,167,0
227063,Male,24,1,11.0,1,< 1 Year,No,27734.0,152.0,61,0
158879,Male,47,1,46.0,0,> 2 Years,Yes,33461.0,26.0,281,0
125644,Male,34,1,28.0,0,1-2 Year,Yes,2630.0,157.0,152,0
327130,Female,21,1,9.0,0,< 1 Year,Yes,29421.0,152.0,283,0
316358,Female,26,1,30.0,1,< 1 Year,No,29425.0,152.0,279,0
265901,Female,27,1,35.0,1,< 1 Year,No,26050.0,152.0,201,0
51646,Male,61,1,30.0,1,1-2 Year,No,2630.0,124.0,156,0
26500,Male,29,1,28.0,0,< 1 Year,Yes,37489.0,152.0,140,0
159321,Female,30,1,50.0,0,< 1 Year,Yes,2630.0,11.0,32,0
370511,Male,24,1,47.0,1,< 1 Year,No,28435.0,152.0,138,0
116415,Male,51,1,28.0,0,1-2 Year,Yes,43712.0,26.0,155,0
231866,Female,24,1,36.0,1,< 1 Year,No,33546.0,152.0,46,0
314886,Female,23,1,50.0,1,< 1 Year,No,36633.0,152.0,125,0
371795,Female,26,1,28.0,0,< 1 Year,Yes,2630.0,156.0,239,0
109278,Male,67,1,41.0,1,1-2 Year,No,44493.0,12.0,76,0
50920,Male,41,1,28.0,0,1-2 Year,No,24841.0,124.0,218,0
366733,Male,23,1,27.0,1,< 1 Year,No,20514.0,152.0,231,0
244793,Male,73,1,28.0,0,1-2 Year,Yes,30420.0,122.0,167,0
253915,Male,24,1,18.0,1,< 1 Year,No,32194.0,152.0,241,0
193608,Male,25,1,7.0,1,< 1 Year,No,2630.0,152.0,258,0
105360,Male,20,1,32.0,0,< 1 Year,Yes,35710.0,160.0,218,0
201442,Female,41,1,29.0,1,1-2 Year,No,2630.0,154.0,174,0
327891,Male,54,1,28.0,0,1-2 Year,Yes,41196.0,13.0,23,0
349473,Male,22,1,8.0,1,< 1 Year,No,51263.0,152.0,272,0
257089,Male,53,1,23.0,0,1-2 Year,Yes,34867.0,26.0,113,0
159671,Female,49,1,2.0,0,1-2 Year,No,2630.0,160.0,199,0
311884,Female,41,1,28.0,1,1-2 Year,No,2630.0,55.0,69,0
3450,Male,25,1,46.0,1,< 1 Year,No,30466.0,152.0,286,0
223535,Female,69,1,28.0,0,1-2 Year,Yes,36157.0,122.0,148,0
268485,Male,32,1,28.0,0,1-2 Year,Yes,24179.0,163.0,213,0
314140,Female,41,1,28.0,0,1-2 Year,Yes,32870.0,26.0,45,0
50524,Female,25,1,10.0,0,< 1 Year,Yes,2630.0,152.0,65,0
368427,Male,47,1,14.0,0,1-2 Year,Yes,2630.0,124.0,44,0
309231,Female,79,1,50.0,0,1-2 Year,No,2630.0,124.0,91,0
266874,Male,22,1,50.0,0,< 1 Year,Yes,2630.0,124.0,285,0
354848,Female,71,1,8.0,0,1-2 Year,Yes,56842.0,26.0,171,0
171703,Male,68,1,6.0,1,1-2 Year,No,29638.0,26.0,287,0
39252,Male,24,1,46.0,0,< 1 Year,No,29730.0,152.0,231,0
30082,Male,24,1,39.0,1,< 1 Year,No,39135.0,152.0,96,0
178822,Female,30,1,45.0,1,< 1 Year,No,2630.0,152.0,204,0
4813,Male,22,1,14.0,1,< 1 Year,No,30457.0,152.0,163,0
47897,Female,25,1,8.0,0,< 1 Year,Yes,40191.0,152.0,185,0
355376,Female,23,1,37.0,0,< 1 Year,No,29944.0,152.0,189,0
369401,Female,23,1,15.0,1,< 1 Year,No,27785.0,152.0,18,0
305539,Male,24,1,14.0,1,< 1 Year,No,27911.0,152.0,216,0
290833,Male,33,1,28.0,0,< 1 Year,Yes,51631.0,124.0,22,0
324039,Female,24,1,2.0,1,< 1 Year,No,28775.0,152.0,166,0
364403,Male,47,1,14.0,1,1-2 Year,No,2630.0,26.0,102,0
149594,Female,43,1,28.0,0,1-2 Year,Yes,33554.0,26.0,20,0
309131,Female,23,1,37.0,1,< 1 Year,No,22189.0,152.0,124,0
162009,Male,25,1,25.0,1,< 1 Year,No,50565.0,152.0,30,0
235491,Male,24,1,28.0,0,1-2 Year,Yes,33554.0,124.0,282,0
68004,Male,73,1,8.0,0,1-2 Year,Yes,2630.0,26.0,105,0
362829,Male,21,1,8.0,1,< 1 Year,No,31663.0,160.0,110,0
347681,Male,41,1,28.0,0,1-2 Year,Yes,33817.0,25.0,25,0
3394,Female,40,1,29.0,0,1-2 Year,Yes,2630.0,156.0,228,0
379902,Female,27,1,12.0,0,< 1 Year,Yes,36007.0,152.0,237,0
128204,Male,70,1,28.0,0,1-2 Year,Yes,36512.0,154.0,38,0
91337,Female,37,1,30.0,1,1-2 Year,No,31814.0,152.0,145,0
168089,Male,25,1,28.0,1,< 1 Year,No,19366.0,152.0,248,0
74821,Male,58,1,38.0,0,1-2 Year,Yes,26588.0,124.0,148,0
312586,Male,21,1,2.0,0,< 1 Year,No,32247.0,152.0,159,0
260257,Male,57,1,28.0,0,1-2 Year,Yes,79001.0,3.0,39,0
63797,Male,58,1,28.0,1,1-2 Year,No,35810.0,26.0,85,0
279410,Female,44,1,46.0,1,1-2 Year,Yes,22313.0,11.0,42,0
266617,Female,55,1,28.0,0,1-2 Year,Yes,2630.0,26.0,67,0
222967,Female,21,1,24.0,1,< 1 Year,Yes,34838.0,152.0,128,0
146404,Male,51,1,3.0,0,1-2 Year,Yes,25741.0,124.0,183,0
222489,Male,23,1,2.0,0,< 1 Year,Yes,33770.0,124.0,112,0
224565,Male,70,1,31.0,0,1-2 Year,Yes,2630.0,9.0,88,0
280418,Female,40,1,35.0,0,1-2 Year,Yes,24675.0,124.0,127,0
173379,Female,42,1,20.0,0,1-2 Year,No,2630.0,124.0,267,0
326768,Female,69,1,38.0,0,1-2 Year,Yes,26247.0,29.0,112,0
52040,Female,21,1,36.0,0,< 1 Year,Yes,37977.0,152.0,41,0
33297,Female,25,1,41.0,1,< 1 Year,No,27201.0,152.0,10,0
6114,Male,54,1,28.0,0,1-2 Year,Yes,2630.0,158.0,36,0
81737,Female,73,1,29.0,0,1-2 Year,Yes,2630.0,156.0,245,0
13506,Male,68,1,28.0,0,> 2 Years,Yes,2630.0,157.0,268,0
158511,Female,24,1,15.0,1,< 1 Year,No,38037.0,152.0,265,0
9127,Male,64,1,28.0,1,1-2 Year,No,39136.0,26.0,125,0
116065,Male,40,1,8.0,1,1-2 Year,No,39066.0,124.0,81,0
256026,Male,23,1,6.0,1,< 1 Year,No,24715.0,152.0,41,0
266262,Female,30,1,15.0,1,< 1 Year,No,40719.0,152.0,283,0
355836,Male,42,1,8.0,0,1-2 Year,No,35976.0,124.0,292,0
337588,Male,34,1,36.0,1,1-2 Year,No,33186.0,152.0,27,0
11961,Male,49,1,48.0,0,1-2 Year,Yes,2630.0,15.0,145,0
203971,Female,27,1,8.0,1,< 1 Year,No,45292.0,152.0,268,0
99871,Male,27,1,17.0,0,< 1 Year,Yes,43535.0,26.0,243,0
137068,Female,31,1,47.0,0,< 1 Year,Yes,35565.0,152.0,251,0
160292,Male,24,1,8.0,0,< 1 Year,Yes,59347.0,152.0,255,0
168070,Male,22,1,28.0,1,< 1 Year,No,2630.0,152.0,263,0
313245,Female,35,1,46.0,1,1-2 Year,No,2630.0,160.0,86,0
189239,Female,21,1,32.0,1,< 1 Year,No,2630.0,152.0,112,0
84755,Male,29,1,29.0,1,1-2 Year,No,2630.0,124.0,197,0
79048,Female,60,1,30.0,0,1-2 Year,Yes,24713.0,124.0,203,0
224454,Male,25,1,29.0,1,< 1 Year,No,38644.0,152.0,284,0
257346,Male,41,1,19.0,0,1-2 Year,No,27755.0,61.0,105,0
254789,Male,40,1,7.0,1,1-2 Year,No,22384.0,122.0,30,0
253260,Male,21,1,36.0,1,< 1 Year,No,46016.0,160.0,83,0
9994,Female,23,1,6.0,1,< 1 Year,No,25462.0,152.0,42,0
228855,Male,38,1,16.0,0,1-2 Year,Yes,2630.0,156.0,87,0
326184,Male,48,1,15.0,0,1-2 Year,Yes,48684.0,26.0,269,0
40618,Male,54,1,28.0,1,1-2 Year,No,52319.0,124.0,137,0
33050,Male,30,1,21.0,1,1-2 Year,No,40972.0,124.0,291,0
198035,Female,48,1,8.0,0,1-2 Year,No,2630.0,26.0,37,0
141985,Male,25,1,28.0,1,< 1 Year,Yes,44338.0,152.0,52,0
117950,Male,51,1,18.0,1,1-2 Year,Yes,33973.0,124.0,100,0
178306,Male,41,1,28.0,0,1-2 Year,Yes,38634.0,124.0,164,0
93474,Male,34,1,38.0,1,1-2 Year,Yes,2630.0,156.0,280,0
42423,Male,48,1,46.0,1,1-2 Year,No,27057.0,124.0,84,0
66116,Male,30,1,18.0,0,1-2 Year,Yes,28992.0,131.0,19,0
218374,Female,21,1,46.0,0,< 1 Year,Yes,49438.0,160.0,16,0
117931,Male,22,1,8.0,1,< 1 Year,No,43255.0,152.0,68,0
92905,Male,46,1,41.0,1,1-2 Year,No,30010.0,26.0,129,0
73761,Male,23,1,28.0,0,< 1 Year,Yes,2630.0,26.0,100,0
38774,Male,44,1,28.0,0,1-2 Year,Yes,45809.0,124.0,52,0
97638,Female,35,1,15.0,0,1-2 Year,Yes,2630.0,160.0,185,0
253617,Female,65,1,28.0,0,1-2 Year,Yes,38834.0,26.0,231,0
191010,Female,28,1,28.0,0,1-2 Year,Yes,44395.0,24.0,289,0
28108,Male,56,1,28.0,0,1-2 Year,Yes,54522.0,26.0,231,0
163086,Male,36,1,11.0,0,1-2 Year,No,40315.0,156.0,64,0
270425,Male,51,1,28.0,1,1-2 Year,No,45376.0,124.0,109,0
109430,Female,44,1,50.0,1,1-2 Year,No,25281.0,124.0,58,0
120365,Male,47,1,33.0,1,1-2 Year,No,30302.0,26.0,268,0
331564,Male,64,1,11.0,0,1-2 Year,Yes,35076.0,124.0,29,0
114700,Female,73,1,41.0,0,1-2 Year,Yes,52493.0,136.0,62,0
14179,Female,27,1,28.0,0,1-2 Year,Yes,2630.0,156.0,32,0
302871,Male,40,1,28.0,0,1-2 Year,Yes,36142.0,124.0,285,0
164297,Male,47,1,28.0,0,1-2 Year,Yes,2630.0,124.0,231,0
6914,Female,24,1,8.0,1,< 1 Year,No,64676.0,152.0,261,0
56976,Male,25,1,28.0,1,< 1 Year,No,40044.0,152.0,34,0
173440,Male,48,1,36.0,1,1-2 Year,No,31945.0,124.0,237,0
330577,Female,64,1,28.0,0,1-2 Year,No,39797.0,26.0,200,0
141087,Female,47,1,28.0,0,1-2 Year,No,33932.0,60.0,110,0
84304,Female,25,1,3.0,1,< 1 Year,No,27996.0,152.0,211,0
173895,Male,61,1,11.0,1,1-2 Year,No,25443.0,155.0,110,0
205387,Male,37,1,28.0,1,1-2 Year,No,2630.0,124.0,191,0
368097,Male,22,1,29.0,1,< 1 Year,No,43988.0,152.0,35,0
27514,Female,53,1,20.0,0,1-2 Year,Yes,2630.0,124.0,247,0
69810,Female,32,1,16.0,1,< 1 Year,No,2630.0,152.0,121,0
208468,Female,23,1,30.0,0,< 1 Year,Yes,26706.0,152.0,291,0
19876,Male,22,1,6.0,0,< 1 Year,No,19436.0,152.0,199,0
329497,Male,48,1,39.0,0,> 2 Years,Yes,2630.0,124.0,128,0
5910,Female,25,1,41.0,1,< 1 Year,No,45047.0,152.0,134,0
132192,Male,31,1,47.0,1,< 1 Year,No,45067.0,152.0,255,0
299240,Male,37,1,3.0,0,1-2 Year,Yes,2630.0,160.0,35,0
3247,Male,29,1,46.0,1,< 1 Year,No,34219.0,152.0,60,0
90934,Male,21,1,33.0,1,< 1 Year,No,35878.0,152.0,42,0
302414,Female,45,1,47.0,0,1-2 Year,Yes,38755.0,124.0,142,0
82087,Female,28,1,18.0,1,< 1 Year,No,40765.0,152.0,185,0
21522,Female,22,1,15.0,1,< 1 Year,No,26728.0,152.0,273,0
79187,Female,54,1,39.0,0,1-2 Year,Yes,44242.0,124.0,124,0
169051,Male,57,1,8.0,0,1-2 Year,Yes,31485.0,26.0,117,0
304088,Male,22,1,8.0,1,< 1 Year,No,43531.0,152.0,204,0
226260,Male,47,1,3.0,0,1-2 Year,No,26706.0,124.0,138,0
361178,Female,24,1,6.0,1,< 1 Year,No,22881.0,152.0,225,0
320244,Male,21,1,36.0,0,< 1 Year,Yes,40964.0,160.0,279,0
90535,Male,45,1,28.0,1,1-2 Year,No,34529.0,26.0,15,0
243520,Male,59,1,3.0,0,1-2 Year,No,21455.0,152.0,227,0
317029,Female,25,1,28.0,1,< 1 Year,No,44689.0,152.0,240,0
337852,Female,22,1,8.0,1,< 1 Year,No,49289.0,152.0,152,0
294567,Female,21,1,50.0,0,< 1 Year,Yes,37518.0,152.0,216,0
362484,Female,28,1,11.0,1,< 1 Year,No,45655.0,152.0,80,0
314824,Male,46,1,8.0,0,1-2 Year,Yes,39019.0,124.0,120,0
375096,Female,25,1,36.0,1,< 1 Year,No,2630.0,160.0,203,0
5059,Female,43,1,28.0,0,1-2 Year,Yes,26315.0,124.0,193,0
273310,Female,33,1,28.0,0,1-2 Year,Yes,2630.0,122.0,170,0
313052,Female,24,1,3.0,1,< 1 Year,No,2630.0,152.0,30,0
313668,Female,31,1,8.0,1,< 1 Year,No,30787.0,152.0,226,0
190235,Female,20,1,46.0,0,< 1 Year,No,2630.0,160.0,61,0
71739,Male,27,1,8.0,1,< 1 Year,No,47314.0,152.0,34,0
365550,Male,59,1,28.0,0,1-2 Year,Yes,59145.0,26.0,210,0
284704,Male,38,1,28.0,0,1-2 Year,Yes,2630.0,156.0,200,0
317935,Female,26,1,29.0,1,< 1 Year,No,41283.0,152.0,258,0
365091,Male,79,1,28.0,1,1-2 Year,No,35948.0,26.0,55,0
245597,Male,54,1,33.0,0,1-2 Year,Yes,38402.0,29.0,60,0
145209,Male,30,1,33.0,1,1-2 Year,No,29179.0,26.0,256,0
246103,Male,37,1,18.0,0,1-2 Year,Yes,2630.0,26.0,59,0
209590,Female,27,1,33.0,1,< 1 Year,No,37408.0,152.0,116,0
329736,Male,31,1,28.0,1,< 1 Year,No,35955.0,152.0,99,0
374492,Female,22,1,2.0,1,< 1 Year,No,37068.0,152.0,81,0
217698,Male,39,1,4.0,0,1-2 Year,Yes,27214.0,156.0,273,0
332364,Male,48,1,28.0,0,> 2 Years,Yes,43167.0,124.0,201,0
347887,Female,22,1,8.0,0,< 1 Year,Yes,28404.0,152.0,64,0
364689,Male,29,1,50.0,1,< 1 Year,No,31238.0,152.0,209,0
322960,Female,43,1,46.0,0,1-2 Year,Yes,2630.0,26.0,283,0
31466,Female,49,1,14.0,0,1-2 Year,No,2630.0,26.0,16,0
267791,Female,44,1,33.0,0,1-2 Year,Yes,47213.0,26.0,69,0
313623,Male,34,1,28.0,0,1-2 Year,Yes,25256.0,155.0,105,0
322748,Female,25,1,3.0,1,< 1 Year,No,36020.0,152.0,37,0
231601,Female,71,1,28.0,0,1-2 Year,Yes,93951.0,124.0,45,0
122,Female,39,1,28.0,1,1-2 Year,No,37243.0,124.0,31,0
340883,Female,30,1,33.0,1,< 1 Year,No,30437.0,152.0,52,0
322948,Male,62,1,47.0,1,1-2 Year,No,46268.0,16.0,145,0
79220,Male,64,1,29.0,1,1-2 Year,Yes,40403.0,26.0,142,0
215429,Male,38,1,38.0,0,1-2 Year,Yes,23505.0,124.0,239,0
243864,Female,50,1,28.0,0,> 2 Years,Yes,48490.0,124.0,231,0
68646,Male,47,1,28.0,0,1-2 Year,Yes,45384.0,124.0,110,0
302792,Male,39,1,28.0,0,1-2 Year,Yes,31032.0,26.0,181,0
312059,Male,73,1,3.0,1,1-2 Year,No,2630.0,124.0,158,0
329583,Male,34,1,24.0,0,1-2 Year,Yes,2630.0,157.0,239,0
206215,Male,33,1,3.0,0,< 1 Year,No,37626.0,152.0,209,0
172444,Female,29,1,11.0,1,< 1 Year,No,16734.0,152.0,33,0
359648,Male,32,1,45.0,1,< 1 Year,No,35297.0,152.0,92,0
174763,Female,29,1,24.0,0,< 1 Year,Yes,24547.0,152.0,226,0
348569,Female,63,1,28.0,0,1-2 Year,Yes,35352.0,26.0,228,0
174289,Male,25,1,8.0,1,< 1 Year,No,68115.0,152.0,131,0
363955,Female,25,1,30.0,1,< 1 Year,No,26333.0,152.0,94,0
177994,Female,25,1,17.0,1,< 1 Year,No,2630.0,152.0,214,0
253121,Male,24,1,12.0,1,1-2 Year,No,41043.0,124.0,233,0
246275,Female,20,1,3.0,1,< 1 Year,No,19832.0,160.0,165,0
157004,Male,69,1,10.0,0,1-2 Year,Yes,23609.0,26.0,113,0
208793,Male,44,1,50.0,1,1-2 Year,No,30840.0,69.0,60,0
327876,Female,47,1,36.0,0,1-2 Year,Yes,28592.0,26.0,28,0
177691,Male,55,0,28.0,0,1-2 Year,Yes,67935.0,26.0,195,0
108788,Female,38,1,28.0,1,1-2 Year,No,81047.0,26.0,257,0
293898,Male,24,1,8.0,1,< 1 Year,No,35577.0,152.0,207,0
27678,Male,25,1,14.0,1,< 1 Year,No,59651.0,152.0,230,0
70977,Male,27,1,9.0,1,< 1 Year,No,26996.0,152.0,271,0
85038,Male,62,1,29.0,1,1-2 Year,No,41405.0,124.0,88,0
35140,Male,25,1,34.0,0,< 1 Year,No,25293.0,152.0,34,0
360860,Female,23,1,46.0,1,< 1 Year,No,28965.0,152.0,215,0
238309,Female,45,1,28.0,1,1-2 Year,No,31482.0,124.0,210,0
256344,Female,29,1,18.0,1,< 1 Year,No,29399.0,152.0,62,0
23701,Male,69,1,14.0,0,1-2 Year,Yes,38361.0,26.0,244,0
245582,Male,40,1,38.0,1,1-2 Year,No,26371.0,124.0,170,0
64633,Female,28,1,28.0,0,< 1 Year,Yes,42138.0,152.0,165,0
246055,Female,55,1,28.0,0,1-2 Year,Yes,2630.0,26.0,296,0
129242,Male,23,1,39.0,0,< 1 Year,Yes,36760.0,152.0,195,0
299480,Male,27,1,28.0,0,1-2 Year,Yes,2630.0,156.0,227,0
235003,Male,25,1,41.0,0,< 1 Year,Yes,20733.0,152.0,206,0
170848,Male,45,1,28.0,0,1-2 Year,Yes,47638.0,124.0,291,0
312914,Female,21,1,30.0,1,< 1 Year,No,23760.0,152.0,162,0
67491,Female,69,1,50.0,0,> 2 Years,Yes,2630.0,157.0,71,0
268525,Male,42,1,3.0,0,1-2 Year,Yes,2630.0,26.0,231,0
18965,Female,23,1,6.0,1,< 1 Year,No,22784.0,152.0,13,0
379187,Female,25,1,15.0,0,< 1 Year,Yes,25158.0,152.0,159,0
210161,Female,54,1,33.0,0,1-2 Year,Yes,39176.0,26.0,85,0
192560,Female,38,1,7.0,1,1-2 Year,No,38847.0,152.0,175,0
127072,Female,39,1,28.0,0,1-2 Year,Yes,2630.0,26.0,103,0
247283,Male,46,1,15.0,0,1-2 Year,Yes,39828.0,124.0,112,0
320339,Female,35,1,41.0,1,1-2 Year,No,22567.0,151.0,29,0
378286,Female,39,1,28.0,0,1-2 Year,Yes,25194.0,157.0,89,0
320664,Male,53,1,13.0,0,1-2 Year,Yes,40250.0,124.0,162,0
342454,Male,46,1,28.0,0,1-2 Year,Yes,28742.0,124.0,183,0
35448,Female,43,1,28.0,1,1-2 Year,No,37764.0,124.0,216,0
130009,Female,26,1,14.0,1,< 1 Year,No,2630.0,160.0,89,0
191938,Female,35,1,9.0,0,1-2 Year,Yes,41217.0,26.0,167,0
162081,Female,28,1,30.0,1,< 1 Year,No,26957.0,152.0,245,0
67367,Female,24,1,28.0,1,< 1 Year,No,23812.0,152.0,189,0
364388,Male,45,1,41.0,0,1-2 Year,Yes,37935.0,26.0,19,0
81880,Male,26,1,15.0,0,< 1 Year,Yes,2630.0,152.0,31,0
257945,Female,21,1,46.0,1,< 1 Year,No,45809.0,152.0,92,0
319127,Male,49,1,28.0,0,1-2 Year,Yes,40086.0,124.0,198,0
165689,Female,39,1,36.0,0,1-2 Year,Yes,30816.0,156.0,286,0
73835,Male,63,1,28.0,1,1-2 Year,No,60160.0,124.0,186,0
252613,Male,22,1,41.0,0,< 1 Year,Yes,36721.0,160.0,97,0
358062,Female,57,1,8.0,0,1-2 Year,Yes,48273.0,26.0,183,0
50797,Male,48,1,28.0,0,> 2 Years,Yes,39154.0,29.0,162,0
118808,Male,24,1,29.0,1,< 1 Year,No,48456.0,152.0,188,0
237079,Female,37,1,48.0,0,1-2 Year,Yes,2630.0,124.0,62,0
8121,Female,75,1,30.0,0,< 1 Year,No,2630.0,1.0,276,0
96118,Male,23,1,28.0,0,< 1 Year,Yes,66415.0,152.0,173,0
355792,Female,27,1,24.0,1,< 1 Year,No,25034.0,160.0,34,0
223229,Female,56,1,40.0,0,1-2 Year,Yes,31000.0,26.0,92,0
107578,Male,22,1,38.0,1,< 1 Year,No,37031.0,152.0,70,0
168502,Female,23,1,17.0,0,< 1 Year,No,2630.0,152.0,82,0
171107,Female,29,1,8.0,1,< 1 Year,No,31807.0,160.0,176,0
328177,Female,29,1,28.0,0,< 1 Year,Yes,37927.0,152.0,98,0
233774,Female,23,1,27.0,0,< 1 Year,Yes,29807.0,152.0,86,0
115872,Female,46,1,28.0,0,1-2 Year,Yes,31522.0,124.0,246,0
156491,Male,40,1,7.0,1,1-2 Year,No,52053.0,26.0,113,0
261528,Male,59,1,28.0,0,1-2 Year,Yes,29879.0,124.0,122,0
140831,Male,38,1,48.0,0,> 2 Years,Yes,2630.0,156.0,23,0
235286,Female,65,1,28.0,1,1-2 Year,No,40017.0,124.0,155,0
67912,Female,50,1,46.0,1,1-2 Year,No,31230.0,11.0,212,0
144484,Female,38,1,36.0,0,1-2 Year,Yes,38825.0,124.0,108,0
189692,Male,25,1,15.0,0,< 1 Year,Yes,38236.0,152.0,197,0
158435,Female,78,1,30.0,0,1-2 Year,Yes,2630.0,26.0,121,0
378022,Female,29,1,15.0,1,< 1 Year,No,28234.0,152.0,84,0
210422,Female,38,1,30.0,1,1-2 Year,No,29384.0,152.0,92,0
170270,Female,23,1,28.0,1,< 1 Year,No,37273.0,152.0,172,0
335925,Female,61,1,28.0,0,1-2 Year,Yes,40113.0,3.0,65,0
20416,Male,68,1,28.0,0,1-2 Year,Yes,2630.0,156.0,273,0
95898,Female,55,1,26.0,1,1-2 Year,No,30352.0,26.0,172,0
344828,Female,21,1,17.0,1,< 1 Year,No,36589.0,160.0,51,0
6684,Female,24,1,8.0,1,< 1 Year,No,42879.0,152.0,219,0
120823,Female,23,1,29.0,1,< 1 Year,No,32359.0,152.0,205,0
209898,Female,38,1,8.0,0,1-2 Year,Yes,30490.0,124.0,81,0
74228,Male,64,1,28.0,1,1-2 Year,No,48815.0,122.0,254,0
304522,Male,25,1,32.0,0,< 1 Year,Yes,24506.0,152.0,229,0
233279,Male,26,1,28.0,1,< 1 Year,Yes,42487.0,152.0,29,0
38759,Male,38,1,43.0,1,1-2 Year,No,34808.0,26.0,208,0
354993,Male,49,1,28.0,0,> 2 Years,Yes,46134.0,124.0,286,0
69909,Female,42,1,33.0,0,> 2 Years,Yes,36154.0,124.0,123,0
141495,Female,78,1,36.0,1,1-2 Year,No,2630.0,26.0,11,0
40612,Female,51,1,33.0,0,1-2 Year,No,2630.0,124.0,20,0
70107,Male,26,1,3.0,1,< 1 Year,No,25317.0,152.0,287,0
224991,Male,32,1,41.0,1,1-2 Year,No,36353.0,12.0,180,0
240752,Male,61,1,28.0,0,1-2 Year,Yes,2630.0,124.0,113,0
62541,Male,52,1,8.0,0,1-2 Year,No,32607.0,124.0,229,0
235358,Female,21,1,7.0,1,< 1 Year,No,54289.0,152.0,184,0
347608,Male,40,1,28.0,0,1-2 Year,Yes,46861.0,124.0,234,0
157986,Male,22,1,36.0,1,< 1 Year,No,37622.0,152.0,155,0
55690,Male,36,1,43.0,0,1-2 Year,Yes,34253.0,156.0,238,0
252425,Male,23,1,29.0,0,< 1 Year,Yes,36525.0,152.0,209,0
279806,Male,69,1,28.0,0,1-2 Year,Yes,24303.0,55.0,276,0
369778,Male,46,1,28.0,0,1-2 Year,Yes,23108.0,124.0,225,0
264442,Female,79,1,8.0,0,1-2 Year,Yes,47402.0,152.0,274,0
149993,Male,22,1,46.0,1,< 1 Year,No,23260.0,160.0,101,0
309104,Female,23,1,11.0,1,< 1 Year,No,37014.0,152.0,232,0
343337,Male,74,1,8.0,1,1-2 Year,No,48957.0,7.0,112,0
328417,Male,42,1,6.0,0,1-2 Year,Yes,29600.0,52.0,93,0
63316,Female,36,1,29.0,1,1-2 Year,No,29046.0,124.0,28,0
328487,Female,25,1,37.0,0,< 1 Year,Yes,24924.0,152.0,171,0
76112,Male,31,1,28.0,1,< 1 Year,No,46331.0,152.0,250,0
89463,Female,29,1,21.0,1,< 1 Year,No,37360.0,152.0,187,0
193715,Female,29,1,28.0,0,< 1 Year,No,2630.0,1.0,200,0
348374,Male,26,1,41.0,1,< 1 Year,No,39414.0,152.0,30,0
57765,Female,24,1,32.0,1,< 1 Year,No,31721.0,152.0,47,0
66325,Male,39,1,11.0,1,1-2 Year,No,2630.0,124.0,270,0
166181,Male,45,1,50.0,0,1-2 Year,Yes,31691.0,25.0,92,0
13776,Male,47,1,50.0,0,1-2 Year,Yes,38019.0,18.0,128,0
38598,Male,38,1,48.0,1,1-2 Year,Yes,2630.0,52.0,30,0
193082,Female,22,1,47.0,1,< 1 Year,No,2630.0,152.0,60,0
58693,Female,24,1,3.0,1,< 1 Year,No,19042.0,152.0,105,0
305001,Male,36,1,28.0,0,1-2 Year,Yes,32664.0,147.0,23,0
206906,Female,28,1,10.0,1,< 1 Year,No,34901.0,152.0,77,0
160105,Female,21,1,8.0,1,< 1 Year,No,47232.0,160.0,194,0
75749,Male,42,1,28.0,1,1-2 Year,No,30414.0,124.0,82,0
101832,Female,24,1,26.0,1,< 1 Year,No,26814.0,152.0,122,0
227933,Female,23,1,7.0,1,< 1 Year,No,42920.0,152.0,90,0
175771,Male,44,1,46.0,1,1-2 Year,Yes,31779.0,124.0,143,0
300649,Male,55,1,10.0,0,1-2 Year,Yes,22432.0,26.0,145,0
354430,Male,49,1,28.0,0,1-2 Year,Yes,39059.0,26.0,250,0
81559,Female,20,1,48.0,0,1-2 Year,Yes,2630.0,156.0,137,0
304763,Female,32,1,45.0,0,1-2 Year,Yes,2630.0,156.0,213,0
246700,Female,40,1,28.0,0,1-2 Year,Yes,40057.0,124.0,208,0
18553,Female,63,1,46.0,0,1-2 Year,No,41321.0,11.0,294,0
3161,Female,33,1,11.0,0,1-2 Year,Yes,2630.0,26.0,41,0
335031,Male,28,1,28.0,0,< 1 Year,Yes,32182.0,160.0,262,0
210741,Female,33,1,7.0,0,1-2 Year,Yes,2630.0,26.0,231,0
350715,Female,23,1,46.0,1,< 1 Year,No,25634.0,152.0,196,0
35816,Male,48,1,28.0,0,1-2 Year,Yes,38660.0,26.0,256,0
150558,Female,20,1,40.0,0,1-2 Year,Yes,31933.0,124.0,167,0
96892,Male,48,1,6.0,0,1-2 Year,Yes,30841.0,26.0,84,0
24382,Male,53,1,41.0,0,1-2 Year,Yes,33747.0,106.0,142,0
81080,Female,20,1,45.0,0,< 1 Year,Yes,24249.0,160.0,204,0
71406,Male,29,1,16.0,1,< 1 Year,No,29018.0,151.0,186,0
95695,Female,38,1,3.0,0,1-2 Year,Yes,20745.0,124.0,25,0
109992,Male,30,1,8.0,1,1-2 Year,No,32797.0,26.0,211,0
215079,Female,48,1,28.0,0,1-2 Year,Yes,45920.0,124.0,116,0
21406,Male,45,1,45.0,1,1-2 Year,No,2630.0,26.0,257,0
102720,Male,26,1,8.0,1,< 1 Year,No,44098.0,152.0,224,0
44604,Female,25,1,3.0,1,< 1 Year,No,22704.0,152.0,159,0
262495,Female,31,1,13.0,0,< 1 Year,Yes,31151.0,152.0,114,0
114875,Female,58,1,46.0,0,1-2 Year,Yes,26909.0,124.0,191,0
246188,Female,72,1,41.0,1,1-2 Year,No,45434.0,26.0,143,0
68340,Male,23,1,7.0,1,< 1 Year,No,32588.0,160.0,201,0
119815,Female,42,1,28.0,0,> 2 Years,Yes,53976.0,122.0,208,0
233325,Male,20,1,2.0,0,< 1 Year,Yes,36753.0,160.0,281,0
140429,Female,26,1,41.0,1,< 1 Year,No,27446.0,152.0,278,0
192955,Female,44,1,8.0,1,1-2 Year,No,50350.0,7.0,24,0
163915,Female,47,1,28.0,0,1-2 Year,Yes,47115.0,26.0,255,0
67954,Female,22,1,41.0,0,< 1 Year,Yes,18571.0,160.0,237,0
275418,Male,27,1,30.0,1,< 1 Year,No,38472.0,152.0,198,0
28444,Female,60,1,29.0,0,1-2 Year,No,25276.0,26.0,185,0
261256,Female,42,1,32.0,0,1-2 Year,Yes,30004.0,152.0,177,0
51993,Female,23,1,37.0,1,< 1 Year,No,43156.0,152.0,201,0
177871,Female,23,1,46.0,1,< 1 Year,No,38500.0,152.0,275,0
296024,Male,69,1,8.0,1,1-2 Year,Yes,65671.0,30.0,79,0
244433,Male,50,1,28.0,0,1-2 Year,Yes,36706.0,150.0,74,0
155367,Male,60,1,28.0,0,1-2 Year,Yes,73590.0,26.0,135,0
302607,Male,29,1,28.0,0,1-2 Year,No,30241.0,37.0,216,0
335146,Male,40,1,8.0,0,1-2 Year,Yes,31483.0,124.0,194,0
143875,Female,26,1,8.0,1,< 1 Year,No,26845.0,152.0,245,0
51102,Male,73,1,28.0,0,1-2 Year,Yes,48707.0,37.0,20,0
106964,Male,22,1,15.0,0,< 1 Year,Yes,37545.0,152.0,81,0
149725,Male,23,1,37.0,0,< 1 Year,Yes,28659.0,151.0,224,0
73920,Male,21,1,33.0,1,< 1 Year,No,37796.0,152.0,200,0
291487,Female,56,1,28.0,0,1-2 Year,Yes,37193.0,26.0,256,0
379782,Female,47,1,28.0,1,1-2 Year,No,30798.0,13.0,41,0
304194,Male,60,1,28.0,0,1-2 Year,Yes,51912.0,124.0,283,0
372015,Male,24,1,41.0,1,< 1 Year,No,24484.0,152.0,207,0
69715,Male,27,1,6.0,0,< 1 Year,No,37170.0,152.0,156,0
229927,Male,42,1,28.0,1,1-2 Year,No,27664.0,26.0,48,0
18532,Male,23,1,35.0,1,< 1 Year,No,36072.0,151.0,174,0
310224,Male,27,1,41.0,0,1-2 Year,Yes,2630.0,156.0,63,0
163401,Female,23,1,14.0,1,< 1 Year,No,23341.0,152.0,261,0
72213,Male,76,1,18.0,0,1-2 Year,Yes,30359.0,26.0,70,0
324725,Female,21,1,36.0,0,< 1 Year,Yes,26980.0,160.0,204,0
74973,Male,23,1,30.0,1,< 1 Year,No,24391.0,152.0,74,0
206207,Female,22,1,21.0,1,< 1 Year,No,23723.0,152.0,135,0
116168,Female,22,1,26.0,1,< 1 Year,No,29855.0,152.0,127,0
99586,Female,26,1,47.0,0,< 1 Year,Yes,2630.0,160.0,175,0
146269,Female,69,1,50.0,0,> 2 Years,Yes,36966.0,8.0,215,0
368104,Male,26,1,28.0,1,< 1 Year,No,53285.0,152.0,73,0
227852,Female,36,1,8.0,1,1-2 Year,No,40818.0,152.0,13,0
104636,Male,24,1,29.0,1,< 1 Year,No,57061.0,152.0,41,0
108684,Female,28,1,25.0,1,< 1 Year,No,24200.0,152.0,197,0
87605,Male,67,1,28.0,0,1-2 Year,No,35943.0,154.0,12,0
12034,Female,42,1,45.0,0,1-2 Year,Yes,24316.0,124.0,190,0
199125,Female,79,1,33.0,0,1-2 Year,Yes,30534.0,124.0,234,0
227983,Male,24,1,15.0,1,< 1 Year,No,30659.0,152.0,193,0
137549,Male,67,1,28.0,1,1-2 Year,No,33157.0,26.0,135,0
360444,Male,40,1,28.0,0,1-2 Year,Yes,31952.0,124.0,139,0
362893,Male,64,1,18.0,0,1-2 Year,Yes,41136.0,26.0,190,0
162478,Female,71,1,3.0,0,1-2 Year,Yes,37181.0,124.0,262,0
82699,Male,25,1,5.0,0,< 1 Year,Yes,26273.0,163.0,85,0
302306,Female,27,1,28.0,1,< 1 Year,No,32305.0,152.0,241,0
250726,Female,47,1,46.0,0,1-2 Year,Yes,36619.0,26.0,267,0
89351,Female,20,1,39.0,0,< 1 Year,Yes,32398.0,160.0,243,0
287879,Male,22,1,28.0,0,< 1 Year,Yes,33379.0,152.0,126,0
304694,Female,32,1,8.0,0,< 1 Year,Yes,37587.0,152.0,171,0
317559,Male,25,1,29.0,0,1-2 Year,Yes,23272.0,124.0,211,0
211384,Male,33,1,47.0,0,1-2 Year,No,41654.0,154.0,11,0
164264,Male,21,1,15.0,0,< 1 Year,Yes,47795.0,160.0,154,0
22215,Female,36,1,41.0,1,1-2 Year,No,37228.0,152.0,260,0
84980,Male,69,1,33.0,0,1-2 Year,Yes,37735.0,26.0,134,0
175225,Male,25,1,17.0,1,< 1 Year,No,39553.0,152.0,109,0
153515,Female,39,1,33.0,1,1-2 Year,No,55737.0,124.0,76,0
35466,Male,40,1,28.0,1,1-2 Year,No,2630.0,124.0,209,0
214392,Female,24,1,36.0,0,< 1 Year,Yes,32869.0,152.0,38,0
310649,Female,43,1,8.0,0,1-2 Year,Yes,2630.0,124.0,120,0
150060,Male,24,1,15.0,0,< 1 Year,Yes,40977.0,152.0,249,0
354201,Female,54,1,28.0,0,1-2 Year,Yes,64764.0,26.0,97,0
150276,Female,55,1,28.0,0,1-2 Year,Yes,40007.0,124.0,78,0
247820,Male,41,1,28.0,0,1-2 Year,Yes,29127.0,154.0,24,0
127936,Male,24,1,5.0,1,< 1 Year,No,2630.0,26.0,190,0
151672,Female,44,1,28.0,0,1-2 Year,Yes,41908.0,124.0,12,0
128485,Male,43,1,15.0,0,1-2 Year,Yes,37005.0,124.0,27,0
50070,Male,26,1,1.0,0,< 1 Year,Yes,2630.0,152.0,294,0
330030,Male,23,1,35.0,1,< 1 Year,No,2630.0,160.0,106,0
72965,Male,24,1,18.0,1,< 1 Year,Yes,2630.0,152.0,129,0
301876,Female,51,1,28.0,1,1-2 Year,No,31031.0,122.0,44,0
150271,Female,23,1,5.0,1,< 1 Year,No,22949.0,152.0,299,0
336038,Male,42,1,43.0,0,1-2 Year,Yes,2630.0,157.0,139,0
68268,Male,64,1,27.0,0,1-2 Year,Yes,2630.0,124.0,146,0
358337,Male,44,1,37.0,0,1-2 Year,Yes,2630.0,128.0,214,0
207857,Male,70,1,33.0,1,1-2 Year,No,40988.0,122.0,94,0
6571,Female,67,1,33.0,1,1-2 Year,No,32539.0,26.0,54,0
113897,Male,30,1,8.0,0,< 1 Year,Yes,41158.0,26.0,183,0
114452,Female,42,1,28.0,0,1-2 Year,Yes,23822.0,26.0,81,0
11255,Female,53,1,28.0,0,1-2 Year,Yes,57348.0,26.0,274,0
157232,Male,38,1,18.0,0,1-2 Year,No,25439.0,156.0,45,0
372567,Female,23,1,27.0,0,< 1 Year,No,33937.0,152.0,19,0
233238,Male,27,1,29.0,1,< 1 Year,Yes,2630.0,1.0,67,0
99040,Female,50,1,33.0,0,> 2 Years,Yes,35329.0,156.0,256,0
117339,Male,55,1,11.0,0,1-2 Year,Yes,24022.0,26.0,17,0
7734,Female,63,1,20.0,0,1-2 Year,Yes,2630.0,26.0,208,0
290105,Female,25,1,41.0,1,< 1 Year,No,14736.0,152.0,125,0
128573,Male,25,1,33.0,1,< 1 Year,No,48428.0,151.0,70,0
98400,Female,67,1,48.0,1,1-2 Year,No,2630.0,156.0,275,0
6950,Female,25,1,2.0,0,< 1 Year,No,39464.0,152.0,46,0
133493,Female,22,1,10.0,1,< 1 Year,No,14345.0,152.0,61,0
344531,Female,70,1,28.0,0,1-2 Year,Yes,28985.0,124.0,74,0
298153,Male,23,1,47.0,0,< 1 Year,Yes,30384.0,26.0,189,0
330940,Female,24,1,35.0,1,< 1 Year,No,26464.0,152.0,258,0
330328,Female,24,1,32.0,0,< 1 Year,Yes,38544.0,152.0,98,0
26515,Female,25,1,8.0,0,< 1 Year,No,28832.0,152.0,19,0
240243,Female,24,1,6.0,1,< 1 Year,No,20561.0,152.0,266,0
296051,Female,27,1,6.0,1,< 1 Year,No,26055.0,152.0,82,0
316692,Female,43,1,28.0,1,1-2 Year,No,37570.0,124.0,110,0
267711,Male,69,1,33.0,0,1-2 Year,Yes,42695.0,124.0,135,0
5693,Male,68,1,46.0,0,1-2 Year,Yes,31161.0,157.0,240,0
207111,Female,52,1,36.0,1,1-2 Year,No,31125.0,163.0,129,0
211994,Male,36,1,16.0,0,1-2 Year,Yes,31632.0,152.0,255,0
165943,Female,24,1,11.0,1,< 1 Year,No,28736.0,152.0,163,0
209933,Female,25,1,8.0,1,< 1 Year,No,48065.0,152.0,269,0
112702,Male,78,1,19.0,0,1-2 Year,Yes,38803.0,26.0,26,0
270370,Male,24,1,41.0,1,< 1 Year,Yes,32293.0,152.0,210,0
14492,Male,25,1,28.0,0,< 1 Year,Yes,45399.0,152.0,125,0
250723,Female,20,1,36.0,1,< 1 Year,No,34478.0,160.0,283,0
127835,Female,41,1,28.0,0,1-2 Year,Yes,24496.0,124.0,177,0
365414,Male,24,1,35.0,1,< 1 Year,No,30168.0,152.0,253,0
190372,Male,79,1,28.0,0,1-2 Year,Yes,31952.0,122.0,86,0
200543,Female,42,1,14.0,0,1-2 Year,No,34202.0,152.0,130,0
291560,Female,25,1,46.0,1,< 1 Year,No,25603.0,152.0,233,0
232439,Male,69,1,43.0,1,1-2 Year,No,2630.0,26.0,24,0
380634,Male,56,1,30.0,0,1-2 Year,Yes,40197.0,124.0,90,0
221575,Female,22,1,46.0,0,< 1 Year,No,24581.0,152.0,92,0
297222,Male,44,1,28.0,0,> 2 Years,Yes,48604.0,26.0,47,0
234827,Male,45,1,50.0,1,1-2 Year,No,37170.0,120.0,237,0
168396,Male,46,1,28.0,1,1-2 Year,No,38070.0,13.0,260,0
78861,Female,25,1,47.0,0,< 1 Year,Yes,2630.0,152.0,225,0
18750,Male,23,1,8.0,1,< 1 Year,No,64382.0,152.0,31,0
352041,Female,22,1,32.0,0,< 1 Year,Yes,38251.0,152.0,92,0
238389,Female,24,1,6.0,1,< 1 Year,No,31677.0,152.0,155,0
315132,Male,68,1,28.0,0,1-2 Year,Yes,57625.0,124.0,18,0
321413,Male,41,1,50.0,1,1-2 Year,No,31283.0,124.0,79,0
232899,Female,27,1,11.0,1,< 1 Year,No,35783.0,152.0,218,0
358994,Male,21,1,47.0,0,< 1 Year,Yes,40997.0,160.0,235,0
83503,Male,26,1,35.0,1,< 1 Year,No,28489.0,152.0,84,0
185339,Male,27,1,44.0,1,< 1 Year,No,46538.0,152.0,217,0
311923,Male,42,1,28.0,0,1-2 Year,Yes,43222.0,26.0,57,0
4444,Male,36,1,28.0,0,1-2 Year,No,2630.0,26.0,40,0
14349,Male,26,1,3.0,1,< 1 Year,No,26946.0,152.0,156,0
206586,Male,28,1,35.0,1,< 1 Year,No,2630.0,160.0,273,0
75806,Female,25,1,15.0,0,< 1 Year,Yes,31531.0,152.0,226,0
156661,Male,44,1,35.0,0,1-2 Year,Yes,2630.0,157.0,49,0
187740,Male,22,1,30.0,1,< 1 Year,No,2630.0,152.0,59,0
302263,Male,22,1,7.0,0,< 1 Year,Yes,36688.0,152.0,200,0
292784,Male,73,1,28.0,1,1-2 Year,No,50254.0,26.0,75,0
2325,Male,21,1,18.0,0,< 1 Year,Yes,36086.0,152.0,186,0
157348,Male,26,1,47.0,0,< 1 Year,No,46316.0,152.0,53,0
194930,Male,40,1,38.0,1,1-2 Year,No,47445.0,26.0,212,0
275276,Male,65,1,8.0,1,1-2 Year,No,2630.0,26.0,34,0
345582,Male,27,1,18.0,1,< 1 Year,No,22020.0,152.0,65,0
47715,Male,47,1,28.0,0,1-2 Year,Yes,42153.0,26.0,148,0
140474,Female,23,1,11.0,1,< 1 Year,No,29825.0,152.0,156,0
360423,Female,24,1,28.0,1,< 1 Year,No,70074.0,152.0,85,0
57501,Male,25,1,30.0,1,< 1 Year,No,31121.0,152.0,167,0
215684,Male,20,1,13.0,0,< 1 Year,Yes,34862.0,160.0,272,0
292311,Female,61,1,24.0,0,1-2 Year,Yes,49319.0,26.0,242,0
316695,Male,26,1,28.0,0,< 1 Year,No,64407.0,152.0,69,0
343708,Female,23,1,46.0,1,< 1 Year,No,20571.0,152.0,289,0
363683,Male,72,1,15.0,1,1-2 Year,No,45846.0,14.0,109,0
249208,Female,23,1,21.0,1,< 1 Year,No,2630.0,152.0,67,0
137858,Male,38,1,8.0,0,1-2 Year,Yes,2630.0,26.0,129,0
368623,Male,60,1,28.0,1,1-2 Year,No,36661.0,114.0,139,0
64150,Female,67,1,31.0,1,1-2 Year,No,2630.0,152.0,248,0
299337,Female,78,1,41.0,0,1-2 Year,Yes,30773.0,12.0,20,0
277459,Female,24,1,6.0,0,< 1 Year,No,19021.0,152.0,195,0
189322,Female,44,1,28.0,1,1-2 Year,No,36657.0,26.0,159,0
122392,Female,66,1,33.0,1,1-2 Year,No,68158.0,124.0,34,0
188434,Male,25,1,41.0,1,< 1 Year,No,28129.0,152.0,230,0
141133,Female,26,1,28.0,1,< 1 Year,No,38378.0,152.0,214,0
245583,Male,53,1,8.0,0,1-2 Year,Yes,42971.0,26.0,62,0
53785,Male,34,1,30.0,1,1-2 Year,No,27933.0,152.0,176,0
102395,Female,22,1,10.0,1,< 1 Year,No,27954.0,152.0,81,0
286095,Male,23,1,15.0,0,< 1 Year,Yes,30151.0,152.0,268,0
141598,Female,25,1,8.0,1,< 1 Year,No,42282.0,152.0,159,0
221774,Male,29,1,28.0,0,< 1 Year,No,36184.0,152.0,118,0
106515,Male,22,1,28.0,0,< 1 Year,Yes,51988.0,152.0,49,0
127502,Female,23,1,36.0,0,< 1 Year,Yes,27587.0,152.0,297,0
24711,Female,53,1,41.0,1,1-2 Year,No,44743.0,26.0,159,0
28503,Male,31,1,28.0,1,< 1 Year,No,51057.0,152.0,218,0
52915,Female,24,1,32.0,0,< 1 Year,No,24250.0,152.0,21,0
316416,Male,75,1,41.0,0,1-2 Year,Yes,31017.0,26.0,243,0
84644,Male,26,1,8.0,1,< 1 Year,No,43829.0,152.0,216,0
270201,Female,24,1,23.0,1,< 1 Year,No,2630.0,152.0,40,0
320287,Male,41,1,28.0,0,1-2 Year,Yes,32112.0,124.0,173,0
327012,Male,80,1,46.0,1,1-2 Year,No,27128.0,26.0,90,0
223732,Male,67,1,28.0,0,1-2 Year,Yes,47388.0,26.0,56,0
304038,Male,22,1,34.0,0,< 1 Year,Yes,22401.0,152.0,289,0
301774,Male,23,1,28.0,1,< 1 Year,No,34287.0,152.0,62,0
75590,Female,26,1,32.0,1,< 1 Year,No,31471.0,152.0,150,0
343111,Female,52,1,46.0,0,1-2 Year,Yes,28081.0,152.0,13,0
54894,Male,24,1,15.0,0,< 1 Year,Yes,26820.0,152.0,131,0
319380,Female,20,1,28.0,0,< 1 Year,Yes,53944.0,124.0,103,0
333496,Female,24,1,8.0,0,< 1 Year,Yes,2630.0,160.0,174,0
145634,Male,61,1,8.0,0,1-2 Year,Yes,39492.0,26.0,228,0
347691,Male,47,1,41.0,1,1-2 Year,No,24991.0,124.0,82,0
169252,Male,62,1,47.0,0,1-2 Year,Yes,37877.0,124.0,263,0
161911,Female,38,1,29.0,0,1-2 Year,Yes,2630.0,154.0,152,0
369974,Female,43,1,0.0,1,1-2 Year,No,2630.0,26.0,221,0
267100,Male,26,1,36.0,0,< 1 Year,Yes,30058.0,152.0,71,0
221524,Male,63,1,3.0,1,1-2 Year,No,29771.0,124.0,234,0
274699,Male,45,1,28.0,0,1-2 Year,Yes,63614.0,124.0,160,0
244203,Male,24,1,50.0,0,< 1 Year,Yes,39153.0,152.0,102,0
54126,Female,24,1,15.0,1,< 1 Year,Yes,44688.0,152.0,146,0
188033,Male,52,1,28.0,1,1-2 Year,No,35897.0,26.0,217,0
292983,Female,21,1,8.0,0,< 1 Year,Yes,77479.0,160.0,297,0
168935,Female,25,1,8.0,0,< 1 Year,Yes,29717.0,160.0,232,0
345161,Female,24,1,9.0,1,< 1 Year,No,38595.0,152.0,37,0
209252,Female,25,1,11.0,1,< 1 Year,No,34576.0,152.0,217,0
380636,Female,21,1,36.0,0,< 1 Year,Yes,34578.0,160.0,232,0
64749,Male,22,1,30.0,1,< 1 Year,No,25887.0,152.0,50,0
55870,Female,27,1,8.0,1,< 1 Year,No,39800.0,152.0,164,0
292680,Female,24,1,24.0,1,< 1 Year,No,56998.0,152.0,108,0
182796,Female,31,1,39.0,0,1-2 Year,Yes,39196.0,154.0,85,0
132628,Male,50,1,31.0,1,1-2 Year,No,2630.0,148.0,55,0
377050,Female,20,1,3.0,1,< 1 Year,No,26533.0,160.0,100,0
43424,Male,23,1,46.0,0,< 1 Year,Yes,2630.0,152.0,169,0
222776,Male,45,1,28.0,0,1-2 Year,Yes,40116.0,124.0,151,0
360664,Male,65,1,11.0,1,1-2 Year,No,2630.0,120.0,257,0
91201,Female,23,1,28.0,0,< 1 Year,Yes,51520.0,122.0,23,0
275281,Female,44,1,28.0,1,1-2 Year,No,36887.0,124.0,282,0
132371,Male,23,1,21.0,1,< 1 Year,No,20209.0,152.0,139,0
31399,Female,25,1,32.0,1,< 1 Year,No,35891.0,152.0,283,0
148263,Female,22,1,8.0,1,< 1 Year,No,33832.0,152.0,250,0
121874,Male,49,1,28.0,0,1-2 Year,Yes,62647.0,26.0,249,0
177303,Female,54,1,46.0,1,1-2 Year,No,2630.0,21.0,250,0
54191,Male,43,1,28.0,0,1-2 Year,Yes,70409.0,26.0,277,0
174965,Female,23,1,7.0,0,< 1 Year,Yes,2630.0,152.0,51,0
339999,Male,52,1,28.0,0,1-2 Year,Yes,43760.0,26.0,79,0
113454,Male,24,1,17.0,1,< 1 Year,No,36489.0,152.0,37,0
335265,Male,40,1,46.0,0,1-2 Year,Yes,34142.0,124.0,205,0
166838,Female,65,1,15.0,0,1-2 Year,Yes,35107.0,26.0,253,0
199162,Male,28,1,28.0,1,< 1 Year,No,37294.0,152.0,194,0
69867,Female,49,1,28.0,0,1-2 Year,No,41754.0,26.0,203,0
67042,Female,26,1,3.0,1,< 1 Year,No,31186.0,152.0,90,0
3575,Female,48,1,48.0,0,1-2 Year,No,2630.0,118.0,89,0
360491,Male,31,1,8.0,1,< 1 Year,No,45476.0,152.0,113,0
142377,Male,66,1,28.0,0,1-2 Year,Yes,47888.0,26.0,152,0
94307,Male,48,1,36.0,1,1-2 Year,No,37116.0,26.0,169,0
133659,Female,25,1,41.0,1,< 1 Year,No,31787.0,152.0,59,0
297532,Male,38,1,28.0,0,1-2 Year,Yes,40699.0,26.0,224,0
360235,Male,22,1,34.0,0,< 1 Year,Yes,33801.0,152.0,188,0
94795,Male,25,1,34.0,0,< 1 Year,Yes,41134.0,152.0,257,0
1222,Male,23,1,50.0,0,< 1 Year,No,39583.0,151.0,128,0
367892,Female,26,1,50.0,1,< 1 Year,No,25998.0,152.0,173,0
12750,Male,65,1,28.0,0,1-2 Year,Yes,2630.0,13.0,159,0
91463,Male,21,1,27.0,0,< 1 Year,Yes,38694.0,152.0,30,0
70801,Male,21,1,47.0,0,< 1 Year,Yes,41443.0,160.0,166,0
345611,Male,41,1,45.0,0,1-2 Year,Yes,28718.0,26.0,100,0
66341,Female,21,1,50.0,0,< 1 Year,Yes,38146.0,160.0,275,0
203739,Female,66,1,15.0,1,1-2 Year,Yes,53722.0,14.0,101,0
175520,Male,65,1,28.0,0,> 2 Years,Yes,36070.0,26.0,84,0
104581,Female,53,1,28.0,0,1-2 Year,Yes,36274.0,152.0,66,0
98627,Female,25,1,45.0,0,< 1 Year,Yes,27232.0,152.0,58,0
13286,Female,47,1,28.0,0,1-2 Year,Yes,28704.0,26.0,43,0
308141,Female,22,1,8.0,0,< 1 Year,No,43789.0,152.0,169,0
258828,Female,69,1,50.0,1,1-2 Year,No,44038.0,8.0,95,0
232640,Female,31,1,28.0,0,< 1 Year,No,58945.0,26.0,45,0
256957,Male,71,1,41.0,0,1-2 Year,Yes,52436.0,26.0,61,0
319663,Male,38,1,6.0,1,1-2 Year,No,27604.0,152.0,169,0
278240,Female,25,1,11.0,1,< 1 Year,No,31021.0,152.0,129,0
320957,Male,25,1,8.0,0,< 1 Year,Yes,63347.0,152.0,249,0
271664,Female,29,1,15.0,0,1-2 Year,Yes,37000.0,154.0,140,0
335403,Male,36,1,11.0,0,1-2 Year,Yes,48850.0,124.0,35,0
139952,Male,24,1,28.0,1,< 1 Year,No,73824.0,152.0,58,0
321489,Male,46,1,28.0,1,1-2 Year,Yes,46470.0,26.0,258,0
67677,Male,23,1,15.0,0,< 1 Year,Yes,30240.0,152.0,45,0
342327,Male,55,1,28.0,0,> 2 Years,Yes,55703.0,26.0,212,0
261795,Female,21,1,46.0,1,< 1 Year,No,23685.0,160.0,151,0
296438,Male,53,1,8.0,1,1-2 Year,Yes,27473.0,26.0,63,0
157352,Male,46,1,8.0,1,1-2 Year,Yes,38996.0,124.0,248,0
196949,Female,25,1,28.0,1,< 1 Year,No,52071.0,152.0,222,0
117273,Female,42,1,28.0,0,1-2 Year,Yes,38266.0,26.0,30,0
13514,Female,56,1,41.0,0,1-2 Year,Yes,48002.0,136.0,170,0
173622,Male,55,1,28.0,0,1-2 Year,No,34367.0,124.0,159,0
64492,Male,49,1,41.0,0,1-2 Year,Yes,2630.0,156.0,120,0
67522,Male,65,1,28.0,1,1-2 Year,No,34358.0,26.0,114,0
228709,Male,27,1,26.0,1,< 1 Year,No,2630.0,152.0,260,0
162454,Female,22,1,30.0,1,< 1 Year,No,34035.0,152.0,64,0
244132,Female,24,1,25.0,0,< 1 Year,No,2630.0,152.0,102,0
81036,Male,55,1,28.0,0,1-2 Year,Yes,59833.0,25.0,128,0
147700,Male,26,1,18.0,1,< 1 Year,No,2630.0,152.0,166,0
249014,Female,26,1,44.0,1,< 1 Year,No,2630.0,152.0,298,0
36890,Male,62,1,3.0,0,1-2 Year,Yes,29055.0,26.0,221,0
224925,Male,21,1,8.0,1,1-2 Year,Yes,29492.0,156.0,94,0
48122,Female,25,1,30.0,1,< 1 Year,No,29340.0,152.0,166,0
155017,Male,62,1,28.0,0,> 2 Years,Yes,50447.0,26.0,102,0
206105,Male,29,1,8.0,0,< 1 Year,Yes,48047.0,152.0,164,0
365034,Female,34,1,43.0,0,1-2 Year,Yes,2630.0,156.0,134,0
151707,Male,47,1,3.0,1,1-2 Year,No,2630.0,157.0,226,0
110838,Male,21,1,33.0,1,< 1 Year,No,28692.0,152.0,65,0
39657,Female,41,1,28.0,1,1-2 Year,No,37852.0,26.0,32,0
116468,Female,63,1,8.0,0,1-2 Year,Yes,42661.0,124.0,160,0
45033,Female,27,1,35.0,1,< 1 Year,No,30474.0,152.0,284,0
216574,Female,21,1,41.0,1,< 1 Year,No,40121.0,152.0,199,0
349373,Male,44,1,15.0,0,1-2 Year,Yes,27591.0,154.0,62,0
145626,Female,31,1,28.0,0,< 1 Year,Yes,81316.0,154.0,81,0
296767,Female,49,1,28.0,0,1-2 Year,Yes,66389.0,124.0,129,0
34390,Female,27,1,28.0,1,< 1 Year,No,33302.0,152.0,223,0
42697,Female,42,1,39.0,0,1-2 Year,Yes,2630.0,156.0,278,0
356923,Male,23,1,50.0,0,< 1 Year,No,26761.0,152.0,213,0
352360,Female,64,1,28.0,1,1-2 Year,No,38111.0,26.0,63,0
253654,Female,30,1,37.0,1,< 1 Year,No,2630.0,152.0,191,0
157850,Female,38,1,8.0,0,1-2 Year,Yes,43746.0,124.0,39,0
369784,Female,25,1,41.0,1,< 1 Year,No,44166.0,152.0,192,0
55705,Female,24,1,29.0,1,< 1 Year,No,28490.0,152.0,81,0
287296,Female,55,1,15.0,0,> 2 Years,Yes,22758.0,124.0,117,0
284518,Male,23,1,14.0,1,< 1 Year,No,25383.0,152.0,131,0
109252,Male,25,1,28.0,1,< 1 Year,No,48951.0,152.0,76,0
59502,Male,22,1,49.0,0,< 1 Year,Yes,33062.0,152.0,210,0
78841,Male,58,1,28.0,0,1-2 Year,Yes,52417.0,26.0,223,0
46330,Male,68,1,3.0,1,1-2 Year,No,32015.0,124.0,52,0
197434,Female,21,1,46.0,1,< 1 Year,No,22249.0,152.0,86,0
137292,Male,39,1,28.0,0,> 2 Years,Yes,2630.0,157.0,212,0
324021,Male,35,1,50.0,0,1-2 Year,Yes,2630.0,163.0,128,0
241784,Female,25,1,11.0,1,< 1 Year,No,58660.0,152.0,213,0
380598,Male,42,1,7.0,1,1-2 Year,No,26397.0,124.0,112,0
211355,Female,52,1,28.0,0,1-2 Year,Yes,2630.0,26.0,127,0
158525,Female,52,1,29.0,0,> 2 Years,Yes,29387.0,26.0,84,0
72132,Female,23,1,11.0,1,< 1 Year,No,25200.0,152.0,259,0
110286,Female,39,1,46.0,0,1-2 Year,Yes,39945.0,124.0,119,0
29506,Male,22,1,35.0,1,< 1 Year,No,49422.0,152.0,276,0
229977,Female,24,1,8.0,1,< 1 Year,No,29866.0,152.0,215,0
211622,Male,76,1,8.0,1,1-2 Year,No,51248.0,7.0,196,0
92218,Male,40,1,28.0,1,1-2 Year,No,2630.0,124.0,267,0
154431,Female,25,1,23.0,0,< 1 Year,Yes,27704.0,152.0,267,0
84496,Male,23,1,15.0,0,< 1 Year,No,32945.0,152.0,107,0
122874,Female,23,1,9.0,1,< 1 Year,No,38481.0,151.0,20,0
175005,Male,23,1,36.0,1,< 1 Year,No,34405.0,160.0,184,0
174724,Female,35,1,28.0,0,1-2 Year,Yes,42155.0,26.0,95,0
205614,Female,42,1,41.0,0,1-2 Year,Yes,27088.0,26.0,58,0
228184,Male,24,1,27.0,0,< 1 Year,Yes,24146.0,152.0,160,0
176826,Female,77,1,24.0,1,1-2 Year,No,35384.0,26.0,124,0
134456,Male,46,1,7.0,0,1-2 Year,Yes,38098.0,124.0,87,0
4913,Male,25,1,28.0,0,< 1 Year,No,43065.0,152.0,32,0
170615,Male,34,1,15.0,0,1-2 Year,No,33877.0,152.0,146,0
27967,Male,64,1,46.0,0,1-2 Year,Yes,33231.0,26.0,196,0
214395,Male,33,1,8.0,1,< 1 Year,No,23789.0,153.0,25,0
346459,Male,41,1,28.0,0,1-2 Year,Yes,42304.0,124.0,254,0
158183,Male,51,1,28.0,0,> 2 Years,Yes,46635.0,26.0,72,0
287362,Female,32,1,37.0,0,< 1 Year,Yes,34297.0,152.0,146,0
118437,Female,23,1,8.0,1,< 1 Year,No,28623.0,160.0,42,0
376999,Female,71,1,28.0,0,1-2 Year,Yes,42812.0,26.0,170,0
303658,Female,36,1,38.0,0,1-2 Year,Yes,39119.0,124.0,100,0
74831,Female,26,1,50.0,1,< 1 Year,No,34402.0,152.0,128,0
15452,Female,23,1,10.0,1,< 1 Year,No,26574.0,152.0,87,0
366040,Male,51,1,28.0,0,1-2 Year,Yes,34868.0,125.0,90,0
378192,Male,48,1,14.0,1,1-2 Year,No,26403.0,124.0,143,0
200198,Female,45,1,14.0,0,1-2 Year,Yes,36558.0,124.0,198,0
160058,Female,63,1,28.0,0,1-2 Year,Yes,47468.0,122.0,138,0
208212,Male,25,1,50.0,1,< 1 Year,No,39003.0,151.0,275,0
267953,Male,62,1,28.0,0,1-2 Year,Yes,36381.0,124.0,197,0
98462,Male,40,1,28.0,0,1-2 Year,Yes,68718.0,124.0,256,0
232901,Male,44,1,18.0,1,1-2 Year,Yes,2630.0,26.0,44,0
221833,Female,27,1,2.0,1,< 1 Year,No,2630.0,152.0,272,0
92696,Male,30,1,11.0,1,< 1 Year,No,27781.0,152.0,122,0
224102,Male,34,1,28.0,1,1-2 Year,No,39926.0,124.0,49,0
2452,Male,24,1,34.0,1,< 1 Year,No,32949.0,152.0,219,0
220574,Male,43,1,8.0,0,1-2 Year,Yes,27605.0,124.0,227,0
260322,Male,30,1,35.0,1,< 1 Year,No,26862.0,152.0,299,0
4860,Female,46,1,28.0,1,1-2 Year,No,27433.0,124.0,274,0
188750,Male,20,1,40.0,0,< 1 Year,Yes,25348.0,160.0,42,0
301256,Male,67,1,28.0,0,1-2 Year,Yes,45417.0,30.0,98,0
63906,Female,23,1,7.0,0,< 1 Year,Yes,2630.0,152.0,190,0
358541,Female,42,1,28.0,0,> 2 Years,Yes,2630.0,124.0,64,0
380847,Female,55,1,28.0,0,1-2 Year,Yes,33060.0,55.0,106,0
216094,Male,25,1,30.0,1,< 1 Year,No,38837.0,152.0,179,0
288758,Male,22,1,41.0,1,< 1 Year,No,23477.0,152.0,197,0
169305,Male,38,1,28.0,0,1-2 Year,Yes,40434.0,124.0,260,0
39266,Male,65,1,41.0,1,1-2 Year,No,21669.0,122.0,151,0
87633,Female,67,1,28.0,1,1-2 Year,No,30763.0,124.0,248,0
121647,Female,36,1,37.0,0,1-2 Year,Yes,24483.0,152.0,216,0
266135,Male,21,1,13.0,1,< 1 Year,Yes,30899.0,160.0,219,0
73229,Female,33,1,28.0,0,< 1 Year,No,2630.0,1.0,47,0
270372,Male,21,1,33.0,0,< 1 Year,Yes,34548.0,152.0,190,0
54574,Female,21,1,15.0,0,< 1 Year,Yes,32349.0,152.0,220,0
78523,Male,31,1,11.0,1,< 1 Year,No,31544.0,152.0,33,0
131120,Male,26,1,29.0,1,< 1 Year,No,25135.0,152.0,144,0
324767,Male,23,1,8.0,1,< 1 Year,No,30778.0,151.0,191,0
26416,Male,27,1,46.0,0,< 1 Year,Yes,23661.0,154.0,207,0
230452,Female,40,1,23.0,1,1-2 Year,No,36945.0,124.0,175,0
43901,Male,57,1,41.0,0,1-2 Year,Yes,21802.0,12.0,266,0
274017,Male,67,1,51.0,1,1-2 Year,No,34464.0,124.0,108,0
66751,Female,52,1,48.0,0,1-2 Year,No,2630.0,26.0,247,0
173683,Male,25,1,30.0,1,< 1 Year,No,25761.0,152.0,57,0
245822,Female,21,1,26.0,1,< 1 Year,No,37628.0,152.0,155,0
70736,Female,24,1,51.0,1,< 1 Year,No,40111.0,152.0,215,0
199874,Female,29,1,16.0,1,< 1 Year,No,19386.0,152.0,10,0
159923,Male,53,1,9.0,1,1-2 Year,No,41724.0,26.0,192,0
56135,Male,68,1,14.0,1,1-2 Year,No,24209.0,26.0,98,0
73289,Female,23,1,50.0,0,< 1 Year,Yes,47585.0,152.0,202,0
300919,Female,23,1,11.0,1,< 1 Year,No,17897.0,152.0,289,0
130233,Female,23,1,46.0,0,< 1 Year,Yes,31114.0,160.0,98,0
207950,Female,27,1,48.0,1,< 1 Year,No,2630.0,152.0,220,0
257915,Male,24,1,8.0,1,< 1 Year,No,29163.0,26.0,250,0
191294,Male,48,1,46.0,1,1-2 Year,No,26395.0,26.0,61,0
150040,Male,34,1,50.0,0,1-2 Year,Yes,2630.0,157.0,187,0
74370,Female,20,1,30.0,0,< 1 Year,Yes,29783.0,160.0,262,0
218732,Male,53,1,12.0,0,1-2 Year,Yes,25850.0,26.0,164,0
49241,Male,28,1,50.0,0,< 1 Year,Yes,28222.0,152.0,14,0
20860,Male,25,1,15.0,1,< 1 Year,No,29764.0,152.0,58,0
20299,Male,47,1,28.0,0,1-2 Year,Yes,35370.0,52.0,71,0
225473,Male,49,1,32.0,1,1-2 Year,No,34658.0,124.0,149,0
269857,Female,24,1,8.0,1,< 1 Year,No,70187.0,152.0,194,0
150195,Male,25,1,39.0,1,< 1 Year,No,90861.0,152.0,61,0
154299,Male,20,1,43.0,0,< 1 Year,Yes,30788.0,160.0,273,0
198514,Female,30,1,28.0,0,1-2 Year,Yes,36986.0,154.0,122,0
133165,Female,24,1,12.0,0,< 1 Year,No,2630.0,152.0,276,0
81136,Male,60,1,28.0,0,1-2 Year,Yes,40735.0,124.0,138,0
212046,Female,22,1,28.0,0,< 1 Year,Yes,42181.0,152.0,184,0
160357,Female,26,1,16.0,1,< 1 Year,No,26050.0,152.0,120,0
116917,Male,22,1,15.0,0,< 1 Year,No,37373.0,152.0,54,0
262209,Female,44,1,30.0,0,1-2 Year,Yes,32131.0,26.0,21,0
365119,Female,20,1,28.0,0,1-2 Year,Yes,2630.0,156.0,64,0
15119,Male,46,1,28.0,0,1-2 Year,Yes,39084.0,124.0,87,0
74177,Female,40,1,28.0,0,1-2 Year,No,38057.0,26.0,292,0
378927,Female,22,1,15.0,1,< 1 Year,No,25466.0,152.0,266,0
369740,Female,42,1,45.0,0,1-2 Year,Yes,33218.0,26.0,14,0
254544,Female,24,1,8.0,0,< 1 Year,No,2630.0,160.0,294,0
172305,Female,24,1,21.0,1,< 1 Year,No,29845.0,152.0,290,0
167653,Female,44,0,27.0,1,1-2 Year,No,27999.0,124.0,261,0
84828,Male,21,1,46.0,0,< 1 Year,No,37047.0,160.0,168,0
254288,Male,24,1,28.0,1,< 1 Year,No,57196.0,26.0,57,0
226331,Male,22,1,28.0,1,< 1 Year,No,29831.0,153.0,185,0
179229,Male,53,1,46.0,0,1-2 Year,Yes,49116.0,124.0,139,0
353912,Male,22,1,15.0,0,< 1 Year,Yes,39443.0,152.0,247,0
331614,Male,23,1,3.0,1,< 1 Year,No,15760.0,152.0,107,0
216079,Female,24,1,7.0,0,< 1 Year,Yes,42539.0,152.0,55,0
98542,Female,37,1,35.0,1,1-2 Year,No,2630.0,156.0,76,0
184980,Female,25,1,37.0,0,< 1 Year,Yes,22058.0,152.0,116,0
65601,Female,26,1,46.0,1,< 1 Year,Yes,37804.0,124.0,207,0
300772,Male,36,1,6.0,1,1-2 Year,No,41618.0,152.0,178,0
263057,Male,27,1,8.0,1,< 1 Year,No,25662.0,152.0,272,0
337507,Female,55,1,46.0,1,1-2 Year,No,24055.0,30.0,212,0
147216,Female,36,1,28.0,1,1-2 Year,No,46624.0,55.0,38,0
69767,Male,36,1,8.0,0,1-2 Year,Yes,30335.0,124.0,104,0
195992,Female,23,1,2.0,0,< 1 Year,Yes,22902.0,152.0,74,0
167179,Female,25,1,46.0,1,< 1 Year,No,27730.0,152.0,91,0
319914,Female,54,1,28.0,0,> 2 Years,Yes,45803.0,26.0,39,0
324158,Female,25,1,36.0,0,< 1 Year,Yes,31080.0,152.0,212,0
114168,Male,48,1,46.0,1,1-2 Year,No,32482.0,11.0,137,0
359616,Female,77,1,28.0,1,1-2 Year,No,45462.0,26.0,62,0
126869,Male,53,1,28.0,0,1-2 Year,No,38034.0,124.0,287,0
22649,Female,23,1,8.0,0,< 1 Year,Yes,2630.0,152.0,225,0
198699,Female,30,1,28.0,0,1-2 Year,No,39587.0,122.0,10,0
255105,Male,51,1,8.0,0,1-2 Year,Yes,2630.0,26.0,242,0
158252,Female,72,1,28.0,1,1-2 Year,No,51250.0,24.0,197,0
236845,Male,41,1,28.0,1,1-2 Year,No,44709.0,26.0,215,0
216132,Female,46,1,41.0,1,1-2 Year,No,44198.0,124.0,136,0
360114,Female,55,1,11.0,1,1-2 Year,No,2630.0,120.0,298,0
39474,Female,39,1,41.0,1,< 1 Year,No,2630.0,1.0,82,0
305519,Female,21,1,46.0,1,< 1 Year,No,36812.0,152.0,50,0
194224,Male,23,1,11.0,1,< 1 Year,No,32320.0,152.0,150,0
353515,Male,61,1,8.0,1,1-2 Year,No,59089.0,26.0,262,0
269035,Female,67,1,28.0,0,> 2 Years,Yes,39199.0,26.0,91,0
372733,Female,23,1,46.0,1,< 1 Year,No,36320.0,152.0,85,0
142334,Female,24,1,36.0,1,< 1 Year,No,42081.0,152.0,104,0
61988,Female,23,1,8.0,1,< 1 Year,No,2630.0,151.0,189,0
110853,Male,34,1,4.0,0,< 1 Year,No,30112.0,26.0,52,0
127085,Female,25,1,30.0,0,< 1 Year,Yes,2630.0,26.0,125,0
264524,Female,23,1,36.0,1,< 1 Year,No,22810.0,152.0,271,0
296115,Male,39,1,8.0,0,1-2 Year,Yes,31201.0,7.0,274,0
342716,Male,23,1,25.0,1,< 1 Year,No,22038.0,152.0,27,0
27517,Male,39,1,15.0,0,1-2 Year,Yes,2630.0,26.0,133,0
153908,Female,20,1,28.0,0,< 1 Year,Yes,2630.0,160.0,197,0
11885,Male,33,1,41.0,0,< 1 Year,Yes,2630.0,124.0,198,0
49952,Female,22,1,15.0,1,< 1 Year,No,33409.0,160.0,178,0
51761,Female,38,1,9.0,1,1-2 Year,No,33656.0,122.0,275,0
268565,Female,71,1,28.0,0,1-2 Year,Yes,59801.0,26.0,94,0
66085,Female,21,1,7.0,1,< 1 Year,No,2630.0,152.0,181,0
299317,Male,69,1,28.0,0,1-2 Year,Yes,30015.0,26.0,225,0
246278,Female,24,1,36.0,0,< 1 Year,Yes,42588.0,152.0,13,0
32332,Female,24,1,49.0,1,< 1 Year,Yes,2630.0,152.0,114,0
120482,Male,44,1,28.0,1,< 1 Year,No,2630.0,1.0,153,0
356764,Female,21,1,35.0,1,< 1 Year,No,41542.0,152.0,258,0
348969,Female,35,1,9.0,1,1-2 Year,No,24752.0,124.0,181,0
246711,Male,26,1,8.0,1,< 1 Year,No,37124.0,160.0,47,0
231349,Female,35,1,30.0,1,1-2 Year,No,2630.0,152.0,159,0
247209,Female,21,1,28.0,0,1-2 Year,Yes,60796.0,122.0,232,0
118094,Male,47,1,33.0,0,1-2 Year,Yes,2630.0,156.0,159,0
198917,Female,23,1,8.0,1,< 1 Year,No,27734.0,160.0,172,0
13169,Female,24,1,6.0,1,< 1 Year,No,26704.0,152.0,79,0
233882,Female,44,1,33.0,0,1-2 Year,Yes,35855.0,132.0,234,0
83802,Male,52,1,48.0,1,1-2 Year,Yes,2630.0,124.0,44,0
345431,Male,64,1,29.0,1,1-2 Year,Yes,2630.0,26.0,245,0
151493,Male,29,1,11.0,1,< 1 Year,No,25811.0,152.0,183,0
141114,Male,26,1,15.0,0,< 1 Year,Yes,38654.0,152.0,172,0
200596,Female,22,1,44.0,0,< 1 Year,Yes,2630.0,152.0,76,0
202728,Male,40,1,36.0,0,1-2 Year,Yes,2630.0,26.0,258,0
101495,Male,39,1,28.0,0,1-2 Year,Yes,28413.0,124.0,199,0
322195,Male,41,1,29.0,0,1-2 Year,No,29241.0,124.0,130,0
13447,Male,35,1,15.0,1,1-2 Year,No,2630.0,124.0,77,0
85123,Male,56,1,28.0,0,1-2 Year,Yes,53100.0,152.0,276,0
125577,Female,23,1,18.0,1,< 1 Year,No,33483.0,152.0,88,0
174864,Female,20,1,3.0,0,< 1 Year,Yes,26784.0,160.0,258,0
87786,Female,44,1,46.0,0,1-2 Year,Yes,43180.0,30.0,247,0
1177,Male,59,1,26.0,0,> 2 Years,Yes,38063.0,22.0,283,0
110612,Female,23,1,3.0,1,< 1 Year,No,24745.0,152.0,180,0
212707,Female,27,1,34.0,0,< 1 Year,Yes,26711.0,152.0,266,0
48534,Male,22,1,28.0,0,< 1 Year,Yes,49225.0,152.0,270,0
379022,Male,67,1,33.0,0,1-2 Year,Yes,2630.0,16.0,150,0
25751,Male,76,1,28.0,1,1-2 Year,No,73424.0,26.0,210,0
363401,Male,54,1,3.0,0,1-2 Year,Yes,27095.0,26.0,166,0
266260,Female,26,1,30.0,1,< 1 Year,No,28188.0,160.0,64,0
346384,Female,20,1,15.0,1,< 1 Year,No,64968.0,160.0,213,0
288298,Male,46,0,29.0,0,1-2 Year,Yes,40502.0,124.0,79,0
358290,Male,24,1,15.0,1,< 1 Year,No,33808.0,152.0,83,0
167256,Female,21,1,13.0,1,< 1 Year,No,26671.0,160.0,18,0
49108,Male,39,1,28.0,1,1-2 Year,No,2630.0,26.0,136,0
294547,Male,25,1,37.0,1,< 1 Year,No,32009.0,152.0,231,0
46668,Male,46,1,28.0,1,1-2 Year,No,35817.0,25.0,36,0
278503,Male,71,1,28.0,1,1-2 Year,No,27703.0,60.0,132,0
86036,Male,46,1,46.0,1,1-2 Year,No,28515.0,124.0,193,0
298166,Male,31,1,43.0,0,< 1 Year,Yes,2630.0,26.0,214,0
122150,Male,40,1,28.0,0,1-2 Year,Yes,40330.0,26.0,206,0
155561,Female,34,1,28.0,1,1-2 Year,Yes,32655.0,154.0,46,0
192776,Male,24,1,6.0,1,< 1 Year,No,26006.0,152.0,94,0
310468,Female,65,1,41.0,1,1-2 Year,No,45231.0,124.0,197,0
120982,Male,23,1,41.0,1,< 1 Year,No,62379.0,152.0,286,0
39475,Female,23,1,6.0,1,< 1 Year,No,2630.0,163.0,219,0
140060,Male,51,1,0.0,0,1-2 Year,Yes,2630.0,124.0,259,0
60232,Female,22,1,21.0,1,< 1 Year,No,23766.0,152.0,16,0
281906,Male,34,1,6.0,0,1-2 Year,Yes,36935.0,152.0,122,0
227803,Female,31,1,8.0,0,< 1 Year,No,45832.0,152.0,131,0
243716,Female,44,1,30.0,1,1-2 Year,No,40634.0,152.0,90,0
239719,Female,27,1,11.0,1,< 1 Year,No,28217.0,152.0,262,0
115828,Male,28,1,6.0,1,< 1 Year,No,25752.0,152.0,205,0
284615,Male,57,1,47.0,0,1-2 Year,No,32988.0,124.0,251,0
90453,Female,23,1,29.0,1,< 1 Year,No,35382.0,152.0,205,0
203540,Female,21,1,27.0,0,< 1 Year,Yes,41320.0,160.0,191,0
290884,Female,23,1,8.0,1,< 1 Year,No,45456.0,152.0,115,0
107584,Female,54,1,46.0,1,1-2 Year,No,36220.0,124.0,222,0
276425,Female,24,1,46.0,1,< 1 Year,No,25052.0,152.0,291,0
174532,Female,24,1,17.0,1,< 1 Year,No,24585.0,152.0,277,0
38673,Female,43,1,9.0,0,1-2 Year,Yes,2630.0,8.0,213,0
72925,Male,54,1,8.0,0,1-2 Year,Yes,30151.0,26.0,58,0
199116,Female,22,1,8.0,0,< 1 Year,Yes,51406.0,152.0,177,0
15450,Male,24,1,10.0,1,< 1 Year,No,29995.0,152.0,144,0
99005,Male,50,1,28.0,0,> 2 Years,Yes,53357.0,13.0,180,0
45606,Male,29,1,28.0,1,< 1 Year,No,45262.0,152.0,168,0
61798,Female,24,1,3.0,1,< 1 Year,No,28476.0,152.0,24,0
189377,Female,24,1,17.0,0,< 1 Year,Yes,2630.0,152.0,174,0
144666,Male,25,1,8.0,0,< 1 Year,No,37140.0,152.0,168,0
248518,Male,44,1,48.0,0,> 2 Years,Yes,2630.0,124.0,213,0
367391,Male,44,1,28.0,0,1-2 Year,Yes,37384.0,26.0,216,0
357279,Male,44,1,28.0,1,1-2 Year,No,47868.0,26.0,71,0
289940,Female,74,1,48.0,1,1-2 Year,No,2630.0,122.0,146,0
71184,Male,38,1,28.0,0,1-2 Year,Yes,52761.0,124.0,79,0
219227,Female,25,1,28.0,1,< 1 Year,No,48620.0,152.0,291,0
93418,Female,25,1,8.0,1,< 1 Year,No,38471.0,152.0,74,0
93459,Male,36,1,28.0,0,1-2 Year,Yes,24535.0,154.0,44,0
359027,Female,74,1,28.0,0,> 2 Years,Yes,39960.0,13.0,92,0
82641,Male,41,1,28.0,0,1-2 Year,Yes,47967.0,4.0,260,0
132547,Male,40,1,20.0,0,1-2 Year,Yes,2630.0,29.0,81,0
217227,Male,23,1,50.0,1,< 1 Year,No,25117.0,152.0,56,0
198405,Female,42,1,8.0,1,1-2 Year,Yes,27837.0,124.0,129,0
345521,Male,41,1,46.0,1,1-2 Year,No,29878.0,154.0,74,0
108456,Female,71,1,28.0,1,1-2 Year,No,62080.0,26.0,57,0
169410,Male,24,1,7.0,0,< 1 Year,Yes,64132.0,152.0,54,0
354136,Female,22,1,6.0,1,< 1 Year,No,30578.0,152.0,44,0
324473,Male,20,1,15.0,0,< 1 Year,Yes,31727.0,160.0,273,0
114797,Male,55,1,28.0,1,1-2 Year,No,33703.0,26.0,161,0
32958,Female,23,1,16.0,1,< 1 Year,No,20728.0,152.0,140,0
45686,Female,22,1,40.0,0,< 1 Year,Yes,2630.0,160.0,251,0
76563,Female,23,1,45.0,1,< 1 Year,No,30837.0,152.0,12,0
220747,Male,57,1,27.0,0,1-2 Year,No,2630.0,152.0,248,0
188038,Female,27,1,8.0,0,1-2 Year,Yes,69824.0,26.0,131,0
222003,Female,44,1,28.0,0,1-2 Year,Yes,55895.0,26.0,32,0
110011,Female,25,1,46.0,1,< 1 Year,No,36849.0,152.0,277,0
373176,Male,52,1,8.0,1,1-2 Year,No,2630.0,124.0,67,0
225486,Female,34,1,4.0,1,< 1 Year,No,2630.0,1.0,288,0
184762,Female,20,1,15.0,0,< 1 Year,Yes,37390.0,160.0,183,0
81582,Female,48,1,28.0,1,1-2 Year,No,51740.0,52.0,177,0
92657,Male,37,1,28.0,1,1-2 Year,No,54295.0,26.0,75,0
75370,Female,22,1,50.0,0,< 1 Year,Yes,64196.0,152.0,53,0
21006,Female,53,1,41.0,1,1-2 Year,No,22277.0,26.0,251,0
299535,Female,26,1,35.0,1,1-2 Year,No,2630.0,156.0,217,0
139769,Male,51,1,46.0,0,1-2 Year,Yes,30295.0,124.0,195,0
204561,Male,64,1,28.0,1,1-2 Year,No,33023.0,124.0,249,0
358284,Male,25,1,10.0,1,< 1 Year,No,2630.0,152.0,189,0
305469,Male,32,1,39.0,1,1-2 Year,No,2630.0,156.0,297,0
185722,Male,24,1,6.0,1,< 1 Year,No,47470.0,152.0,98,0
328609,Male,41,1,39.0,0,1-2 Year,No,33946.0,124.0,122,0
111578,Male,45,1,28.0,0,< 1 Year,No,2630.0,1.0,136,0
224659,Male,23,1,41.0,1,< 1 Year,No,41413.0,152.0,267,0
170979,Female,25,1,36.0,1,< 1 Year,No,35614.0,152.0,288,0
210525,Female,22,1,15.0,1,< 1 Year,No,28192.0,160.0,62,0
379893,Male,58,1,28.0,0,1-2 Year,Yes,50285.0,122.0,272,0
350279,Male,25,1,6.0,1,< 1 Year,No,16472.0,152.0,110,0
14495,Male,24,1,37.0,0,< 1 Year,Yes,32082.0,152.0,259,0
380344,Female,45,1,20.0,1,1-2 Year,No,2630.0,124.0,19,0
67874,Female,22,1,6.0,0,< 1 Year,No,30318.0,152.0,163,0
187449,Female,37,1,24.0,0,1-2 Year,Yes,36046.0,124.0,229,0
291668,Male,48,1,29.0,1,1-2 Year,No,44222.0,124.0,127,0
213416,Male,34,1,33.0,1,1-2 Year,No,29773.0,26.0,188,0
312452,Male,56,1,8.0,1,1-2 Year,No,51384.0,124.0,236,0
175865,Male,32,1,11.0,0,1-2 Year,Yes,26472.0,31.0,38,0
55211,Female,27,1,46.0,1,< 1 Year,No,29033.0,152.0,143,0
226035,Male,46,1,28.0,0,1-2 Year,Yes,33980.0,124.0,284,0
20190,Male,60,1,28.0,1,1-2 Year,No,48456.0,124.0,192,0
274153,Female,38,1,50.0,0,1-2 Year,Yes,30840.0,152.0,89,0
29879,Male,23,1,20.0,0,< 1 Year,No,2630.0,152.0,210,0
62055,Female,46,1,35.0,1,1-2 Year,No,2630.0,124.0,229,0
22768,Male,46,1,28.0,0,1-2 Year,Yes,42370.0,124.0,166,0
31870,Male,53,1,28.0,1,1-2 Year,No,25877.0,124.0,183,0
371950,Male,32,1,41.0,1,1-2 Year,No,29551.0,26.0,131,0
89698,Female,31,1,41.0,1,< 1 Year,No,32400.0,152.0,208,0
324982,Male,28,1,6.0,1,< 1 Year,No,26622.0,152.0,241,0
142068,Female,52,1,28.0,0,1-2 Year,Yes,29838.0,124.0,169,0
176992,Male,46,1,28.0,0,1-2 Year,Yes,44273.0,124.0,33,0
244113,Female,71,1,39.0,0,1-2 Year,Yes,41365.0,154.0,276,0
201148,Male,58,1,11.0,1,1-2 Year,No,45576.0,26.0,108,0
134066,Female,60,1,8.0,1,1-2 Year,No,57111.0,7.0,123,0
241040,Male,36,1,28.0,0,1-2 Year,Yes,43170.0,124.0,102,0
377680,Male,25,1,8.0,1,< 1 Year,No,84319.0,152.0,235,0
328613,Male,27,1,30.0,1,< 1 Year,No,26703.0,152.0,88,0
162626,Female,73,1,28.0,1,1-2 Year,No,38179.0,122.0,95,0
163358,Male,40,1,3.0,0,1-2 Year,Yes,32089.0,124.0,163,0
109514,Male,34,1,43.0,0,1-2 Year,Yes,36726.0,124.0,20,0
359861,Female,25,1,8.0,1,< 1 Year,No,35947.0,152.0,216,0
120186,Female,49,1,28.0,1,1-2 Year,No,41169.0,26.0,223,0
253335,Female,24,1,41.0,1,< 1 Year,No,29461.0,160.0,273,0
254056,Male,62,1,28.0,0,1-2 Year,Yes,52825.0,124.0,142,0
199521,Female,22,1,29.0,1,< 1 Year,No,30881.0,152.0,47,0
201378,Male,55,1,28.0,0,1-2 Year,Yes,2630.0,124.0,214,0
349754,Male,55,1,7.0,1,1-2 Year,Yes,37833.0,26.0,161,0
86829,Male,63,1,8.0,1,1-2 Year,No,36345.0,26.0,271,0
196948,Female,46,1,28.0,1,1-2 Year,No,42653.0,124.0,121,0
79397,Male,27,1,33.0,1,1-2 Year,No,30913.0,124.0,237,0
25068,Female,23,1,36.0,0,< 1 Year,Yes,35131.0,152.0,28,0
325267,Male,49,1,8.0,1,1-2 Year,No,40562.0,26.0,196,0
365089,Female,22,1,47.0,0,< 1 Year,Yes,23537.0,152.0,153,0
132092,Male,43,1,4.0,0,1-2 Year,Yes,36384.0,26.0,262,0
1760,Female,50,1,50.0,1,1-2 Year,No,28606.0,122.0,77,0
205213,Male,26,1,8.0,1,< 1 Year,No,30012.0,152.0,10,0
104100,Male,20,1,47.0,0,< 1 Year,Yes,47489.0,160.0,93,0
309257,Male,25,1,12.0,1,< 1 Year,No,55663.0,152.0,232,0
147316,Female,27,1,10.0,1,< 1 Year,No,26456.0,152.0,76,0
96676,Male,23,1,29.0,1,< 1 Year,No,24668.0,152.0,261,0
345060,Female,27,1,8.0,1,< 1 Year,No,31059.0,152.0,47,0
372315,Male,25,1,30.0,1,< 1 Year,No,24111.0,152.0,109,0
255760,Male,43,1,28.0,1,1-2 Year,No,27876.0,26.0,231,0
307122,Female,25,1,37.0,0,< 1 Year,No,22243.0,152.0,161,0
292879,Male,44,1,0.0,0,1-2 Year,Yes,2630.0,124.0,178,0
348822,Female,52,1,31.0,1,1-2 Year,No,2630.0,26.0,136,0
197657,Male,44,1,41.0,0,1-2 Year,Yes,2630.0,30.0,286,0
162124,Female,48,1,46.0,1,1-2 Year,No,26801.0,152.0,170,0
98928,Male,49,1,33.0,0,1-2 Year,No,39908.0,124.0,102,0
294893,Female,32,1,46.0,1,1-2 Year,No,33115.0,124.0,260,0
129483,Female,20,1,36.0,1,< 1 Year,No,29193.0,160.0,224,0
370750,Male,23,1,41.0,1,< 1 Year,No,46185.0,152.0,127,0
274825,Male,36,1,8.0,0,1-2 Year,Yes,23234.0,124.0,10,0
208558,Female,32,1,46.0,1,1-2 Year,No,35942.0,11.0,39,0
20135,Male,48,1,28.0,0,> 2 Years,Yes,31101.0,26.0,103,0
100931,Male,23,1,6.0,1,< 1 Year,No,23073.0,152.0,27,0
188571,Male,52,1,28.0,1,1-2 Year,No,20520.0,26.0,30,0
121540,Male,31,1,30.0,1,< 1 Year,No,29248.0,152.0,157,0
280109,Female,25,1,27.0,1,< 1 Year,No,23874.0,152.0,193,0
161329,Male,45,1,27.0,0,1-2 Year,Yes,34630.0,154.0,193,0
46540,Female,41,1,28.0,0,1-2 Year,Yes,42393.0,26.0,137,0
72508,Female,22,1,46.0,1,< 1 Year,No,31917.0,152.0,11,0
310148,Male,25,1,15.0,1,< 1 Year,No,36451.0,152.0,206,0
215529,Female,32,1,46.0,1,< 1 Year,No,32883.0,152.0,181,0
264465,Female,40,1,18.0,0,1-2 Year,No,29401.0,124.0,93,0
168828,Male,68,1,28.0,1,1-2 Year,No,35429.0,122.0,64,0
318759,Female,23,1,8.0,1,< 1 Year,No,35706.0,152.0,104,0
321007,Male,60,1,3.0,1,1-2 Year,No,28115.0,124.0,164,0
79853,Male,30,1,29.0,1,< 1 Year,No,24494.0,152.0,248,0
248483,Male,69,1,28.0,1,1-2 Year,No,41184.0,40.0,217,0
302840,Male,22,1,8.0,1,< 1 Year,No,41161.0,26.0,229,0
122661,Male,45,1,43.0,0,1-2 Year,Yes,32292.0,124.0,41,0
142969,Female,79,1,28.0,0,> 2 Years,Yes,45073.0,122.0,33,0
71121,Female,22,1,40.0,1,< 1 Year,No,25750.0,152.0,202,0
319002,Male,21,1,8.0,0,< 1 Year,Yes,45031.0,160.0,245,0
164904,Male,59,1,28.0,0,1-2 Year,Yes,47339.0,122.0,199,0
173743,Female,61,1,28.0,0,1-2 Year,Yes,2630.0,156.0,144,0
85468,Male,58,1,28.0,1,1-2 Year,No,28233.0,60.0,56,0
236999,Female,21,1,36.0,0,< 1 Year,Yes,38199.0,152.0,293,0
19798,Male,24,1,29.0,1,< 1 Year,No,49556.0,152.0,204,0
358093,Female,26,1,14.0,1,< 1 Year,No,31418.0,152.0,116,0
275852,Female,22,1,36.0,1,< 1 Year,No,34163.0,160.0,255,0
379090,Male,38,1,23.0,0,1-2 Year,Yes,2630.0,157.0,14,0
170347,Male,72,1,28.0,0,1-2 Year,Yes,42650.0,26.0,23,0
16872,Male,55,1,29.0,1,1-2 Year,No,34778.0,26.0,179,0
293672,Male,63,1,28.0,0,1-2 Year,Yes,86349.0,26.0,108,0
376695,Male,22,1,33.0,1,< 1 Year,No,27699.0,152.0,198,0
208600,Male,50,1,48.0,0,1-2 Year,Yes,2630.0,124.0,100,0
305426,Female,24,1,1.0,0,< 1 Year,Yes,2630.0,160.0,131,0
326786,Male,30,1,28.0,0,< 1 Year,Yes,2630.0,158.0,147,0
17430,Female,24,1,13.0,1,< 1 Year,No,2630.0,151.0,179,0
186975,Male,38,1,8.0,1,1-2 Year,No,37336.0,7.0,248,0
368970,Male,44,1,29.0,0,1-2 Year,No,50666.0,124.0,252,0
209924,Female,23,1,41.0,1,< 1 Year,No,28679.0,152.0,166,0
81114,Male,36,1,9.0,1,1-2 Year,No,19711.0,152.0,116,0
179582,Male,44,1,41.0,0,1-2 Year,No,33798.0,124.0,286,0
162059,Female,21,1,49.0,1,< 1 Year,Yes,2630.0,160.0,31,0
263689,Male,52,1,11.0,0,> 2 Years,Yes,34581.0,124.0,270,0
202702,Male,61,1,28.0,1,1-2 Year,No,36277.0,122.0,31,0
68094,Female,25,1,47.0,1,< 1 Year,No,36654.0,152.0,70,0
89913,Female,66,1,18.0,0,1-2 Year,Yes,50992.0,26.0,201,0
102237,Female,25,1,40.0,0,< 1 Year,Yes,24094.0,152.0,97,0
79096,Male,51,1,41.0,0,1-2 Year,Yes,33824.0,26.0,195,0
109988,Female,48,1,28.0,1,1-2 Year,No,31466.0,26.0,292,0
348767,Female,23,1,3.0,1,< 1 Year,No,29495.0,152.0,116,0
79170,Female,76,1,28.0,1,1-2 Year,No,46994.0,26.0,46,0
324560,Female,60,1,28.0,0,1-2 Year,Yes,51778.0,26.0,25,0
326791,Female,24,1,15.0,1,< 1 Year,No,38298.0,151.0,38,0
148063,Female,22,1,36.0,0,< 1 Year,No,40577.0,152.0,142,0
267205,Male,64,1,37.0,0,> 2 Years,Yes,2630.0,156.0,76,0
250931,Male,20,1,9.0,1,< 1 Year,No,30535.0,160.0,136,0
292208,Male,71,1,28.0,1,1-2 Year,No,64065.0,124.0,179,0
90457,Male,22,1,13.0,0,< 1 Year,No,29909.0,152.0,64,0
141957,Male,40,1,28.0,1,1-2 Year,No,32473.0,25.0,11,0
88458,Male,22,1,41.0,0,< 1 Year,Yes,29169.0,152.0,95,0
327978,Male,41,1,38.0,0,1-2 Year,Yes,31089.0,124.0,240,0
94177,Female,20,1,35.0,1,< 1 Year,No,31387.0,160.0,120,0
5172,Female,53,1,41.0,1,1-2 Year,No,45759.0,152.0,248,0
225669,Male,44,1,28.0,0,1-2 Year,Yes,34623.0,124.0,71,0
80009,Male,52,1,28.0,0,1-2 Year,Yes,28917.0,26.0,239,0
299604,Male,26,1,28.0,1,< 1 Year,No,23907.0,152.0,218,0
256608,Female,62,1,28.0,0,1-2 Year,Yes,2630.0,124.0,236,0
58080,Female,34,1,15.0,0,> 2 Years,Yes,2630.0,157.0,276,0
279757,Male,24,1,46.0,1,< 1 Year,No,22676.0,152.0,217,0
290714,Male,37,1,28.0,0,1-2 Year,Yes,34177.0,26.0,142,0
358736,Male,42,1,47.0,1,1-2 Year,No,36194.0,16.0,163,0
14396,Female,38,1,45.0,1,1-2 Year,No,54725.0,152.0,255,0
246234,Male,25,1,29.0,1,< 1 Year,No,30413.0,152.0,39,0
366270,Male,31,1,29.0,1,1-2 Year,No,37616.0,26.0,218,0
81686,Female,34,1,28.0,1,1-2 Year,Yes,26192.0,124.0,72,0
24070,Female,60,1,2.0,1,1-2 Year,No,29340.0,124.0,56,0
284639,Female,45,1,28.0,0,> 2 Years,Yes,44620.0,24.0,216,0
290850,Male,53,1,2.0,0,1-2 Year,Yes,22789.0,155.0,247,0
35104,Male,51,1,33.0,0,1-2 Year,Yes,24871.0,26.0,250,0
242608,Female,31,1,15.0,1,< 1 Year,No,27428.0,152.0,105,0
352971,Female,65,1,28.0,1,1-2 Year,No,34963.0,111.0,251,0
352647,Male,27,1,22.0,1,< 1 Year,No,27179.0,152.0,254,0
147930,Female,42,1,28.0,1,1-2 Year,No,24343.0,124.0,148,0
356561,Male,43,1,15.0,1,1-2 Year,No,36593.0,124.0,21,0
149437,Female,21,1,49.0,0,< 1 Year,Yes,32933.0,152.0,91,0
286631,Female,28,1,15.0,0,< 1 Year,No,32036.0,152.0,13,0
27446,Male,22,1,8.0,1,< 1 Year,No,79388.0,160.0,82,0
24810,Male,65,1,11.0,0,1-2 Year,Yes,40962.0,26.0,68,0
10941,Female,24,1,15.0,1,< 1 Year,No,29881.0,152.0,17,0
257426,Male,21,1,45.0,0,< 1 Year,Yes,37295.0,160.0,196,0
220707,Female,26,1,14.0,1,< 1 Year,No,2630.0,152.0,66,0
302436,Female,45,1,28.0,1,1-2 Year,No,41882.0,26.0,266,0
83316,Male,24,1,10.0,1,< 1 Year,No,26551.0,152.0,148,0
105302,Male,34,1,28.0,1,1-2 Year,No,25580.0,61.0,91,0
8413,Female,24,1,43.0,1,< 1 Year,No,30124.0,152.0,104,0
332681,Female,46,1,27.0,0,1-2 Year,No,24257.0,26.0,73,0
6010,Female,24,1,19.0,1,< 1 Year,No,2630.0,152.0,106,0
172478,Male,26,1,15.0,1,< 1 Year,No,34623.0,152.0,165,0
214233,Female,22,1,28.0,1,< 1 Year,No,28233.0,152.0,58,0
265519,Female,47,1,3.0,1,1-2 Year,No,26725.0,26.0,207,0
314314,Male,63,1,39.0,0,1-2 Year,Yes,48388.0,26.0,263,0
235295,Female,33,1,33.0,0,< 1 Year,No,30086.0,154.0,151,0
255999,Female,23,1,15.0,0,< 1 Year,No,22764.0,152.0,88,0
333132,Female,42,1,28.0,1,1-2 Year,No,35168.0,31.0,204,0
293918,Male,51,1,24.0,1,1-2 Year,No,30147.0,26.0,289,0
372279,Female,26,1,28.0,1,< 1 Year,No,29206.0,152.0,281,0
63585,Female,56,1,28.0,0,1-2 Year,No,26714.0,156.0,66,0
262475,Female,21,1,45.0,0,< 1 Year,Yes,31338.0,160.0,197,0
183335,Female,56,1,31.0,0,< 1 Year,No,2630.0,1.0,114,0
119105,Male,77,1,46.0,0,1-2 Year,Yes,29131.0,26.0,190,0
179810,Female,23,1,41.0,0,< 1 Year,Yes,43626.0,124.0,114,0
204215,Male,52,1,0.0,0,1-2 Year,Yes,2630.0,124.0,299,0
6843,Male,68,1,28.0,1,1-2 Year,No,45682.0,122.0,15,0
218065,Male,23,1,9.0,0,< 1 Year,Yes,49633.0,151.0,56,0
234782,Female,56,1,28.0,0,1-2 Year,Yes,34529.0,26.0,50,0
32604,Female,56,1,28.0,0,1-2 Year,Yes,36666.0,60.0,174,0
317192,Male,69,1,28.0,1,1-2 Year,No,48065.0,124.0,50,0
14468,Male,23,1,30.0,1,< 1 Year,No,29374.0,152.0,272,0
309014,Male,65,1,28.0,0,1-2 Year,Yes,2630.0,26.0,201,0
77298,Female,42,1,28.0,1,1-2 Year,No,36168.0,124.0,258,0
69077,Male,30,1,28.0,1,< 1 Year,No,2630.0,157.0,206,0
313650,Male,29,1,41.0,1,< 1 Year,No,19896.0,152.0,147,0
38258,Male,65,1,28.0,0,1-2 Year,Yes,28781.0,4.0,182,0
124323,Female,26,1,25.0,1,< 1 Year,No,29042.0,152.0,240,0
159977,Female,22,1,35.0,1,< 1 Year,No,25067.0,152.0,153,0
276015,Female,26,1,28.0,1,1-2 Year,No,40028.0,124.0,36,0
359776,Male,20,1,15.0,1,< 1 Year,No,38225.0,160.0,71,0
284250,Female,24,1,47.0,1,< 1 Year,No,28218.0,152.0,90,0
304576,Male,48,1,46.0,0,1-2 Year,Yes,38133.0,11.0,170,0
372910,Male,56,1,28.0,1,1-2 Year,No,27055.0,26.0,130,0
276880,Female,33,1,28.0,0,1-2 Year,Yes,31354.0,157.0,23,0
82028,Male,44,1,11.0,0,1-2 Year,Yes,33990.0,120.0,256,0
45583,Female,43,1,28.0,0,1-2 Year,Yes,33754.0,26.0,186,0
339049,Male,54,1,11.0,0,1-2 Year,Yes,26199.0,26.0,83,0
137803,Female,71,1,18.0,1,1-2 Year,No,51266.0,124.0,200,0
357689,Male,70,1,8.0,0,1-2 Year,Yes,49991.0,26.0,180,0
133376,Male,23,1,41.0,1,< 1 Year,No,28714.0,152.0,167,0
44755,Male,21,1,50.0,1,< 1 Year,No,36986.0,160.0,199,0
10140,Male,25,1,24.0,1,< 1 Year,No,31400.0,152.0,255,0
278367,Female,21,1,36.0,1,< 1 Year,Yes,28901.0,152.0,22,0
319454,Female,56,1,28.0,0,> 2 Years,Yes,46970.0,122.0,197,0
194583,Female,37,1,12.0,1,1-2 Year,No,25390.0,124.0,66,0
199171,Female,33,1,50.0,1,< 1 Year,No,48875.0,152.0,169,0
68889,Male,25,1,47.0,0,< 1 Year,No,23504.0,152.0,178,0
4960,Female,22,1,30.0,1,< 1 Year,No,30422.0,152.0,84,0
149224,Male,44,1,28.0,1,1-2 Year,No,25933.0,124.0,159,0
83097,Male,23,1,8.0,1,< 1 Year,No,43555.0,152.0,108,0
10531,Male,21,1,3.0,0,< 1 Year,No,44459.0,160.0,86,0
242680,Female,65,1,28.0,0,1-2 Year,Yes,49557.0,26.0,286,0
73943,Female,24,1,47.0,0,< 1 Year,Yes,39432.0,152.0,70,0
181176,Female,24,1,6.0,1,< 1 Year,Yes,20245.0,152.0,21,0
181380,Male,22,1,46.0,1,< 1 Year,No,32730.0,152.0,208,0
282582,Male,47,1,35.0,0,1-2 Year,Yes,2630.0,26.0,136,0
273962,Male,25,1,28.0,1,< 1 Year,No,40540.0,152.0,169,0
165639,Male,53,1,28.0,0,1-2 Year,Yes,24939.0,124.0,271,0
107519,Male,55,1,28.0,0,1-2 Year,Yes,47646.0,4.0,196,0
91332,Male,25,1,30.0,1,< 1 Year,No,28785.0,152.0,65,0
124368,Female,24,1,45.0,1,< 1 Year,No,22347.0,152.0,131,0
235268,Male,21,1,27.0,1,< 1 Year,No,2630.0,160.0,68,0
202695,Male,75,1,27.0,1,1-2 Year,No,27828.0,26.0,283,0
102351,Female,24,1,3.0,1,< 1 Year,No,17595.0,152.0,49,0
137756,Male,24,1,15.0,0,< 1 Year,No,41305.0,152.0,285,0
274404,Male,21,1,30.0,0,< 1 Year,Yes,29674.0,160.0,188,0
213420,Female,33,1,6.0,1,< 1 Year,No,2630.0,152.0,244,0
251083,Male,45,1,28.0,1,1-2 Year,No,35269.0,26.0,294,0
231708,Male,40,1,36.0,0,1-2 Year,Yes,24833.0,124.0,245,0
122483,Female,28,1,28.0,1,< 1 Year,No,24807.0,152.0,299,0
316753,Female,23,1,2.0,0,< 1 Year,Yes,24287.0,152.0,110,0
247870,Female,25,1,6.0,1,< 1 Year,No,25306.0,152.0,162,0
117714,Male,67,1,5.0,0,1-2 Year,No,26290.0,26.0,186,0
133221,Male,49,1,31.0,1,1-2 Year,No,2630.0,26.0,95,0
84447,Male,47,1,8.0,0,1-2 Year,Yes,2630.0,156.0,149,0
380656,Male,64,1,28.0,0,1-2 Year,Yes,68901.0,124.0,157,0
301782,Male,21,1,15.0,0,< 1 Year,Yes,39383.0,152.0,141,0
335799,Female,22,1,46.0,1,< 1 Year,No,23733.0,152.0,56,0
290501,Male,57,1,41.0,1,1-2 Year,No,39292.0,26.0,167,0
243938,Male,27,1,45.0,0,< 1 Year,Yes,2630.0,152.0,32,0
193816,Female,36,1,16.0,1,1-2 Year,No,23303.0,152.0,132,0
134667,Male,39,1,39.0,0,1-2 Year,Yes,37334.0,26.0,135,0
364341,Female,23,1,23.0,1,< 1 Year,No,33005.0,152.0,32,0
248487,Male,24,1,46.0,1,< 1 Year,No,20267.0,152.0,126,0
16021,Male,58,1,22.0,1,1-2 Year,No,2630.0,8.0,257,0
273402,Male,22,1,41.0,1,< 1 Year,No,2630.0,160.0,82,0
338807,Female,57,1,24.0,0,1-2 Year,Yes,2630.0,156.0,250,0
328964,Female,23,1,27.0,0,< 1 Year,Yes,24716.0,152.0,249,0
342009,Female,25,1,28.0,1,< 1 Year,No,27097.0,152.0,106,0
190669,Male,21,1,35.0,0,1-2 Year,Yes,30489.0,26.0,247,0
88042,Male,21,1,15.0,0,< 1 Year,No,27545.0,160.0,262,0
267416,Male,45,1,28.0,0,1-2 Year,Yes,27302.0,122.0,118,0
99864,Male,71,1,8.0,1,1-2 Year,No,36603.0,26.0,89,0
297855,Male,59,1,21.0,1,1-2 Year,No,32304.0,124.0,254,0
255076,Male,42,1,47.0,1,1-2 Year,No,36960.0,26.0,285,0
1708,Male,25,1,21.0,1,< 1 Year,No,26377.0,152.0,245,0
135051,Male,54,1,28.0,1,1-2 Year,No,43786.0,125.0,42,0
159378,Female,20,1,5.0,0,< 1 Year,Yes,2630.0,160.0,213,0
371981,Male,25,1,29.0,1,< 1 Year,No,34065.0,152.0,94,0
284167,Male,25,1,24.0,0,< 1 Year,Yes,23911.0,152.0,278,0
11983,Male,66,1,41.0,0,1-2 Year,Yes,33186.0,154.0,27,0
54154,Male,46,1,28.0,1,1-2 Year,No,37180.0,26.0,154,0
372669,Male,26,1,10.0,1,< 1 Year,No,32692.0,152.0,178,0
170946,Female,22,1,50.0,1,< 1 Year,No,30730.0,152.0,178,0
261290,Male,79,1,3.0,0,1-2 Year,Yes,24522.0,30.0,171,0
65837,Male,43,1,37.0,1,1-2 Year,No,30226.0,26.0,27,0
232514,Female,25,1,13.0,1,< 1 Year,No,29816.0,152.0,166,0
360061,Male,25,1,28.0,1,< 1 Year,No,37855.0,152.0,188,0
313089,Female,25,1,6.0,1,< 1 Year,No,21293.0,152.0,259,0
48109,Female,33,1,8.0,1,< 1 Year,No,36748.0,152.0,167,0
167735,Male,24,1,6.0,1,< 1 Year,No,18562.0,152.0,278,0
2549,Male,46,1,15.0,1,1-2 Year,No,28329.0,154.0,178,0
32683,Female,28,1,50.0,1,< 1 Year,No,28587.0,152.0,173,0
94099,Female,24,1,50.0,1,< 1 Year,No,38173.0,152.0,118,0
239697,Female,42,1,28.0,0,1-2 Year,Yes,41064.0,122.0,45,0
1114,Male,38,1,28.0,0,1-2 Year,Yes,32338.0,124.0,259,0
289040,Female,73,1,5.0,0,1-2 Year,Yes,19981.0,122.0,22,0
48358,Male,44,1,11.0,1,1-2 Year,No,2630.0,120.0,203,0
191576,Female,53,1,33.0,0,1-2 Year,Yes,32070.0,26.0,228,0
156376,Male,26,1,33.0,1,< 1 Year,No,39000.0,152.0,126,0
217182,Male,25,1,36.0,1,< 1 Year,No,31086.0,152.0,258,0
377480,Female,23,1,20.0,0,< 1 Year,Yes,2630.0,152.0,89,0
249450,Female,21,1,8.0,0,< 1 Year,Yes,43202.0,152.0,117,0
125026,Male,26,1,28.0,1,< 1 Year,No,43413.0,152.0,238,0
86296,Female,30,1,29.0,1,< 1 Year,No,49656.0,26.0,88,0
142306,Female,23,1,25.0,1,< 1 Year,No,28420.0,160.0,47,0
202498,Male,25,1,41.0,0,< 1 Year,Yes,33832.0,152.0,59,0
373194,Female,70,1,50.0,1,1-2 Year,No,41229.0,8.0,171,0
98783,Male,46,1,39.0,0,1-2 Year,Yes,26702.0,124.0,198,0
217508,Female,25,1,28.0,1,< 1 Year,No,40070.0,152.0,139,0
176532,Female,54,1,48.0,0,1-2 Year,Yes,2630.0,26.0,79,0
239119,Male,61,1,36.0,0,1-2 Year,Yes,37590.0,30.0,223,0
350144,Male,28,1,17.0,1,< 1 Year,No,29737.0,152.0,238,0
42323,Male,24,1,8.0,1,< 1 Year,No,31417.0,152.0,259,0
284356,Male,21,1,30.0,1,< 1 Year,No,32461.0,152.0,208,0
246132,Female,62,1,28.0,1,1-2 Year,No,23422.0,124.0,166,0
18489,Male,38,1,8.0,1,1-2 Year,No,2630.0,19.0,142,0
199049,Female,23,1,8.0,0,< 1 Year,Yes,41258.0,152.0,44,0
309491,Male,22,1,16.0,0,< 1 Year,No,28442.0,152.0,186,0
196874,Male,34,1,8.0,1,1-2 Year,No,2630.0,124.0,62,0
266277,Male,48,1,15.0,0,1-2 Year,Yes,49759.0,26.0,130,0
25932,Male,23,1,30.0,1,< 1 Year,No,34289.0,152.0,285,0
194693,Female,23,1,8.0,0,< 1 Year,Yes,2630.0,156.0,245,0
207714,Male,24,1,8.0,1,< 1 Year,No,31355.0,152.0,226,0
54115,Female,23,1,6.0,1,< 1 Year,No,31153.0,26.0,218,0
69082,Female,80,1,41.0,1,1-2 Year,No,2630.0,14.0,193,0
44869,Male,22,1,37.0,1,< 1 Year,No,32468.0,152.0,204,0
344933,Female,24,1,46.0,0,< 1 Year,Yes,33251.0,152.0,145,0
26837,Female,29,1,46.0,1,< 1 Year,No,29769.0,152.0,195,0
263395,Male,26,1,37.0,0,< 1 Year,Yes,39888.0,152.0,190,0
43051,Male,41,1,28.0,0,1-2 Year,Yes,40843.0,124.0,90,0
160908,Female,48,1,26.0,1,1-2 Year,No,28250.0,26.0,260,0
271063,Female,40,1,17.0,1,1-2 Year,No,37988.0,124.0,255,0
81517,Male,54,1,28.0,0,1-2 Year,Yes,40601.0,124.0,64,0
299123,Female,22,1,15.0,0,< 1 Year,Yes,22646.0,152.0,68,0
14465,Female,23,1,10.0,0,< 1 Year,No,2630.0,152.0,186,0
46749,Male,24,1,39.0,1,< 1 Year,No,33779.0,152.0,229,0
29082,Male,53,1,8.0,1,1-2 Year,No,46549.0,26.0,178,0
143605,Male,50,1,28.0,0,1-2 Year,Yes,24700.0,124.0,145,0
14439,Male,24,1,28.0,0,< 1 Year,Yes,45894.0,156.0,23,0
351759,Male,24,1,45.0,0,< 1 Year,Yes,28751.0,152.0,279,0
352567,Male,26,1,2.0,0,< 1 Year,Yes,36198.0,152.0,154,0
181316,Male,23,1,27.0,1,< 1 Year,No,33092.0,152.0,138,0
311212,Female,32,1,47.0,1,< 1 Year,No,24274.0,152.0,42,0
18307,Male,48,1,8.0,1,1-2 Year,No,42786.0,26.0,206,0
284289,Female,22,1,21.0,1,< 1 Year,No,36759.0,152.0,137,0
83710,Male,22,1,36.0,1,< 1 Year,Yes,2630.0,152.0,186,0
309343,Male,25,1,31.0,1,< 1 Year,No,2630.0,152.0,87,0
31070,Male,44,1,28.0,0,1-2 Year,Yes,26448.0,26.0,123,0
62776,Female,28,1,15.0,0,< 1 Year,No,34342.0,152.0,54,0
375673,Female,21,1,12.0,0,< 1 Year,Yes,27470.0,160.0,253,0
58656,Male,43,1,23.0,1,1-2 Year,No,33465.0,26.0,274,0
365718,Male,32,1,14.0,1,< 1 Year,No,25004.0,152.0,232,0
373250,Male,29,1,35.0,1,< 1 Year,Yes,30168.0,152.0,83,0
27234,Female,52,1,18.0,1,1-2 Year,No,42753.0,122.0,93,0
75118,Female,41,1,28.0,0,1-2 Year,Yes,25483.0,124.0,54,0
96842,Male,23,1,3.0,1,< 1 Year,No,22487.0,160.0,182,0
232007,Male,60,1,28.0,0,1-2 Year,No,24774.0,124.0,277,0
372937,Female,53,1,39.0,1,1-2 Year,Yes,32727.0,124.0,298,0
207151,Female,59,1,15.0,0,1-2 Year,Yes,36303.0,14.0,50,0
136950,Female,29,1,11.0,0,< 1 Year,No,31687.0,152.0,116,0
331710,Female,23,1,43.0,0,< 1 Year,Yes,2630.0,151.0,116,0
318103,Male,24,1,8.0,1,< 1 Year,No,66020.0,152.0,73,0
182464,Female,37,1,29.0,0,1-2 Year,Yes,27963.0,26.0,140,0
209679,Female,53,1,8.0,0,1-2 Year,No,45663.0,124.0,20,0
16340,Male,21,1,39.0,0,< 1 Year,No,28129.0,152.0,186,0
333095,Female,34,1,30.0,1,1-2 Year,No,34767.0,152.0,81,0
295131,Male,28,1,46.0,1,< 1 Year,No,29337.0,152.0,299,0
11208,Female,70,1,28.0,1,1-2 Year,No,53477.0,125.0,211,0
372969,Female,23,1,45.0,0,< 1 Year,No,24112.0,152.0,53,0
1086,Male,25,1,10.0,1,< 1 Year,No,22069.0,152.0,93,0
128468,Female,20,1,50.0,0,< 1 Year,Yes,32229.0,160.0,47,0
182110,Female,24,1,49.0,1,< 1 Year,No,28959.0,152.0,279,0
216039,Female,24,1,12.0,1,< 1 Year,No,23209.0,152.0,182,0
203996,Female,22,1,6.0,1,< 1 Year,No,54460.0,152.0,224,0
184211,Male,45,1,20.0,1,1-2 Year,No,2630.0,157.0,237,0
368008,Female,23,1,2.0,0,< 1 Year,No,34032.0,151.0,53,0
94257,Female,23,1,11.0,1,< 1 Year,No,33798.0,152.0,270,0
274811,Female,21,1,8.0,1,< 1 Year,Yes,46320.0,152.0,73,0
167867,Female,25,1,46.0,1,< 1 Year,No,24436.0,152.0,115,0
159509,Female,25,1,25.0,1,< 1 Year,No,2630.0,152.0,143,0
51648,Male,49,1,23.0,0,1-2 Year,No,27229.0,26.0,122,0
360678,Female,23,1,29.0,1,< 1 Year,No,35291.0,152.0,24,0
238790,Female,49,1,51.0,1,1-2 Year,No,34560.0,122.0,202,0
370897,Male,75,1,23.0,1,1-2 Year,No,25139.0,122.0,250,0
193294,Female,43,1,28.0,0,1-2 Year,Yes,30329.0,157.0,288,0
193347,Male,24,1,11.0,1,< 1 Year,No,29723.0,152.0,96,0
319659,Female,33,1,28.0,1,< 1 Year,No,39083.0,152.0,144,0
204917,Female,42,1,28.0,1,1-2 Year,No,36154.0,125.0,268,0
311184,Male,79,1,20.0,1,1-2 Year,No,2630.0,26.0,84,0
107132,Male,39,1,37.0,1,1-2 Year,No,2630.0,26.0,257,0
47060,Male,52,1,15.0,1,1-2 Year,No,28353.0,122.0,127,0
117004,Female,27,1,11.0,1,< 1 Year,No,25200.0,152.0,98,0
35293,Female,30,1,40.0,0,< 1 Year,Yes,41774.0,152.0,118,0
7279,Female,22,1,41.0,0,1-2 Year,Yes,2630.0,163.0,121,0
12956,Male,38,1,28.0,0,1-2 Year,Yes,28768.0,124.0,193,0
334178,Female,22,1,25.0,0,< 1 Year,Yes,19888.0,152.0,297,0
262798,Female,23,1,50.0,1,< 1 Year,No,26721.0,151.0,156,0
209503,Female,22,1,41.0,1,< 1 Year,No,30741.0,152.0,105,0
15800,Male,67,1,28.0,0,> 2 Years,Yes,51716.0,124.0,10,0
178909,Male,49,1,29.0,0,1-2 Year,Yes,2630.0,156.0,260,0
146358,Female,51,1,29.0,0,1-2 Year,Yes,22067.0,26.0,230,0
106237,Female,22,1,7.0,0,1-2 Year,Yes,48915.0,156.0,94,0
165812,Female,29,1,28.0,1,< 1 Year,No,28839.0,152.0,298,0
66145,Male,42,1,28.0,0,1-2 Year,Yes,27490.0,124.0,51,0
175238,Male,58,1,28.0,0,1-2 Year,Yes,32913.0,26.0,258,0
5719,Female,25,1,28.0,1,< 1 Year,No,42984.0,152.0,229,0
234209,Female,25,1,8.0,1,< 1 Year,No,36594.0,152.0,196,0
166176,Female,34,1,15.0,1,1-2 Year,No,28194.0,152.0,57,0
284790,Female,23,1,41.0,1,< 1 Year,No,32834.0,152.0,261,0
38332,Male,37,1,8.0,0,1-2 Year,Yes,51281.0,124.0,246,0
90100,Female,67,1,28.0,0,1-2 Year,Yes,37235.0,26.0,155,0
204472,Female,28,1,3.0,0,1-2 Year,Yes,27637.0,163.0,249,0
31581,Male,59,1,28.0,0,1-2 Year,Yes,32073.0,124.0,212,0
139093,Female,20,1,15.0,0,< 1 Year,Yes,27649.0,160.0,111,0
194067,Male,21,1,41.0,0,< 1 Year,Yes,2630.0,157.0,178,0
143869,Female,23,1,27.0,0,< 1 Year,Yes,2630.0,151.0,47,0
317603,Female,58,1,8.0,1,1-2 Year,No,48097.0,7.0,189,0
269083,Male,27,1,15.0,1,< 1 Year,Yes,40460.0,152.0,94,0
152973,Female,52,1,28.0,1,1-2 Year,No,63149.0,26.0,81,0
133375,Male,39,1,26.0,1,1-2 Year,No,27922.0,152.0,146,0
47147,Male,23,1,11.0,1,< 1 Year,No,2630.0,152.0,56,0
90905,Male,22,1,22.0,0,< 1 Year,No,2630.0,160.0,252,0
211267,Female,31,1,35.0,1,< 1 Year,No,32448.0,152.0,75,0
182698,Female,20,1,31.0,1,< 1 Year,No,2630.0,160.0,251,0
113099,Male,29,1,15.0,0,< 1 Year,No,24726.0,152.0,205,0
353377,Male,28,1,33.0,1,< 1 Year,No,2630.0,160.0,169,0
108944,Male,22,1,3.0,1,< 1 Year,No,16056.0,160.0,194,0
352919,Female,48,1,28.0,0,1-2 Year,Yes,2630.0,26.0,125,0
38734,Female,32,1,8.0,0,< 1 Year,Yes,22518.0,124.0,13,0
61723,Female,23,1,37.0,0,< 1 Year,Yes,47455.0,152.0,129,0
193299,Female,24,1,33.0,1,< 1 Year,No,38175.0,152.0,38,0
274866,Female,26,1,39.0,1,< 1 Year,No,2630.0,152.0,60,0
350632,Male,70,1,28.0,0,> 2 Years,Yes,69856.0,122.0,78,0
212293,Male,48,1,50.0,1,1-2 Year,No,38703.0,64.0,265,0
137587,Male,38,1,14.0,0,1-2 Year,Yes,2630.0,156.0,171,0
256054,Female,22,1,1.0,1,< 1 Year,No,2630.0,152.0,112,0
68982,Male,25,1,10.0,1,< 1 Year,No,41697.0,152.0,102,0
372841,Male,43,1,8.0,0,1-2 Year,Yes,37964.0,124.0,113,0
286588,Female,35,1,47.0,0,1-2 Year,Yes,2630.0,156.0,57,0
362530,Female,72,1,8.0,1,1-2 Year,No,60867.0,26.0,109,0
103719,Female,61,1,39.0,1,1-2 Year,No,37700.0,26.0,253,0
167062,Male,60,1,50.0,0,1-2 Year,Yes,21859.0,8.0,22,0
74567,Male,56,1,41.0,0,1-2 Year,Yes,41236.0,26.0,138,0
167395,Male,21,1,15.0,0,< 1 Year,Yes,31121.0,152.0,112,0
353729,Female,24,1,28.0,1,< 1 Year,No,47506.0,152.0,164,0
317854,Female,40,1,28.0,0,1-2 Year,Yes,48055.0,26.0,99,0
36147,Female,46,1,47.0,0,1-2 Year,Yes,59066.0,124.0,55,0
63465,Female,23,1,47.0,1,< 1 Year,Yes,29495.0,26.0,224,0
249598,Male,41,1,28.0,1,1-2 Year,Yes,34477.0,26.0,190,0
45372,Male,75,1,41.0,1,1-2 Year,No,32132.0,26.0,127,0
202483,Male,34,1,46.0,1,< 1 Year,No,49672.0,152.0,257,0
330708,Female,59,1,8.0,1,< 1 Year,No,2630.0,1.0,129,0
317973,Male,51,1,50.0,0,1-2 Year,Yes,31341.0,26.0,217,0
380871,Male,61,1,28.0,1,1-2 Year,No,46006.0,120.0,211,0
234317,Female,21,1,28.0,1,< 1 Year,No,73269.0,152.0,259,0
254274,Female,23,1,10.0,1,< 1 Year,No,26527.0,152.0,59,0
351274,Female,32,1,24.0,1,< 1 Year,No,2630.0,152.0,75,0
105953,Female,24,1,14.0,1,< 1 Year,No,15472.0,152.0,75,0
33283,Male,25,1,21.0,1,< 1 Year,No,26605.0,152.0,19,0
258352,Male,25,1,33.0,0,< 1 Year,Yes,32144.0,152.0,114,0
219434,Male,58,1,35.0,0,1-2 Year,Yes,35690.0,26.0,92,0
301765,Female,39,1,28.0,1,1-2 Year,Yes,35622.0,124.0,207,0
376372,Female,69,1,28.0,0,1-2 Year,Yes,47327.0,122.0,220,0
114725,Female,33,1,41.0,1,< 1 Year,No,47300.0,152.0,83,0
367612,Female,24,1,27.0,0,< 1 Year,No,37186.0,152.0,147,0
14710,Male,59,1,28.0,0,> 2 Years,Yes,47896.0,26.0,210,0
58604,Male,53,1,28.0,1,1-2 Year,No,30516.0,124.0,269,0
167076,Male,52,1,8.0,0,> 2 Years,Yes,41821.0,26.0,159,0
115136,Female,36,1,37.0,1,1-2 Year,No,29600.0,152.0,262,0
328630,Female,28,1,11.0,1,< 1 Year,No,39228.0,26.0,140,0
281636,Male,37,1,28.0,0,1-2 Year,Yes,50521.0,124.0,47,0
358691,Male,23,1,8.0,1,< 1 Year,No,23727.0,152.0,293,0
265175,Female,27,1,41.0,1,< 1 Year,No,31261.0,152.0,169,0
351747,Female,42,1,28.0,0,1-2 Year,Yes,41993.0,122.0,60,0
24055,Male,54,1,29.0,0,1-2 Year,Yes,2630.0,26.0,49,0
327681,Male,49,1,11.0,0,> 2 Years,Yes,2630.0,156.0,234,0
333359,Male,21,1,18.0,1,< 1 Year,No,38316.0,152.0,93,0
307299,Male,40,1,41.0,0,1-2 Year,Yes,31417.0,26.0,242,0
18740,Male,39,1,29.0,1,1-2 Year,No,26043.0,124.0,103,0
194821,Female,35,1,28.0,0,1-2 Year,Yes,30462.0,124.0,46,0
68914,Male,26,1,30.0,1,< 1 Year,No,29215.0,152.0,45,0
48848,Male,65,1,8.0,1,1-2 Year,No,38058.0,26.0,10,0
218403,Female,22,1,46.0,1,< 1 Year,No,26697.0,152.0,244,0
205354,Female,23,1,6.0,1,< 1 Year,No,21787.0,152.0,174,0
150946,Male,32,1,15.0,1,< 1 Year,No,41810.0,152.0,234,0
324252,Male,33,1,43.0,0,< 1 Year,Yes,59329.0,124.0,122,0
235546,Male,21,1,28.0,0,< 1 Year,Yes,52252.0,26.0,277,0
217465,Female,38,1,8.0,0,1-2 Year,Yes,41922.0,152.0,284,0
101759,Female,36,1,46.0,1,1-2 Year,No,24153.0,160.0,225,0
146281,Male,22,1,17.0,0,< 1 Year,Yes,27832.0,152.0,290,0
251860,Male,44,1,34.0,1,1-2 Year,No,32822.0,124.0,26,0
236995,Male,23,1,11.0,1,< 1 Year,No,35105.0,152.0,255,0
124910,Female,28,1,8.0,1,< 1 Year,No,26183.0,152.0,183,0
119699,Male,25,1,28.0,0,< 1 Year,No,37504.0,152.0,160,0
238747,Male,55,1,46.0,1,1-2 Year,Yes,2630.0,4.0,236,0
19399,Female,47,1,29.0,0,1-2 Year,No,29825.0,26.0,129,0
78929,Female,32,1,35.0,1,< 1 Year,No,25577.0,152.0,262,0
197954,Female,26,1,2.0,0,< 1 Year,Yes,26592.0,152.0,44,0
292434,Male,54,1,46.0,0,> 2 Years,Yes,27745.0,116.0,210,0
240448,Male,58,1,30.0,1,1-2 Year,No,2630.0,152.0,150,0
8139,Male,43,1,31.0,1,1-2 Year,No,2630.0,124.0,134,0
199286,Female,33,1,41.0,1,1-2 Year,No,37208.0,26.0,240,0
374961,Male,24,1,50.0,1,< 1 Year,No,42107.0,152.0,253,0
138238,Male,22,1,47.0,0,< 1 Year,No,30242.0,152.0,24,0
78613,Female,64,1,29.0,1,1-2 Year,No,30211.0,152.0,41,0
305893,Male,55,1,28.0,0,1-2 Year,Yes,51290.0,26.0,69,0
144571,Female,24,1,13.0,1,< 1 Year,No,23677.0,151.0,298,0
151932,Male,40,1,2.0,0,1-2 Year,Yes,2630.0,157.0,75,0
12302,Female,26,1,50.0,1,< 1 Year,No,39582.0,152.0,136,0
63925,Female,22,1,47.0,1,< 1 Year,No,29222.0,152.0,84,0
260386,Male,58,1,28.0,0,> 2 Years,Yes,47305.0,124.0,207,0
136641,Female,65,1,30.0,1,1-2 Year,No,33132.0,152.0,152,0
377273,Male,44,1,29.0,0,1-2 Year,Yes,35120.0,26.0,260,0
272948,Female,26,1,4.0,1,< 1 Year,No,50080.0,152.0,184,0
192370,Male,48,1,41.0,1,1-2 Year,No,31883.0,124.0,149,0
246968,Female,21,1,46.0,0,< 1 Year,Yes,26495.0,160.0,145,0
256299,Female,24,1,41.0,1,< 1 Year,No,2630.0,152.0,64,0
140059,Female,25,1,15.0,0,< 1 Year,Yes,24497.0,152.0,16,0
30213,Female,24,1,3.0,0,< 1 Year,Yes,38669.0,152.0,137,0
261207,Female,24,1,36.0,0,< 1 Year,Yes,34176.0,152.0,79,0
49603,Female,50,1,28.0,0,1-2 Year,Yes,38716.0,26.0,132,0
1694,Female,22,1,11.0,1,< 1 Year,No,36226.0,152.0,215,0
342242,Female,21,1,36.0,0,< 1 Year,Yes,46491.0,160.0,202,0
216134,Female,45,1,46.0,0,1-2 Year,Yes,29419.0,124.0,194,0
77972,Male,25,1,2.0,1,< 1 Year,No,27131.0,152.0,189,0
118671,Female,30,1,47.0,0,< 1 Year,Yes,31743.0,152.0,264,0
123888,Female,27,1,18.0,1,< 1 Year,No,38302.0,152.0,267,0
271354,Male,46,1,28.0,0,1-2 Year,Yes,38976.0,26.0,298,0
370620,Male,22,1,13.0,1,< 1 Year,No,29273.0,152.0,74,0
239302,Female,49,1,50.0,1,1-2 Year,No,45755.0,18.0,191,0
65648,Female,27,1,28.0,1,< 1 Year,No,37297.0,151.0,184,0
287871,Female,51,1,28.0,0,1-2 Year,Yes,33777.0,124.0,162,0
123798,Female,60,1,9.0,1,1-2 Year,No,2630.0,26.0,270,0
94990,Male,80,1,28.0,0,1-2 Year,Yes,2630.0,156.0,259,0
169414,Female,38,1,7.0,0,1-2 Year,No,40573.0,156.0,231,0
102737,Female,65,1,40.0,1,1-2 Year,No,31912.0,26.0,43,0
28411,Female,24,1,28.0,0,< 1 Year,Yes,38949.0,152.0,163,0
296732,Female,40,1,28.0,0,1-2 Year,No,67219.0,124.0,54,0
152466,Male,69,1,8.0,1,1-2 Year,No,31116.0,26.0,57,0
232545,Male,37,1,9.0,1,1-2 Year,No,25054.0,152.0,85,0
223898,Male,39,1,35.0,0,1-2 Year,Yes,30949.0,154.0,109,0
172333,Female,58,1,38.0,1,1-2 Year,No,2630.0,26.0,208,0
338847,Male,23,1,8.0,1,< 1 Year,No,38582.0,152.0,148,0
233465,Female,24,1,11.0,1,< 1 Year,No,2630.0,152.0,292,0
105730,Female,25,1,6.0,0,< 1 Year,Yes,28653.0,152.0,228,0
235905,Male,30,1,28.0,0,1-2 Year,Yes,39191.0,26.0,239,0
349354,Female,77,1,28.0,0,1-2 Year,Yes,31154.0,157.0,248,0
39101,Male,35,1,8.0,0,1-2 Year,Yes,41473.0,122.0,113,0
46608,Female,70,1,28.0,1,1-2 Year,No,28841.0,124.0,152,0
77461,Female,22,1,11.0,1,< 1 Year,No,36580.0,152.0,171,0
4184,Female,55,1,4.0,0,1-2 Year,Yes,26487.0,26.0,91,0
15447,Female,25,1,8.0,1,< 1 Year,No,24903.0,152.0,109,0
139426,Female,25,1,18.0,1,< 1 Year,No,27249.0,152.0,183,0
200738,Male,54,1,35.0,0,1-2 Year,Yes,40169.0,26.0,175,0
174138,Female,40,1,41.0,0,1-2 Year,Yes,27868.0,124.0,30,0
129611,Male,54,1,46.0,0,1-2 Year,Yes,31541.0,155.0,225,0
335069,Male,60,1,31.0,0,1-2 Year,Yes,2630.0,26.0,173,0
262021,Female,45,1,41.0,0,1-2 Year,No,2630.0,26.0,218,0
252769,Male,22,1,8.0,0,< 1 Year,Yes,35291.0,152.0,199,0
307822,Male,23,1,24.0,1,< 1 Year,No,36506.0,152.0,77,0
129699,Female,23,1,8.0,1,< 1 Year,No,43759.0,152.0,32,0
124675,Female,25,1,8.0,0,< 1 Year,Yes,38157.0,152.0,245,0
182446,Female,79,1,31.0,0,> 2 Years,Yes,2630.0,26.0,173,0
369490,Female,66,1,29.0,1,1-2 Year,No,23693.0,124.0,271,0
292365,Female,25,1,22.0,1,< 1 Year,No,25117.0,152.0,57,0
182412,Male,55,1,35.0,1,1-2 Year,No,34213.0,124.0,262,0
299620,Female,25,1,37.0,0,< 1 Year,Yes,29246.0,152.0,196,0
110871,Female,22,1,30.0,1,< 1 Year,No,25149.0,152.0,176,0
136345,Male,28,1,28.0,1,< 1 Year,No,36501.0,152.0,225,0
79450,Male,25,1,15.0,1,< 1 Year,No,29082.0,152.0,282,0
212045,Male,46,1,8.0,0,1-2 Year,No,37833.0,154.0,42,0
216131,Male,20,1,15.0,0,< 1 Year,Yes,34278.0,160.0,78,0
125868,Male,58,1,49.0,1,1-2 Year,No,2630.0,26.0,189,0
332247,Female,24,1,10.0,1,< 1 Year,No,26896.0,152.0,40,0
14610,Female,23,1,41.0,1,< 1 Year,No,51194.0,26.0,270,0
218127,Male,67,1,34.0,0,1-2 Year,Yes,35185.0,26.0,21,0
44095,Female,43,1,28.0,1,1-2 Year,No,39877.0,122.0,152,0
95021,Male,60,1,28.0,0,1-2 Year,Yes,51602.0,124.0,259,0
266836,Female,25,1,28.0,0,< 1 Year,No,229935.0,152.0,247,0
218896,Male,76,1,28.0,1,1-2 Year,No,32859.0,26.0,205,0
43137,Male,24,1,47.0,0,< 1 Year,No,2630.0,152.0,96,0
122995,Female,20,1,46.0,0,< 1 Year,Yes,19692.0,160.0,154,0
95805,Male,57,1,2.0,1,1-2 Year,No,24766.0,152.0,157,0
299778,Female,65,1,28.0,0,> 2 Years,Yes,43701.0,124.0,183,0
207322,Male,23,1,5.0,1,< 1 Year,No,26533.0,152.0,113,0
371995,Male,35,1,30.0,0,1-2 Year,Yes,2630.0,154.0,275,0
23699,Female,23,1,3.0,1,< 1 Year,Yes,35054.0,152.0,226,0
116561,Male,43,1,8.0,0,1-2 Year,Yes,40906.0,26.0,121,0
313969,Male,63,1,36.0,0,> 2 Years,Yes,51444.0,124.0,194,0
160253,Female,64,1,28.0,1,1-2 Year,No,40591.0,124.0,294,0
211985,Male,25,1,36.0,1,< 1 Year,No,26878.0,152.0,232,0
147177,Female,74,1,48.0,0,1-2 Year,Yes,2630.0,15.0,101,0
262494,Male,43,1,47.0,0,1-2 Year,Yes,41520.0,26.0,145,0
219417,Male,51,1,16.0,0,1-2 Year,No,2630.0,124.0,284,0
126397,Male,40,1,28.0,0,1-2 Year,Yes,38997.0,125.0,15,0
28032,Female,40,1,21.0,0,1-2 Year,Yes,2630.0,157.0,202,0
355947,Male,41,1,28.0,1,1-2 Year,No,46317.0,26.0,249,0
64856,Male,22,1,45.0,1,< 1 Year,No,2630.0,152.0,18,0
179139,Female,21,1,36.0,1,< 1 Year,No,29966.0,160.0,193,0
74664,Male,22,1,28.0,0,< 1 Year,Yes,48568.0,124.0,165,0
172805,Male,34,1,8.0,0,1-2 Year,Yes,26050.0,156.0,197,0
360506,Female,22,1,7.0,0,< 1 Year,Yes,38663.0,163.0,291,0
285484,Male,27,1,41.0,1,< 1 Year,No,45316.0,152.0,183,0
358968,Male,23,1,45.0,0,< 1 Year,Yes,2630.0,160.0,291,0
363398,Male,67,1,46.0,0,> 2 Years,Yes,30213.0,26.0,48,0
34774,Male,45,1,28.0,1,1-2 Year,No,63944.0,124.0,28,0
23928,Male,68,1,50.0,1,1-2 Year,No,39026.0,26.0,293,0
241906,Male,22,1,36.0,0,< 1 Year,Yes,54515.0,152.0,20,0
315869,Female,24,1,10.0,1,< 1 Year,No,25504.0,152.0,203,0
38641,Male,21,1,47.0,1,< 1 Year,No,41888.0,160.0,118,0
101502,Female,30,1,49.0,0,< 1 Year,Yes,29537.0,152.0,116,0
237693,Female,64,1,48.0,0,1-2 Year,Yes,2630.0,26.0,105,0
94675,Male,58,1,28.0,1,1-2 Year,No,2630.0,124.0,98,0
227969,Female,24,1,8.0,1,< 1 Year,No,32018.0,152.0,127,0
141728,Male,23,1,45.0,0,< 1 Year,Yes,34667.0,152.0,64,0
167466,Female,38,1,28.0,0,1-2 Year,Yes,77169.0,60.0,223,0
302772,Female,24,1,28.0,1,< 1 Year,No,39334.0,152.0,190,0
42013,Female,22,1,8.0,0,< 1 Year,Yes,25614.0,152.0,231,0
241256,Male,22,1,46.0,0,< 1 Year,Yes,21162.0,152.0,54,0
309169,Male,42,1,28.0,1,1-2 Year,No,32994.0,26.0,103,0
167589,Female,23,1,47.0,0,< 1 Year,Yes,41056.0,152.0,80,0
300694,Male,64,1,28.0,0,> 2 Years,Yes,63102.0,24.0,118,0
21778,Female,25,1,36.0,0,< 1 Year,Yes,2630.0,151.0,73,0
376708,Female,29,1,21.0,1,< 1 Year,No,14911.0,152.0,274,0
154705,Female,24,1,36.0,0,< 1 Year,No,2630.0,26.0,65,0
343882,Female,39,1,50.0,1,1-2 Year,No,31950.0,8.0,136,0
336554,Male,61,1,28.0,0,> 2 Years,Yes,49792.0,122.0,165,0
370144,Female,22,1,50.0,1,< 1 Year,No,28248.0,152.0,271,0
1348,Female,36,1,28.0,1,1-2 Year,No,53847.0,152.0,296,0
39063,Female,28,1,18.0,1,< 1 Year,No,89778.0,152.0,252,0
350044,Female,34,1,15.0,1,1-2 Year,No,2630.0,152.0,79,0
334623,Male,44,1,46.0,0,1-2 Year,Yes,43580.0,124.0,139,0
156147,Female,43,1,28.0,1,1-2 Year,No,49072.0,26.0,154,0
226562,Male,26,1,28.0,1,< 1 Year,No,59627.0,152.0,211,0
134137,Male,23,1,14.0,0,< 1 Year,No,38445.0,152.0,37,0
230263,Female,30,1,4.0,1,< 1 Year,No,35290.0,152.0,87,0
237761,Female,24,1,3.0,1,< 1 Year,No,26670.0,152.0,248,0
200991,Male,48,1,28.0,1,1-2 Year,No,33494.0,124.0,140,0
122735,Male,44,1,28.0,1,1-2 Year,No,37535.0,124.0,138,0
146741,Male,74,1,39.0,1,1-2 Year,No,31618.0,124.0,207,0
109060,Female,24,1,15.0,0,< 1 Year,No,39041.0,152.0,189,0
71587,Female,27,1,14.0,1,< 1 Year,No,20688.0,152.0,99,0
280055,Female,48,1,8.0,0,1-2 Year,No,2630.0,124.0,31,0
31073,Male,64,1,28.0,0,1-2 Year,Yes,34335.0,122.0,246,0
50863,Male,21,1,46.0,0,< 1 Year,Yes,25085.0,160.0,196,0
235391,Male,25,1,21.0,1,< 1 Year,No,27175.0,152.0,280,0
55169,Male,32,1,15.0,0,< 1 Year,No,22331.0,152.0,20,0
352521,Female,37,1,46.0,1,1-2 Year,No,31695.0,11.0,258,0
141533,Female,24,1,21.0,0,< 1 Year,Yes,34089.0,152.0,258,0
64840,Female,27,1,41.0,1,< 1 Year,No,29107.0,152.0,46,0
93378,Male,48,1,29.0,0,1-2 Year,Yes,37328.0,26.0,257,0
18174,Female,44,1,28.0,0,1-2 Year,Yes,38913.0,26.0,274,0
328483,Male,77,1,8.0,1,1-2 Year,No,24725.0,124.0,198,0
275985,Male,38,1,29.0,0,1-2 Year,Yes,2630.0,124.0,237,0
320978,Female,22,1,2.0,1,< 1 Year,No,23451.0,152.0,163,0
205605,Female,73,1,8.0,0,1-2 Year,Yes,48586.0,124.0,131,0
109360,Male,33,1,30.0,1,< 1 Year,No,2630.0,152.0,186,0
11883,Female,25,1,15.0,1,< 1 Year,No,29160.0,152.0,237,0
231789,Female,39,1,28.0,0,1-2 Year,Yes,31147.0,125.0,18,0
151045,Female,22,1,8.0,1,< 1 Year,No,42426.0,152.0,61,0
366355,Female,21,1,12.0,0,< 1 Year,Yes,25848.0,152.0,111,0
45119,Female,58,1,29.0,0,1-2 Year,Yes,32446.0,26.0,245,0
335954,Male,50,1,28.0,1,1-2 Year,No,31378.0,124.0,273,0
76260,Male,28,1,11.0,0,< 1 Year,No,2630.0,152.0,172,0
30603,Male,30,1,50.0,1,< 1 Year,No,2630.0,152.0,50,0
283049,Female,25,1,15.0,0,< 1 Year,Yes,26538.0,152.0,129,0
111738,Female,25,1,37.0,0,< 1 Year,No,33528.0,152.0,34,0
6212,Male,25,1,21.0,1,< 1 Year,No,33835.0,152.0,220,0
4908,Male,24,1,29.0,1,< 1 Year,Yes,36615.0,26.0,219,0
335163,Male,32,1,8.0,0,1-2 Year,Yes,2630.0,156.0,143,0
279298,Female,64,1,28.0,1,1-2 Year,No,45546.0,52.0,12,0
76584,Male,24,1,35.0,1,< 1 Year,No,31008.0,152.0,194,0
122984,Male,61,1,28.0,1,1-2 Year,No,2630.0,122.0,283,0
91845,Male,75,1,30.0,1,1-2 Year,No,23823.0,26.0,133,0
375527,Female,50,1,36.0,0,1-2 Year,No,2630.0,26.0,146,0
26404,Female,21,1,8.0,1,< 1 Year,No,41444.0,160.0,157,0
187413,Male,31,1,15.0,1,< 1 Year,No,36046.0,152.0,245,0
375479,Female,25,1,27.0,1,< 1 Year,No,27821.0,152.0,107,0
185340,Male,26,1,10.0,1,< 1 Year,No,24032.0,152.0,298,0
237747,Female,24,1,45.0,0,< 1 Year,Yes,24060.0,152.0,283,0
84919,Male,43,1,28.0,0,1-2 Year,Yes,28086.0,124.0,149,0
120032,Male,23,1,8.0,1,< 1 Year,No,32313.0,151.0,26,0
352448,Male,63,1,28.0,1,1-2 Year,No,35853.0,124.0,158,0
14357,Female,28,1,2.0,1,< 1 Year,No,33673.0,152.0,154,0
183993,Male,23,1,18.0,1,< 1 Year,No,30540.0,152.0,118,0
92468,Female,26,1,50.0,1,< 1 Year,No,42201.0,152.0,54,0
142221,Male,75,1,46.0,0,1-2 Year,Yes,31346.0,124.0,59,0
310730,Male,54,1,8.0,0,1-2 Year,Yes,80354.0,124.0,140,0
36876,Male,28,1,33.0,0,1-2 Year,Yes,2630.0,26.0,60,0
356128,Male,44,1,28.0,0,1-2 Year,Yes,24311.0,122.0,276,0
108279,Male,24,1,15.0,1,< 1 Year,No,24357.0,152.0,139,0
73534,Male,32,1,8.0,0,1-2 Year,Yes,2630.0,156.0,78,0
223356,Female,24,1,36.0,0,< 1 Year,Yes,56464.0,152.0,250,0
261213,Female,23,1,6.0,1,< 1 Year,No,34846.0,152.0,299,0
178201,Male,53,1,28.0,1,1-2 Year,No,47158.0,124.0,14,0
21267,Male,79,1,36.0,0,1-2 Year,Yes,39390.0,26.0,109,0
174685,Male,28,1,32.0,1,< 1 Year,No,24657.0,160.0,207,0
153391,Male,20,1,6.0,0,< 1 Year,Yes,19033.0,160.0,94,0
241673,Male,78,1,39.0,1,1-2 Year,No,45007.0,26.0,50,0
289979,Male,31,1,48.0,0,> 2 Years,Yes,2630.0,156.0,153,0
227539,Male,24,1,7.0,1,< 1 Year,No,22921.0,152.0,162,0
46817,Female,47,1,28.0,0,1-2 Year,Yes,65413.0,124.0,210,0
90123,Male,34,1,41.0,0,1-2 Year,Yes,2630.0,156.0,198,0
133946,Male,48,1,28.0,0,1-2 Year,Yes,49781.0,26.0,236,0
275566,Male,59,1,46.0,0,1-2 Year,Yes,28281.0,163.0,24,0
74290,Female,47,1,28.0,0,1-2 Year,Yes,48159.0,124.0,30,0
282944,Male,51,1,28.0,0,> 2 Years,Yes,52761.0,26.0,170,0
248685,Male,22,1,41.0,0,< 1 Year,Yes,40974.0,152.0,297,0
42725,Male,61,1,28.0,0,> 2 Years,Yes,41760.0,124.0,63,0
44155,Male,60,1,28.0,1,1-2 Year,No,42882.0,13.0,54,0
302513,Male,34,1,15.0,1,1-2 Year,No,2630.0,122.0,294,0
353513,Female,41,1,28.0,1,1-2 Year,No,41754.0,124.0,105,0
142958,Male,28,1,27.0,1,< 1 Year,No,2630.0,152.0,162,0
31199,Male,24,1,11.0,1,< 1 Year,No,32863.0,152.0,291,0
308510,Male,57,1,28.0,0,1-2 Year,Yes,42955.0,124.0,51,0
160587,Female,24,1,46.0,0,< 1 Year,Yes,34529.0,152.0,178,0
284975,Male,24,1,29.0,1,< 1 Year,Yes,2630.0,152.0,282,0
321647,Male,64,1,23.0,0,1-2 Year,Yes,28602.0,26.0,244,0
290161,Female,22,1,25.0,1,< 1 Year,No,27857.0,152.0,93,0
112553,Male,54,1,4.0,1,1-2 Year,No,2630.0,124.0,194,0
16280,Male,65,1,7.0,0,1-2 Year,Yes,33889.0,26.0,273,0
52460,Female,46,1,28.0,1,1-2 Year,No,26470.0,124.0,168,0
337126,Male,25,1,46.0,0,< 1 Year,Yes,2630.0,152.0,233,0
78842,Male,21,1,6.0,0,< 1 Year,Yes,23300.0,152.0,195,0
373467,Male,43,1,28.0,1,1-2 Year,No,40109.0,26.0,158,0
685,Male,36,1,35.0,0,1-2 Year,Yes,25017.0,124.0,203,0
33640,Female,23,1,21.0,1,< 1 Year,No,2630.0,152.0,14,0
316642,Female,57,1,28.0,0,1-2 Year,Yes,27489.0,122.0,233,0
351620,Male,47,1,28.0,1,1-2 Year,No,34933.0,26.0,214,0
8803,Female,48,1,28.0,0,1-2 Year,Yes,41771.0,124.0,25,0
1552,Male,49,1,28.0,1,1-2 Year,No,36315.0,124.0,92,0
88826,Female,27,1,34.0,0,< 1 Year,No,21172.0,152.0,61,0
168776,Male,23,1,33.0,1,< 1 Year,No,26665.0,152.0,88,0
159764,Male,35,1,9.0,0,< 1 Year,No,2630.0,1.0,203,0
28452,Male,25,1,29.0,1,< 1 Year,No,26992.0,152.0,248,0
65250,Male,30,1,8.0,1,< 1 Year,No,2630.0,152.0,172,0
121759,Female,25,1,29.0,1,< 1 Year,No,30528.0,152.0,241,0
106431,Male,25,1,46.0,1,< 1 Year,No,40575.0,152.0,38,0
10744,Male,35,1,41.0,0,1-2 Year,No,30250.0,152.0,53,0
130549,Male,25,1,30.0,0,< 1 Year,No,40305.0,152.0,193,0
130321,Male,44,1,28.0,0,1-2 Year,No,25854.0,13.0,196,0
8178,Female,26,1,8.0,1,< 1 Year,No,25160.0,152.0,243,0
250109,Female,24,1,9.0,0,< 1 Year,No,23974.0,152.0,12,0
82712,Female,31,1,48.0,1,< 1 Year,No,2630.0,152.0,92,0
101174,Female,49,1,28.0,1,1-2 Year,No,2630.0,124.0,123,0
98305,Male,30,1,13.0,0,< 1 Year,No,24879.0,152.0,86,0
180603,Male,53,1,0.0,0,1-2 Year,Yes,2630.0,21.0,134,0
172832,Male,26,1,35.0,1,< 1 Year,No,31078.0,152.0,185,0
133643,Male,23,1,13.0,0,< 1 Year,Yes,23893.0,152.0,267,0
203778,Male,67,1,28.0,0,1-2 Year,Yes,60759.0,26.0,167,0
376903,Male,22,1,15.0,1,< 1 Year,No,34912.0,152.0,142,0
32046,Male,49,1,8.0,0,1-2 Year,No,35708.0,7.0,292,0
20002,Female,28,1,11.0,1,< 1 Year,No,29080.0,152.0,253,0
145818,Male,25,1,5.0,1,< 1 Year,No,29465.0,152.0,216,0
147487,Male,25,1,8.0,0,< 1 Year,Yes,2630.0,152.0,113,0
300216,Female,64,1,8.0,0,1-2 Year,Yes,2630.0,3.0,180,0
72000,Female,41,1,8.0,0,1-2 Year,Yes,2630.0,7.0,241,0
303039,Female,25,1,8.0,1,< 1 Year,No,41655.0,151.0,153,0
65727,Female,73,1,50.0,0,1-2 Year,No,42133.0,124.0,203,0
26912,Female,71,1,28.0,0,> 2 Years,Yes,34735.0,26.0,151,0
213986,Male,28,1,28.0,0,< 1 Year,Yes,34503.0,152.0,169,0
290204,Female,27,1,8.0,1,< 1 Year,No,25137.0,152.0,173,0
67148,Female,24,1,18.0,1,< 1 Year,No,26943.0,152.0,69,0
121166,Male,28,1,33.0,1,< 1 Year,No,2630.0,160.0,62,0
67092,Male,58,1,28.0,0,1-2 Year,Yes,38821.0,26.0,213,0
317452,Male,62,1,35.0,0,> 2 Years,Yes,44224.0,26.0,135,0
369287,Male,37,1,36.0,0,> 2 Years,Yes,25905.0,124.0,70,0
26260,Female,66,1,46.0,0,1-2 Year,Yes,2630.0,156.0,142,0
4277,Female,47,1,28.0,0,1-2 Year,No,45359.0,26.0,285,0
136105,Male,23,1,2.0,0,1-2 Year,Yes,35459.0,26.0,86,0
258490,Female,24,1,8.0,0,< 1 Year,No,57147.0,152.0,117,0
268220,Female,41,1,39.0,0,1-2 Year,Yes,48964.0,26.0,206,0
134928,Female,21,1,46.0,1,< 1 Year,No,29350.0,152.0,235,0
158806,Male,49,1,46.0,0,1-2 Year,Yes,16400.0,26.0,132,0
132492,Male,55,1,28.0,0,1-2 Year,Yes,57744.0,16.0,98,0
1290,Male,31,1,28.0,0,< 1 Year,Yes,37288.0,124.0,224,0
309853,Male,71,1,25.0,0,1-2 Year,Yes,28312.0,30.0,59,0
279115,Male,61,1,38.0,1,1-2 Year,No,2630.0,26.0,194,0
220232,Male,42,1,12.0,1,1-2 Year,Yes,2630.0,124.0,127,0
230883,Male,34,1,28.0,0,1-2 Year,No,25829.0,154.0,154,0
306383,Female,22,1,45.0,0,< 1 Year,Yes,33311.0,152.0,154,0
138055,Female,20,1,46.0,1,< 1 Year,No,32216.0,160.0,38,0
226822,Male,49,1,46.0,0,> 2 Years,Yes,30029.0,124.0,280,0
249820,Female,74,1,35.0,1,1-2 Year,No,32041.0,26.0,149,0
73809,Male,23,1,41.0,1,< 1 Year,No,30297.0,152.0,18,0
61399,Female,30,1,8.0,0,1-2 Year,No,2630.0,124.0,236,0
284475,Male,58,1,46.0,1,1-2 Year,No,24566.0,26.0,11,0
232369,Male,26,1,36.0,1,< 1 Year,No,31641.0,152.0,28,0
364011,Male,49,1,28.0,1,1-2 Year,Yes,2630.0,158.0,92,0
114478,Male,23,1,50.0,1,< 1 Year,No,47493.0,152.0,78,0
141537,Male,54,1,28.0,0,1-2 Year,Yes,33978.0,122.0,220,0
223086,Female,22,1,3.0,1,< 1 Year,No,23898.0,152.0,280,0
284881,Male,22,1,29.0,1,< 1 Year,No,29334.0,152.0,235,0
6119,Female,23,1,18.0,0,< 1 Year,Yes,39938.0,154.0,79,0
367422,Male,34,1,10.0,1,1-2 Year,Yes,2630.0,26.0,46,0
34954,Female,31,1,41.0,1,1-2 Year,No,38172.0,124.0,258,0
284592,Male,21,1,28.0,1,< 1 Year,No,40421.0,152.0,132,0
162066,Female,21,1,46.0,1,< 1 Year,No,34827.0,160.0,163,0
290527,Female,29,1,41.0,0,1-2 Year,Yes,2630.0,157.0,161,0
348381,Male,52,1,47.0,0,> 2 Years,Yes,32195.0,124.0,121,0
268155,Male,80,1,28.0,0,1-2 Year,Yes,28568.0,26.0,199,0
183189,Female,25,1,28.0,1,< 1 Year,No,40971.0,152.0,142,0
158319,Male,21,1,9.0,1,< 1 Year,No,2630.0,152.0,267,0
357111,Female,45,1,33.0,0,1-2 Year,No,37710.0,124.0,94,0
128871,Male,23,1,30.0,1,< 1 Year,No,28901.0,152.0,157,0
364791,Male,60,1,50.0,1,1-2 Year,No,54555.0,8.0,68,0
373284,Female,47,1,28.0,1,1-2 Year,No,52521.0,26.0,21,0
29373,Male,58,1,41.0,0,1-2 Year,Yes,38589.0,136.0,97,0
98946,Male,44,1,28.0,1,1-2 Year,No,44224.0,92.0,237,0
346236,Female,34,1,18.0,1,1-2 Year,No,2630.0,124.0,85,0
294299,Female,41,1,41.0,0,1-2 Year,No,2630.0,124.0,184,0
147780,Male,42,1,38.0,0,1-2 Year,Yes,34089.0,124.0,208,0
311789,Male,28,1,47.0,1,< 1 Year,No,2630.0,152.0,121,0
120194,Female,31,1,48.0,1,1-2 Year,No,2630.0,15.0,231,0
219832,Female,23,1,8.0,0,< 1 Year,Yes,35914.0,152.0,239,0
279472,Male,27,1,2.0,0,< 1 Year,Yes,21706.0,152.0,191,0
138013,Male,51,1,47.0,1,1-2 Year,No,32630.0,124.0,251,0
320564,Female,21,1,2.0,0,< 1 Year,Yes,22092.0,160.0,81,0
121431,Female,22,1,33.0,1,< 1 Year,No,33164.0,152.0,199,0
338192,Female,33,1,14.0,0,1-2 Year,Yes,2630.0,156.0,81,0
71586,Female,21,1,8.0,1,< 1 Year,No,43555.0,160.0,21,0
139611,Female,23,1,36.0,1,< 1 Year,No,26417.0,151.0,262,0
111060,Male,21,1,41.0,0,< 1 Year,Yes,36704.0,152.0,191,0
303868,Male,55,1,9.0,0,1-2 Year,No,26475.0,124.0,175,0
98032,Male,23,1,41.0,1,< 1 Year,No,30938.0,152.0,112,0
334853,Male,25,1,13.0,1,1-2 Year,Yes,37680.0,26.0,40,0
318253,Male,43,1,28.0,1,1-2 Year,No,27574.0,26.0,94,0
282032,Female,26,1,28.0,1,1-2 Year,No,34448.0,124.0,287,0
30498,Male,23,1,46.0,1,< 1 Year,No,22564.0,152.0,54,0
16241,Male,20,1,14.0,1,< 1 Year,No,2630.0,160.0,14,0
55535,Female,35,1,28.0,1,1-2 Year,No,29279.0,152.0,141,0
324416,Female,23,1,15.0,1,< 1 Year,No,40161.0,151.0,157,0
82326,Female,22,1,46.0,1,< 1 Year,No,43579.0,152.0,219,0
105179,Male,23,1,39.0,0,< 1 Year,Yes,2630.0,156.0,196,0
341105,Male,43,1,41.0,0,1-2 Year,Yes,21058.0,26.0,221,0
211389,Male,25,1,3.0,0,< 1 Year,No,36182.0,152.0,64,0
217028,Female,46,1,33.0,1,1-2 Year,No,30824.0,26.0,95,0
363689,Male,27,1,28.0,0,1-2 Year,Yes,52879.0,24.0,294,0
110809,Male,33,1,28.0,0,< 1 Year,Yes,47720.0,124.0,67,0
314020,Female,23,1,8.0,1,< 1 Year,No,34787.0,152.0,173,0
159937,Female,72,0,28.0,1,1-2 Year,No,37803.0,26.0,176,0
252254,Male,39,1,41.0,1,1-2 Year,No,32222.0,26.0,138,0
292285,Male,63,1,15.0,0,1-2 Year,No,37539.0,124.0,247,0
58534,Male,68,1,28.0,1,1-2 Year,No,25376.0,52.0,214,0
77525,Male,41,1,8.0,0,1-2 Year,Yes,48604.0,124.0,200,0
224448,Male,23,1,15.0,0,< 1 Year,No,2630.0,160.0,242,0
315308,Female,23,1,12.0,1,< 1 Year,No,31322.0,152.0,46,0
261583,Female,42,1,28.0,1,1-2 Year,No,42672.0,125.0,83,0
152468,Male,40,1,28.0,0,1-2 Year,Yes,40328.0,124.0,246,0
323790,Female,54,1,41.0,1,1-2 Year,No,89652.0,37.0,109,0
4128,Male,37,1,28.0,0,1-2 Year,Yes,31501.0,124.0,106,0
235189,Male,37,1,28.0,0,1-2 Year,Yes,41499.0,26.0,201,0
340311,Female,26,1,11.0,0,< 1 Year,Yes,31690.0,152.0,27,0
119597,Male,44,1,28.0,1,1-2 Year,No,38071.0,124.0,209,0
143384,Female,55,1,28.0,0,1-2 Year,Yes,56261.0,26.0,77,0
15758,Male,24,1,11.0,1,< 1 Year,No,26421.0,152.0,294,0
148344,Male,23,1,2.0,1,< 1 Year,No,30293.0,26.0,240,0
171003,Male,49,1,28.0,1,1-2 Year,No,54070.0,26.0,188,0
162299,Female,52,1,28.0,0,> 2 Years,Yes,64843.0,24.0,125,0
366089,Male,25,1,30.0,0,< 1 Year,Yes,2630.0,152.0,231,0
223841,Male,29,1,47.0,0,< 1 Year,Yes,25198.0,26.0,131,0
237289,Male,49,1,46.0,0,< 1 Year,Yes,37986.0,26.0,26,0
321447,Female,22,1,8.0,0,< 1 Year,Yes,32735.0,152.0,133,0
246201,Male,73,1,28.0,1,1-2 Year,No,42938.0,124.0,194,0
91663,Female,25,1,21.0,1,< 1 Year,No,27519.0,152.0,43,0
138676,Female,24,1,13.0,1,< 1 Year,No,23019.0,152.0,97,0
191387,Male,67,1,31.0,1,1-2 Year,No,2630.0,26.0,279,0
124346,Female,25,1,36.0,1,< 1 Year,No,34874.0,152.0,93,0
204541,Female,23,1,23.0,1,< 1 Year,No,24775.0,152.0,157,0
182390,Male,37,1,5.0,0,1-2 Year,Yes,37845.0,152.0,153,0
177166,Male,42,1,24.0,0,1-2 Year,Yes,43368.0,125.0,182,0
11658,Female,20,1,13.0,1,< 1 Year,No,21597.0,160.0,121,0
58946,Female,28,1,28.0,1,< 1 Year,No,31147.0,152.0,172,0
223070,Male,27,1,18.0,0,1-2 Year,Yes,36964.0,125.0,250,0
257711,Female,33,1,28.0,1,1-2 Year,No,40816.0,55.0,62,0
371513,Female,23,1,27.0,1,< 1 Year,No,53701.0,152.0,62,0
346516,Male,50,1,46.0,0,1-2 Year,No,31219.0,124.0,118,0
298751,Female,22,1,21.0,1,< 1 Year,No,44554.0,152.0,224,0
31120,Female,38,1,50.0,1,1-2 Year,No,34937.0,124.0,26,0
82617,Male,24,1,28.0,1,< 1 Year,No,31279.0,152.0,43,0
177094,Male,21,1,46.0,1,< 1 Year,No,49499.0,152.0,263,0
190587,Female,66,1,28.0,0,1-2 Year,Yes,30270.0,26.0,193,0
290483,Female,35,1,28.0,1,1-2 Year,No,2630.0,124.0,51,0
193656,Female,28,1,11.0,1,< 1 Year,No,26121.0,152.0,95,0
192731,Female,22,1,26.0,0,< 1 Year,No,44372.0,152.0,132,0
91537,Female,23,1,32.0,0,< 1 Year,No,24711.0,152.0,299,0
310389,Female,21,1,46.0,1,< 1 Year,No,35303.0,160.0,254,0
380234,Male,22,1,47.0,1,< 1 Year,Yes,37969.0,152.0,107,0
135104,Female,42,1,28.0,0,1-2 Year,Yes,28768.0,24.0,207,0
239621,Female,28,1,26.0,1,< 1 Year,No,64287.0,152.0,107,0
261061,Female,24,1,3.0,0,< 1 Year,Yes,26195.0,151.0,193,0
145748,Female,32,1,33.0,0,< 1 Year,Yes,2630.0,124.0,140,0
4632,Male,53,1,28.0,0,1-2 Year,Yes,37444.0,26.0,195,0
217027,Female,22,1,6.0,0,< 1 Year,Yes,26135.0,152.0,103,0
331452,Female,38,1,28.0,0,1-2 Year,Yes,36475.0,13.0,104,0
179871,Male,24,1,30.0,0,< 1 Year,Yes,32002.0,152.0,32,0
301212,Male,46,1,29.0,0,1-2 Year,No,18861.0,124.0,32,0
143676,Male,57,1,29.0,1,1-2 Year,No,38643.0,26.0,67,0
303794,Male,60,1,6.0,0,1-2 Year,No,2630.0,156.0,123,0
248735,Female,47,1,28.0,0,1-2 Year,Yes,51990.0,124.0,186,0
174438,Female,25,1,35.0,1,< 1 Year,No,17081.0,152.0,113,0
259523,Female,25,1,6.0,1,< 1 Year,No,27941.0,152.0,136,0
147,Female,27,1,30.0,1,< 1 Year,No,33780.0,152.0,246,0
63349,Male,54,1,15.0,0,1-2 Year,Yes,27350.0,124.0,54,0
83238,Female,54,1,8.0,1,1-2 Year,No,48679.0,124.0,19,0
208564,Male,80,1,46.0,0,1-2 Year,No,28516.0,26.0,249,0
254375,Male,66,1,28.0,1,1-2 Year,No,2630.0,26.0,155,0
260009,Female,21,1,46.0,1,< 1 Year,No,2630.0,152.0,275,0
115757,Male,47,1,8.0,1,1-2 Year,No,2630.0,124.0,37,0
273651,Female,23,1,25.0,1,< 1 Year,No,27352.0,152.0,188,0
353379,Female,23,1,4.0,1,< 1 Year,No,24374.0,152.0,111,0
122903,Male,23,1,6.0,1,< 1 Year,No,24608.0,152.0,190,0
170790,Female,27,1,8.0,1,< 1 Year,No,28060.0,152.0,105,0
292636,Female,51,1,28.0,0,1-2 Year,Yes,60496.0,122.0,288,0
236528,Male,23,1,30.0,0,< 1 Year,Yes,32615.0,152.0,69,0
316182,Female,35,1,28.0,0,1-2 Year,Yes,52605.0,124.0,252,0
366388,Female,60,1,28.0,0,1-2 Year,Yes,39176.0,124.0,101,0
146979,Male,26,1,11.0,1,< 1 Year,No,29628.0,152.0,246,0
179227,Male,46,1,28.0,0,1-2 Year,Yes,55699.0,124.0,209,0
263177,Male,32,1,41.0,1,< 1 Year,No,35553.0,152.0,43,0
34134,Male,20,1,9.0,1,< 1 Year,Yes,2630.0,160.0,110,0
181973,Female,50,1,28.0,1,1-2 Year,No,40021.0,124.0,220,0
25678,Male,22,1,46.0,0,< 1 Year,Yes,28040.0,152.0,85,0
158073,Male,78,1,4.0,1,1-2 Year,No,31643.0,26.0,283,0
346861,Female,22,1,47.0,1,< 1 Year,No,35925.0,152.0,293,0
17574,Male,54,1,28.0,0,1-2 Year,Yes,49998.0,26.0,213,0
226258,Female,33,1,10.0,1,< 1 Year,No,30555.0,152.0,230,0
232502,Male,39,1,39.0,0,1-2 Year,Yes,2630.0,157.0,70,0
205256,Male,37,1,46.0,0,1-2 Year,Yes,2630.0,160.0,33,0
361545,Female,22,1,8.0,0,< 1 Year,Yes,42742.0,152.0,19,0
81415,Female,26,1,29.0,1,< 1 Year,No,2630.0,152.0,259,0
360435,Male,45,1,29.0,0,1-2 Year,Yes,37389.0,26.0,73,0
145311,Male,66,1,8.0,0,1-2 Year,Yes,33504.0,155.0,193,0
270470,Male,31,1,50.0,1,< 1 Year,No,39520.0,152.0,291,0
266162,Female,29,1,10.0,1,< 1 Year,No,26700.0,152.0,14,0
188393,Female,40,1,9.0,0,1-2 Year,Yes,36075.0,152.0,100,0
277615,Female,55,1,28.0,1,1-2 Year,No,16269.0,152.0,40,0
63984,Male,73,0,37.0,0,1-2 Year,Yes,15018.0,26.0,103,0
83898,Female,27,1,28.0,1,< 1 Year,No,50884.0,152.0,44,0
39091,Male,48,1,28.0,1,1-2 Year,No,48247.0,124.0,117,0
46586,Female,24,1,6.0,0,< 1 Year,No,26576.0,152.0,127,0
161548,Female,41,1,14.0,0,1-2 Year,Yes,24629.0,152.0,183,0
116779,Male,21,1,8.0,0,< 1 Year,Yes,40472.0,160.0,102,0
42901,Female,26,1,18.0,1,< 1 Year,No,26457.0,152.0,142,0
360458,Female,20,1,50.0,0,< 1 Year,Yes,44749.0,160.0,203,0
265860,Female,23,1,47.0,1,< 1 Year,No,34564.0,152.0,146,0
79494,Male,51,1,39.0,1,1-2 Year,Yes,54943.0,124.0,238,0
198730,Female,42,1,46.0,0,1-2 Year,Yes,25915.0,160.0,227,0
230257,Male,43,1,28.0,0,1-2 Year,Yes,49324.0,26.0,112,0
151670,Female,42,1,28.0,0,1-2 Year,Yes,35686.0,13.0,79,0
372132,Male,24,1,10.0,1,< 1 Year,No,29507.0,152.0,294,0
54494,Female,25,1,7.0,1,< 1 Year,No,2630.0,160.0,294,0
298277,Male,28,1,3.0,1,< 1 Year,No,24405.0,152.0,71,0
85966,Female,32,1,33.0,1,< 1 Year,No,41113.0,152.0,191,0
170355,Male,42,1,33.0,0,1-2 Year,No,34790.0,124.0,103,0
60653,Female,25,1,36.0,0,< 1 Year,Yes,39079.0,152.0,50,0
70543,Female,33,1,8.0,0,1-2 Year,Yes,31244.0,155.0,118,0
212481,Female,26,1,28.0,0,< 1 Year,Yes,41069.0,152.0,216,0
327664,Female,23,1,41.0,1,< 1 Year,No,23916.0,152.0,250,0
160488,Female,25,1,11.0,0,< 1 Year,Yes,47313.0,152.0,285,0
173846,Male,46,1,28.0,0,1-2 Year,Yes,39077.0,13.0,267,0
251319,Female,22,1,30.0,1,< 1 Year,No,24512.0,152.0,24,0
35040,Male,24,1,22.0,1,< 1 Year,No,22637.0,152.0,124,0
170289,Male,44,1,28.0,0,1-2 Year,Yes,24598.0,124.0,214,0
282267,Male,26,1,10.0,1,< 1 Year,No,22666.0,152.0,293,0
170078,Female,24,1,47.0,0,< 1 Year,Yes,22222.0,151.0,21,0
97645,Male,64,1,28.0,0,1-2 Year,Yes,2630.0,156.0,64,0
45814,Male,25,1,21.0,1,< 1 Year,No,29502.0,152.0,279,0
41996,Male,34,1,15.0,0,1-2 Year,Yes,32261.0,124.0,295,0
276459,Female,52,1,31.0,0,1-2 Year,Yes,2630.0,154.0,138,0
327957,Female,27,1,2.0,1,< 1 Year,No,2630.0,152.0,76,0
307055,Male,57,1,28.0,0,1-2 Year,Yes,43411.0,13.0,106,0
360614,Male,56,1,13.0,0,1-2 Year,Yes,32482.0,124.0,258,0
178094,Male,43,1,28.0,1,1-2 Year,No,37781.0,124.0,274,0
12078,Female,20,1,39.0,0,< 1 Year,No,30262.0,160.0,222,0
132084,Female,53,1,28.0,0,1-2 Year,Yes,42863.0,26.0,155,0
39053,Male,39,1,28.0,1,1-2 Year,No,39892.0,124.0,138,0
353154,Male,41,1,28.0,1,1-2 Year,No,29926.0,26.0,194,0
159624,Male,71,1,4.0,0,1-2 Year,Yes,33623.0,26.0,66,0
132515,Female,25,1,47.0,1,< 1 Year,No,2630.0,152.0,193,0
180678,Female,54,1,28.0,0,> 2 Years,Yes,54393.0,26.0,169,0
107037,Male,46,1,47.0,1,1-2 Year,No,26730.0,26.0,262,0
274956,Male,55,1,8.0,1,1-2 Year,No,36997.0,26.0,229,0
293793,Female,35,1,3.0,0,1-2 Year,Yes,2630.0,157.0,112,0
214337,Female,73,1,46.0,0,1-2 Year,No,2630.0,26.0,294,0
43000,Female,37,1,36.0,1,1-2 Year,No,36102.0,152.0,205,0
264627,Female,26,1,15.0,1,< 1 Year,No,30728.0,152.0,223,0
161975,Female,22,1,28.0,0,< 1 Year,No,65871.0,152.0,256,0
55336,Male,21,1,10.0,0,< 1 Year,Yes,37118.0,160.0,39,0
131511,Female,29,1,33.0,1,< 1 Year,No,36293.0,152.0,36,0
28388,Female,47,1,28.0,1,1-2 Year,No,2630.0,156.0,44,0
373397,Male,64,1,35.0,0,1-2 Year,Yes,2630.0,26.0,25,0
191501,Male,68,1,3.0,0,> 2 Years,Yes,2630.0,124.0,103,0
119344,Female,24,1,32.0,0,< 1 Year,Yes,31431.0,152.0,83,0
305675,Female,36,1,28.0,0,1-2 Year,No,42310.0,124.0,267,0
341930,Male,21,1,8.0,0,< 1 Year,Yes,30023.0,152.0,90,0
275906,Male,33,1,28.0,0,1-2 Year,Yes,41453.0,163.0,196,0
36805,Female,23,1,6.0,1,< 1 Year,No,21551.0,152.0,281,0
206199,Female,23,1,37.0,0,< 1 Year,Yes,28131.0,152.0,135,0
105618,Male,26,1,28.0,1,< 1 Year,No,36789.0,152.0,216,0
131072,Male,58,1,3.0,1,1-2 Year,No,22467.0,152.0,69,0
121716,Male,24,1,37.0,0,< 1 Year,Yes,36242.0,152.0,46,0
376308,Female,25,1,36.0,0,< 1 Year,Yes,31207.0,152.0,40,0
32236,Female,27,1,50.0,1,< 1 Year,No,43645.0,152.0,163,0
8189,Female,24,1,24.0,0,< 1 Year,Yes,40871.0,151.0,15,0
25704,Male,47,1,39.0,0,1-2 Year,Yes,40286.0,124.0,231,0
236196,Female,24,1,28.0,0,< 1 Year,Yes,2630.0,26.0,42,0
244704,Female,22,1,46.0,1,< 1 Year,No,27528.0,152.0,109,0
239773,Male,26,1,12.0,1,< 1 Year,No,22398.0,152.0,239,0
283915,Male,60,1,46.0,0,1-2 Year,Yes,34883.0,11.0,62,0
82704,Male,45,1,28.0,1,1-2 Year,No,28308.0,26.0,100,0
67880,Male,24,1,32.0,1,< 1 Year,No,28758.0,152.0,130,0
127857,Female,43,1,28.0,1,1-2 Year,No,48727.0,152.0,253,0
122397,Male,28,1,3.0,1,1-2 Year,No,46357.0,124.0,138,0
65111,Male,26,1,28.0,1,< 1 Year,No,26525.0,152.0,54,0
359491,Male,55,1,48.0,0,1-2 Year,Yes,2630.0,15.0,152,0
349019,Female,26,1,33.0,1,< 1 Year,No,42943.0,151.0,37,0
301422,Male,68,1,8.0,0,1-2 Year,Yes,34149.0,26.0,261,0
34576,Male,47,1,8.0,0,1-2 Year,Yes,24821.0,155.0,134,0
120114,Female,62,1,28.0,0,1-2 Year,Yes,41246.0,3.0,38,0
279884,Female,29,1,28.0,1,< 1 Year,No,22851.0,153.0,240,0
169065,Male,47,1,28.0,0,1-2 Year,Yes,2630.0,156.0,246,0
309794,Female,35,1,36.0,0,1-2 Year,Yes,2630.0,156.0,162,0
350594,Male,45,1,28.0,1,1-2 Year,Yes,36769.0,26.0,275,0
20472,Male,25,1,41.0,1,< 1 Year,No,38266.0,152.0,242,0
318363,Female,55,1,47.0,0,> 2 Years,Yes,45095.0,124.0,160,0
358379,Male,41,1,24.0,0,1-2 Year,Yes,21253.0,124.0,34,0
300354,Female,25,1,28.0,1,< 1 Year,No,37456.0,152.0,297,0
23687,Female,22,1,14.0,0,< 1 Year,Yes,24147.0,152.0,61,0
164419,Female,68,1,28.0,0,1-2 Year,Yes,57148.0,122.0,169,0
44730,Male,46,1,3.0,0,1-2 Year,No,2630.0,26.0,82,0
197042,Male,24,1,6.0,1,< 1 Year,No,29468.0,152.0,252,0
33362,Female,23,1,18.0,0,< 1 Year,Yes,42357.0,152.0,174,0
88830,Male,72,1,29.0,0,1-2 Year,Yes,64675.0,26.0,207,0
89858,Male,66,1,28.0,0,1-2 Year,Yes,31240.0,26.0,79,0
14449,Female,35,1,46.0,1,1-2 Year,No,35603.0,124.0,211,0
252422,Male,52,1,28.0,0,1-2 Year,Yes,51373.0,26.0,286,0
247461,Male,26,1,16.0,1,< 1 Year,No,2630.0,160.0,257,0
105304,Female,50,1,46.0,1,1-2 Year,No,34327.0,124.0,105,0
97047,Female,46,1,28.0,1,1-2 Year,No,48177.0,3.0,17,0
215892,Female,24,1,16.0,0,< 1 Year,Yes,2630.0,151.0,283,0
151090,Female,26,1,41.0,1,< 1 Year,No,22219.0,152.0,49,0
304473,Male,51,1,28.0,0,1-2 Year,Yes,45983.0,26.0,174,0
175728,Male,69,1,0.0,0,1-2 Year,Yes,2630.0,122.0,13,0
189677,Male,27,1,30.0,0,< 1 Year,Yes,28703.0,152.0,154,0
140564,Male,40,1,9.0,0,1-2 Year,Yes,2630.0,152.0,19,0
207913,Male,21,1,45.0,1,< 1 Year,No,41236.0,152.0,12,0
236620,Female,23,1,28.0,0,< 1 Year,Yes,70224.0,152.0,267,0
133417,Male,24,1,9.0,1,< 1 Year,No,40055.0,152.0,150,0
169632,Male,41,1,51.0,0,1-2 Year,Yes,27982.0,163.0,252,0
109543,Male,26,1,35.0,1,< 1 Year,No,48061.0,152.0,130,0
103695,Male,44,1,28.0,1,1-2 Year,No,41441.0,124.0,90,0
338985,Female,23,1,8.0,0,< 1 Year,Yes,33140.0,152.0,257,0
33965,Female,22,1,17.0,1,< 1 Year,No,2630.0,152.0,117,0
115498,Female,26,1,29.0,1,< 1 Year,No,30990.0,152.0,68,0
183961,Female,73,1,28.0,0,1-2 Year,Yes,46712.0,24.0,17,0
264503,Male,47,1,50.0,0,1-2 Year,Yes,2630.0,157.0,27,0
362664,Female,56,1,8.0,0,1-2 Year,Yes,42884.0,124.0,34,0
293759,Female,40,1,41.0,0,1-2 Year,Yes,35331.0,109.0,264,0
53057,Female,41,1,46.0,1,1-2 Year,No,2630.0,124.0,180,0
22579,Male,27,1,9.0,1,< 1 Year,No,34590.0,152.0,255,0
269301,Female,24,1,28.0,0,< 1 Year,Yes,70382.0,152.0,190,0
221656,Female,73,1,28.0,1,1-2 Year,No,34385.0,26.0,20,0
146255,Male,27,1,8.0,1,< 1 Year,No,31514.0,152.0,132,0
299655,Male,48,1,28.0,1,1-2 Year,No,33319.0,26.0,265,0
200681,Female,23,1,28.0,0,< 1 Year,Yes,32886.0,152.0,25,0
253588,Male,24,1,32.0,0,< 1 Year,Yes,23036.0,152.0,242,0
120011,Male,38,1,38.0,1,1-2 Year,Yes,32099.0,124.0,173,0
359345,Male,40,1,19.0,0,1-2 Year,Yes,37926.0,26.0,13,0
316814,Male,24,1,15.0,1,< 1 Year,No,43686.0,152.0,133,0
296936,Male,37,1,49.0,1,1-2 Year,No,23626.0,124.0,240,0
301338,Female,32,1,31.0,0,< 1 Year,Yes,2630.0,152.0,189,0
50311,Male,21,1,36.0,0,< 1 Year,Yes,32164.0,160.0,186,0
46234,Female,28,1,8.0,1,< 1 Year,No,2630.0,152.0,199,0
280492,Female,25,1,19.0,1,< 1 Year,No,28299.0,152.0,158,0
271985,Male,24,1,39.0,0,< 1 Year,Yes,33799.0,152.0,89,0
216302,Male,32,1,41.0,1,< 1 Year,No,36055.0,152.0,251,0
29998,Female,32,1,26.0,1,< 1 Year,No,2630.0,152.0,71,0
156504,Female,21,1,46.0,1,< 1 Year,No,26116.0,160.0,194,0
135691,Female,24,1,29.0,1,< 1 Year,No,30618.0,152.0,23,0
31576,Male,40,1,21.0,1,1-2 Year,No,31171.0,124.0,120,0
17775,Male,67,1,18.0,1,1-2 Year,No,27072.0,124.0,151,0
139886,Female,54,1,28.0,0,> 2 Years,Yes,30398.0,122.0,288,0
318368,Female,24,1,15.0,1,< 1 Year,Yes,31659.0,152.0,298,0
242991,Male,65,1,45.0,0,1-2 Year,Yes,39458.0,124.0,201,0
50088,Male,58,1,46.0,1,1-2 Year,No,33172.0,11.0,210,0
329387,Female,26,1,36.0,1,< 1 Year,No,35076.0,152.0,95,0
229999,Male,23,1,36.0,1,< 1 Year,No,37946.0,152.0,76,0
158491,Male,54,1,33.0,0,1-2 Year,Yes,37641.0,26.0,144,0
333706,Female,31,1,28.0,0,1-2 Year,Yes,28930.0,124.0,230,0
153979,Female,39,1,28.0,0,1-2 Year,No,64781.0,26.0,122,0
238306,Male,35,1,45.0,1,1-2 Year,No,38392.0,26.0,178,0
178512,Male,49,1,30.0,1,1-2 Year,No,25460.0,124.0,279,0
340867,Male,40,1,46.0,1,1-2 Year,No,18859.0,124.0,190,0
370578,Female,32,1,11.0,1,1-2 Year,No,30860.0,26.0,250,0
280804,Male,57,1,8.0,0,1-2 Year,Yes,39271.0,124.0,243,0
206994,Female,44,1,46.0,1,1-2 Year,No,45089.0,124.0,18,0
285296,Female,21,1,46.0,0,< 1 Year,Yes,57059.0,160.0,274,0
222346,Female,39,1,4.0,0,1-2 Year,Yes,35588.0,26.0,205,0
146434,Female,49,1,8.0,0,1-2 Year,No,40310.0,124.0,246,0
251754,Female,37,1,41.0,0,1-2 Year,Yes,40874.0,26.0,174,0
177138,Male,58,1,28.0,0,1-2 Year,Yes,55995.0,124.0,257,0
139660,Male,46,1,28.0,0,1-2 Year,Yes,46022.0,26.0,63,0
104353,Male,24,1,6.0,1,< 1 Year,No,40278.0,152.0,191,0
243536,Male,64,1,0.0,0,1-2 Year,Yes,2630.0,7.0,205,0
367471,Female,34,1,28.0,1,1-2 Year,No,44509.0,152.0,239,0
302679,Male,48,1,28.0,0,1-2 Year,No,44651.0,124.0,98,0
33062,Female,24,1,25.0,1,< 1 Year,No,37364.0,151.0,165,0
368871,Male,69,1,41.0,1,1-2 Year,No,2630.0,26.0,145,0
344079,Female,27,1,27.0,0,< 1 Year,Yes,31406.0,152.0,298,0
259861,Female,43,1,28.0,0,1-2 Year,Yes,31449.0,124.0,207,0
119561,Female,39,1,0.0,1,1-2 Year,No,2630.0,26.0,145,0
83082,Male,42,1,2.0,0,1-2 Year,Yes,26906.0,157.0,125,0
47902,Male,36,1,8.0,0,1-2 Year,Yes,29770.0,19.0,290,0
78805,Male,31,1,2.0,0,< 1 Year,No,34537.0,152.0,275,0
129220,Female,63,1,28.0,0,1-2 Year,Yes,49741.0,26.0,106,0
39719,Female,51,1,28.0,0,1-2 Year,Yes,38034.0,124.0,87,0
353364,Female,45,1,28.0,1,1-2 Year,No,25973.0,26.0,288,0
69968,Female,23,1,2.0,1,< 1 Year,No,35772.0,152.0,226,0
94000,Male,55,1,10.0,0,1-2 Year,Yes,20076.0,26.0,84,0
23446,Female,25,1,9.0,1,< 1 Year,No,34879.0,26.0,127,0
285269,Male,61,1,49.0,0,1-2 Year,Yes,33660.0,124.0,155,0
206163,Female,23,1,28.0,1,< 1 Year,No,36865.0,152.0,231,0
212398,Female,68,1,8.0,0,1-2 Year,Yes,32752.0,124.0,182,0
216109,Male,63,1,13.0,1,1-2 Year,Yes,30321.0,124.0,154,0
363355,Male,26,1,6.0,1,< 1 Year,No,28729.0,152.0,234,0
242520,Female,73,1,28.0,0,> 2 Years,Yes,56778.0,26.0,41,0
233862,Male,21,1,41.0,0,< 1 Year,Yes,30204.0,26.0,67,0
336240,Female,61,1,28.0,0,1-2 Year,Yes,46896.0,125.0,118,0
244167,Female,25,1,28.0,1,< 1 Year,No,49739.0,26.0,218,0
309275,Male,51,1,29.0,0,1-2 Year,Yes,29234.0,124.0,252,0
276523,Male,39,1,39.0,0,1-2 Year,Yes,2630.0,124.0,193,0
350481,Female,33,1,17.0,0,< 1 Year,Yes,2630.0,154.0,43,0
275584,Male,26,1,33.0,1,< 1 Year,No,20276.0,152.0,176,0
338791,Male,24,1,36.0,1,< 1 Year,No,21856.0,152.0,200,0
316850,Male,31,1,23.0,1,1-2 Year,Yes,2630.0,154.0,163,0
205026,Male,39,1,30.0,1,1-2 Year,No,27282.0,152.0,162,0
356813,Female,32,1,23.0,1,1-2 Year,No,33195.0,26.0,293,0
278043,Female,20,1,3.0,0,< 1 Year,Yes,29436.0,160.0,229,0
76747,Female,22,1,11.0,0,< 1 Year,Yes,2630.0,156.0,118,0
376627,Male,23,1,15.0,0,< 1 Year,Yes,48842.0,152.0,197,0
171983,Male,52,1,8.0,0,1-2 Year,Yes,33404.0,4.0,161,0
104340,Male,23,1,41.0,1,< 1 Year,No,59636.0,152.0,231,0
317295,Male,25,1,22.0,1,< 1 Year,No,2630.0,152.0,253,0
324933,Female,22,1,28.0,0,< 1 Year,Yes,56761.0,26.0,212,0
51571,Male,46,1,48.0,0,1-2 Year,Yes,2630.0,154.0,79,0
129016,Female,24,1,47.0,1,< 1 Year,No,33683.0,152.0,162,0
231771,Male,40,1,50.0,1,1-2 Year,Yes,35447.0,26.0,67,0
368271,Male,43,1,46.0,0,1-2 Year,Yes,2630.0,124.0,98,0
61026,Male,73,1,28.0,0,1-2 Year,Yes,37698.0,16.0,285,0
81784,Male,40,1,45.0,0,1-2 Year,No,23251.0,152.0,118,0
137913,Male,42,1,37.0,1,1-2 Year,No,25098.0,128.0,223,0
273474,Male,28,1,8.0,1,< 1 Year,No,61626.0,26.0,240,0
208950,Male,68,1,28.0,1,1-2 Year,No,26113.0,26.0,28,0
180051,Male,43,1,46.0,0,1-2 Year,Yes,34706.0,26.0,53,0
57853,Male,22,1,22.0,0,< 1 Year,Yes,27191.0,152.0,167,0
360954,Male,41,1,8.0,1,1-2 Year,No,30449.0,26.0,79,0
289497,Male,35,1,28.0,0,> 2 Years,Yes,42012.0,26.0,230,0
100979,Male,72,1,29.0,0,1-2 Year,Yes,48038.0,26.0,269,0
192943,Female,28,1,50.0,0,< 1 Year,Yes,43792.0,152.0,183,0
277437,Male,21,1,11.0,0,< 1 Year,Yes,57953.0,160.0,254,0
239346,Female,31,1,28.0,0,< 1 Year,No,35934.0,156.0,10,0
202566,Female,47,1,28.0,0,1-2 Year,No,36778.0,26.0,151,0
340850,Male,26,1,36.0,1,< 1 Year,No,32293.0,152.0,55,0
374772,Female,23,1,3.0,1,< 1 Year,Yes,20569.0,160.0,160,0
158019,Female,37,1,39.0,0,1-2 Year,Yes,2630.0,157.0,123,0
275422,Male,46,1,28.0,0,1-2 Year,Yes,2630.0,124.0,272,0
124425,Female,50,1,28.0,1,1-2 Year,No,51319.0,61.0,221,0
57112,Female,57,1,50.0,0,1-2 Year,Yes,2630.0,8.0,103,0
367337,Female,38,1,29.0,0,1-2 Year,Yes,2630.0,157.0,284,0
350079,Female,68,1,28.0,0,1-2 Year,Yes,2630.0,156.0,167,0
172411,Male,26,1,30.0,1,< 1 Year,No,29227.0,152.0,41,0
370819,Male,22,1,34.0,1,< 1 Year,No,31709.0,152.0,68,0
357240,Male,30,1,18.0,1,< 1 Year,No,37631.0,152.0,117,0
181633,Female,24,1,28.0,0,< 1 Year,Yes,27893.0,124.0,153,0
352589,Female,50,1,25.0,0,1-2 Year,Yes,33963.0,124.0,258,0
47333,Male,24,1,15.0,0,< 1 Year,Yes,20987.0,152.0,281,0
276284,Female,29,1,28.0,1,1-2 Year,No,35172.0,124.0,33,0
269402,Male,28,1,7.0,1,< 1 Year,No,33581.0,152.0,283,0
211891,Male,25,1,11.0,1,< 1 Year,No,34282.0,152.0,250,0
122367,Male,65,1,46.0,0,> 2 Years,Yes,38658.0,26.0,79,0
276810,Female,28,1,15.0,0,< 1 Year,Yes,41996.0,152.0,222,0
322951,Male,59,1,40.0,1,1-2 Year,No,2630.0,26.0,176,0
365866,Female,21,1,35.0,1,< 1 Year,No,19545.0,160.0,15,0
70498,Female,24,1,41.0,1,< 1 Year,No,45352.0,152.0,243,0
214076,Male,21,1,47.0,0,< 1 Year,Yes,30874.0,152.0,149,0
241388,Female,22,1,36.0,1,< 1 Year,No,31642.0,152.0,214,0
339302,Male,29,1,22.0,1,1-2 Year,Yes,2630.0,156.0,134,0
304401,Male,39,1,20.0,1,1-2 Year,No,2630.0,124.0,233,0
22104,Male,56,1,34.0,1,1-2 Year,No,26367.0,151.0,221,0
251344,Male,42,1,38.0,0,1-2 Year,Yes,44017.0,124.0,92,0
55117,Male,30,1,30.0,1,1-2 Year,No,27997.0,156.0,150,0
45011,Female,24,1,46.0,1,< 1 Year,No,38395.0,160.0,26,0
323194,Male,73,1,5.0,1,1-2 Year,No,2630.0,124.0,110,0
96054,Male,21,1,10.0,0,< 1 Year,Yes,30016.0,152.0,49,0
180574,Female,33,1,28.0,0,< 1 Year,Yes,39001.0,26.0,277,0
137980,Male,41,1,46.0,0,1-2 Year,Yes,31762.0,124.0,156,0
242051,Male,29,1,12.0,0,< 1 Year,Yes,25352.0,156.0,244,0
94646,Male,43,1,15.0,0,1-2 Year,Yes,46527.0,124.0,243,0
259374,Male,43,1,28.0,0,> 2 Years,Yes,2630.0,124.0,210,0
48670,Male,21,1,8.0,0,< 1 Year,Yes,35338.0,152.0,75,0
59661,Male,21,1,28.0,1,< 1 Year,No,24605.0,160.0,231,0
240664,Female,27,1,11.0,1,< 1 Year,No,47460.0,152.0,175,0
145788,Male,43,1,28.0,0,1-2 Year,Yes,43213.0,26.0,263,0
347192,Male,64,1,9.0,1,1-2 Year,No,32274.0,124.0,97,0
267829,Male,37,1,28.0,1,1-2 Year,No,45427.0,122.0,264,0
152663,Male,43,1,28.0,0,1-2 Year,Yes,36982.0,124.0,227,0
175979,Female,41,1,28.0,0,1-2 Year,Yes,42748.0,26.0,268,0
309987,Male,44,1,39.0,0,1-2 Year,Yes,2630.0,26.0,181,0
90953,Male,47,1,28.0,0,> 2 Years,Yes,85787.0,26.0,116,0
303757,Female,49,1,41.0,1,1-2 Year,No,32838.0,26.0,97,0
251388,Male,34,1,9.0,0,1-2 Year,Yes,26990.0,163.0,259,0
269353,Male,39,1,39.0,0,1-2 Year,Yes,40633.0,124.0,282,0
174077,Male,32,1,11.0,1,< 1 Year,No,29929.0,152.0,73,0
23997,Male,56,1,28.0,0,1-2 Year,Yes,44109.0,124.0,34,0
90539,Female,31,1,28.0,1,< 1 Year,No,31348.0,152.0,10,0
11798,Female,20,1,8.0,1,< 1 Year,No,41017.0,160.0,182,0
92281,Male,57,1,28.0,1,1-2 Year,No,27515.0,26.0,74,0
259396,Male,43,1,9.0,1,1-2 Year,No,36401.0,124.0,89,0
618,Male,84,1,28.0,1,1-2 Year,No,49367.0,122.0,31,0
70536,Male,22,1,13.0,1,< 1 Year,No,30998.0,160.0,141,0
114405,Female,78,1,18.0,0,1-2 Year,Yes,29609.0,152.0,81,0
262830,Female,23,1,8.0,1,< 1 Year,No,38754.0,152.0,188,0
348167,Female,37,1,28.0,1,1-2 Year,No,2630.0,124.0,262,0
286811,Female,55,1,28.0,0,> 2 Years,Yes,37577.0,122.0,109,0
376335,Female,21,1,46.0,0,< 1 Year,Yes,30387.0,160.0,151,0
95119,Male,64,1,28.0,1,1-2 Year,No,29497.0,152.0,99,0
259165,Male,38,1,35.0,1,1-2 Year,No,23936.0,152.0,254,0
291428,Male,20,1,47.0,0,< 1 Year,Yes,40295.0,160.0,117,0
302638,Male,26,1,11.0,0,< 1 Year,No,2630.0,152.0,123,0
272826,Female,29,1,28.0,1,< 1 Year,No,48231.0,152.0,178,0
74718,Male,24,1,8.0,0,< 1 Year,Yes,44492.0,160.0,131,0
194391,Male,22,1,11.0,1,< 1 Year,No,27531.0,152.0,248,0
310926,Female,21,1,12.0,1,< 1 Year,Yes,29446.0,160.0,229,0
32406,Female,22,1,32.0,0,< 1 Year,No,37134.0,152.0,203,0
135400,Female,24,1,2.0,1,< 1 Year,No,20473.0,152.0,33,0
352775,Male,38,1,46.0,0,> 2 Years,Yes,2630.0,156.0,172,0
315201,Male,43,1,41.0,1,1-2 Year,No,28862.0,26.0,280,0
51700,Female,64,1,45.0,0,1-2 Year,Yes,25490.0,26.0,155,0
114902,Male,53,1,28.0,0,1-2 Year,Yes,44591.0,26.0,204,0
7172,Male,53,1,28.0,0,> 2 Years,Yes,44746.0,124.0,187,0
140134,Female,23,1,21.0,0,< 1 Year,No,37240.0,152.0,124,0
333286,Female,28,1,28.0,0,< 1 Year,Yes,27346.0,152.0,166,0
284841,Male,26,1,41.0,1,< 1 Year,No,25430.0,152.0,159,0
216294,Female,62,1,28.0,0,1-2 Year,Yes,69601.0,60.0,229,0
293082,Female,22,1,46.0,1,< 1 Year,No,54261.0,152.0,213,0
36831,Male,57,1,39.0,1,1-2 Year,No,30614.0,127.0,146,0
50238,Female,70,1,46.0,0,1-2 Year,Yes,33756.0,11.0,47,0
203298,Male,38,1,30.0,0,1-2 Year,Yes,37723.0,140.0,145,0
57262,Male,25,1,28.0,1,< 1 Year,No,2630.0,152.0,245,0
17842,Male,54,1,28.0,0,1-2 Year,Yes,36743.0,26.0,109,0
294290,Female,39,1,14.0,1,1-2 Year,No,31567.0,26.0,208,0
219539,Male,24,1,6.0,1,< 1 Year,No,49007.0,152.0,30,0
123234,Female,23,1,8.0,0,< 1 Year,Yes,29395.0,152.0,293,0
367033,Male,49,1,29.0,0,1-2 Year,Yes,27761.0,156.0,224,0
116346,Male,25,1,14.0,1,1-2 Year,No,2630.0,156.0,20,0
301376,Female,24,1,8.0,0,< 1 Year,No,51390.0,152.0,262,0
370995,Male,29,1,33.0,0,< 1 Year,Yes,39777.0,152.0,294,0
237804,Female,42,1,28.0,1,1-2 Year,No,45778.0,124.0,94,0
11143,Male,57,1,3.0,1,1-2 Year,No,29053.0,26.0,205,0
142941,Male,50,1,28.0,1,1-2 Year,No,33046.0,26.0,49,0
144906,Male,54,1,28.0,0,1-2 Year,Yes,41000.0,124.0,275,0
86515,Male,53,1,28.0,0,1-2 Year,Yes,64775.0,122.0,49,0
207590,Male,25,1,13.0,1,< 1 Year,No,31570.0,152.0,280,0
366521,Male,60,1,15.0,0,> 2 Years,Yes,37024.0,124.0,120,0
248271,Female,29,1,47.0,1,< 1 Year,No,23730.0,152.0,95,0
15600,Female,27,1,32.0,0,< 1 Year,Yes,2630.0,152.0,261,0
374550,Female,49,1,28.0,0,> 2 Years,Yes,2630.0,157.0,250,0
307308,Male,53,1,28.0,0,1-2 Year,Yes,35009.0,26.0,87,0
90936,Male,69,1,8.0,1,1-2 Year,Yes,29264.0,124.0,196,0
296270,Female,48,1,8.0,0,1-2 Year,No,37386.0,124.0,120,0
190998,Male,53,1,28.0,0,1-2 Year,Yes,50347.0,26.0,124,0
125904,Male,42,1,28.0,1,1-2 Year,No,36249.0,26.0,201,0
188741,Male,59,1,15.0,1,1-2 Year,No,49616.0,26.0,102,0
82841,Female,25,1,28.0,1,< 1 Year,No,42465.0,152.0,33,0
237541,Male,50,1,28.0,0,1-2 Year,Yes,42003.0,124.0,100,0
36401,Male,44,1,7.0,0,1-2 Year,No,2630.0,26.0,115,0
314776,Male,51,1,28.0,1,1-2 Year,Yes,41942.0,3.0,151,0
112003,Male,24,1,6.0,1,< 1 Year,No,35670.0,152.0,130,0
186042,Female,44,1,28.0,0,1-2 Year,Yes,33144.0,26.0,219,0
214241,Female,23,1,15.0,1,< 1 Year,No,2630.0,151.0,121,0
241106,Female,41,1,1.0,0,1-2 Year,No,2630.0,156.0,256,0
151946,Male,48,1,15.0,0,1-2 Year,No,36958.0,124.0,126,0
207261,Female,25,1,37.0,1,< 1 Year,No,43831.0,152.0,162,0
269515,Female,25,1,14.0,1,< 1 Year,No,36817.0,152.0,89,0
229530,Male,50,1,28.0,1,1-2 Year,No,38131.0,26.0,237,0
225437,Male,70,1,28.0,0,1-2 Year,Yes,51881.0,124.0,139,0
59867,Male,24,1,8.0,1,< 1 Year,No,37273.0,152.0,19,0
119928,Female,25,1,36.0,1,< 1 Year,No,2630.0,151.0,179,0
70708,Female,22,1,28.0,1,1-2 Year,Yes,43251.0,157.0,69,0
363229,Male,40,1,8.0,1,1-2 Year,No,41706.0,124.0,102,0
289350,Male,45,1,19.0,1,1-2 Year,No,31978.0,124.0,173,0
230668,Male,47,1,28.0,0,1-2 Year,Yes,36437.0,124.0,279,0
282827,Male,59,1,39.0,1,1-2 Year,No,39359.0,124.0,242,0
117797,Female,38,1,31.0,0,1-2 Year,Yes,2630.0,154.0,288,0
83168,Male,52,1,8.0,0,1-2 Year,No,2630.0,26.0,297,0
40599,Female,23,1,15.0,1,< 1 Year,No,34580.0,152.0,282,0
107685,Male,22,1,12.0,1,< 1 Year,No,26094.0,160.0,193,0
123986,Female,26,1,11.0,1,< 1 Year,No,43885.0,152.0,76,0
13557,Male,25,1,10.0,1,< 1 Year,No,31359.0,152.0,141,0
224775,Male,24,1,8.0,1,< 1 Year,No,37801.0,152.0,56,0
118418,Female,33,1,33.0,1,< 1 Year,No,20051.0,152.0,63,0
316392,Male,50,1,24.0,0,< 1 Year,No,2630.0,1.0,22,0
289772,Female,44,1,41.0,0,1-2 Year,Yes,52831.0,12.0,181,0
203528,Female,66,1,8.0,0,1-2 Year,Yes,33995.0,7.0,220,0
56538,Male,23,1,8.0,1,< 1 Year,No,40432.0,152.0,80,0
259264,Female,25,1,36.0,1,< 1 Year,No,23783.0,152.0,180,0
124694,Male,73,1,28.0,1,1-2 Year,No,2630.0,23.0,249,0
56095,Male,39,1,48.0,0,1-2 Year,Yes,2630.0,156.0,227,0
297875,Female,21,1,27.0,0,< 1 Year,Yes,27313.0,152.0,173,0
4816,Male,43,1,8.0,0,1-2 Year,Yes,43338.0,124.0,87,0
54998,Female,55,1,28.0,0,1-2 Year,Yes,39738.0,124.0,130,0
28138,Female,24,1,9.0,0,< 1 Year,Yes,2630.0,160.0,192,0
187442,Male,23,1,6.0,1,< 1 Year,No,19947.0,152.0,53,0
173712,Female,37,1,28.0,0,1-2 Year,Yes,24761.0,111.0,277,0
116712,Female,29,1,36.0,0,< 1 Year,Yes,2630.0,152.0,163,0
42865,Male,40,1,8.0,1,1-2 Year,No,34407.0,26.0,129,0
292619,Male,53,1,36.0,1,1-2 Year,No,34464.0,152.0,293,0
129957,Male,28,1,3.0,1,< 1 Year,No,28616.0,152.0,110,0
263513,Male,76,1,28.0,1,1-2 Year,No,53510.0,124.0,37,0
25987,Male,46,1,7.0,0,1-2 Year,No,36652.0,156.0,150,0
275860,Female,22,1,33.0,1,< 1 Year,No,30100.0,152.0,67,0
58551,Male,43,1,28.0,0,1-2 Year,Yes,35114.0,55.0,109,0
193714,Female,59,1,15.0,0,1-2 Year,Yes,2630.0,156.0,211,0
364212,Female,24,1,50.0,1,< 1 Year,No,37169.0,152.0,102,0
52106,Female,57,1,28.0,0,> 2 Years,Yes,54522.0,26.0,213,0
81027,Male,43,1,26.0,0,1-2 Year,Yes,27561.0,22.0,292,0
238020,Male,23,1,15.0,0,< 1 Year,Yes,33667.0,152.0,75,0
69623,Male,68,1,14.0,1,1-2 Year,No,20843.0,152.0,115,0
194648,Female,26,1,45.0,0,< 1 Year,Yes,28234.0,152.0,251,0
168335,Female,24,1,28.0,1,< 1 Year,No,66320.0,152.0,94,0
161751,Male,49,1,30.0,1,1-2 Year,No,27841.0,26.0,132,0
291224,Female,33,1,28.0,1,< 1 Year,No,28580.0,152.0,282,0
374258,Female,25,1,30.0,1,< 1 Year,No,36511.0,152.0,91,0
145125,Female,59,1,7.0,0,1-2 Year,Yes,47868.0,26.0,76,0
183517,Male,31,1,41.0,1,< 1 Year,No,38679.0,152.0,289,0
224780,Female,41,1,28.0,0,1-2 Year,Yes,44956.0,26.0,243,0
98661,Female,78,1,8.0,0,1-2 Year,Yes,2630.0,25.0,248,0
149109,Female,53,1,41.0,1,1-2 Year,No,33424.0,124.0,28,0
153612,Male,23,1,46.0,1,< 1 Year,No,2630.0,152.0,186,0
148703,Male,22,1,25.0,1,< 1 Year,No,27886.0,152.0,218,0
318917,Female,31,1,28.0,0,< 1 Year,Yes,45607.0,154.0,28,0
12391,Female,62,1,28.0,1,1-2 Year,No,38825.0,122.0,81,0
195027,Male,51,1,48.0,1,1-2 Year,No,2630.0,124.0,101,0
236923,Female,23,1,30.0,1,< 1 Year,No,42665.0,26.0,292,0
19852,Male,55,1,14.0,1,1-2 Year,No,36194.0,26.0,246,0
88456,Male,50,1,28.0,0,1-2 Year,Yes,33408.0,122.0,225,0
157155,Male,25,1,36.0,1,< 1 Year,No,34659.0,152.0,69,0
249249,Male,28,1,37.0,0,< 1 Year,Yes,2630.0,160.0,208,0
127234,Male,52,1,47.0,1,1-2 Year,No,32529.0,26.0,125,0
202357,Male,43,1,28.0,0,1-2 Year,Yes,60732.0,25.0,227,0
283687,Male,43,1,15.0,1,1-2 Year,No,35331.0,26.0,126,0
216795,Male,42,1,28.0,0,1-2 Year,Yes,31604.0,23.0,254,0
192991,Female,48,1,3.0,1,1-2 Year,No,28904.0,124.0,198,0
64694,Female,21,1,32.0,1,< 1 Year,No,29681.0,152.0,193,0
75640,Female,31,1,28.0,0,< 1 Year,Yes,2630.0,157.0,82,0
41607,Female,24,1,24.0,0,< 1 Year,Yes,2630.0,152.0,80,0
225706,Female,24,1,41.0,1,< 1 Year,No,53366.0,152.0,11,0
267963,Female,22,1,8.0,1,< 1 Year,No,39371.0,152.0,299,0
306409,Female,25,1,36.0,0,< 1 Year,Yes,32606.0,152.0,256,0
83632,Male,25,1,18.0,1,< 1 Year,No,28702.0,152.0,279,0
12721,Male,29,1,30.0,1,< 1 Year,No,25932.0,152.0,169,0
211618,Male,24,1,21.0,1,< 1 Year,No,30356.0,152.0,135,0
216696,Male,30,1,50.0,0,< 1 Year,No,2630.0,1.0,239,0
234445,Male,49,1,28.0,0,1-2 Year,Yes,32226.0,26.0,254,0
150612,Female,69,1,28.0,0,> 2 Years,Yes,63457.0,122.0,272,0
361438,Male,56,1,8.0,0,1-2 Year,No,83666.0,26.0,37,0
299491,Female,60,1,3.0,1,1-2 Year,No,2630.0,124.0,252,0
255040,Female,34,1,30.0,0,1-2 Year,Yes,2630.0,152.0,259,0
333848,Male,24,1,8.0,1,< 1 Year,No,58255.0,152.0,234,0
106819,Female,52,1,10.0,0,1-2 Year,Yes,30253.0,124.0,77,0
333785,Male,48,1,0.0,0,1-2 Year,Yes,2630.0,26.0,88,0
123265,Male,25,1,18.0,1,< 1 Year,No,29886.0,152.0,176,0
299507,Male,41,1,28.0,1,1-2 Year,No,31971.0,152.0,149,0
234658,Male,52,1,15.0,0,1-2 Year,Yes,2630.0,124.0,112,0
379762,Male,24,1,39.0,0,< 1 Year,Yes,41894.0,152.0,246,0
191469,Female,23,1,3.0,1,< 1 Year,No,57571.0,152.0,163,0
10173,Female,50,1,28.0,0,1-2 Year,Yes,52312.0,124.0,37,0
200766,Male,25,1,9.0,1,< 1 Year,No,35321.0,152.0,162,0
6118,Male,21,1,3.0,0,< 1 Year,Yes,27501.0,152.0,134,0
152807,Male,25,1,15.0,1,< 1 Year,No,45094.0,152.0,154,0
103624,Female,28,1,6.0,1,< 1 Year,No,26238.0,152.0,214,0
236680,Female,26,1,3.0,1,< 1 Year,No,25886.0,152.0,108,0
228442,Male,47,1,29.0,1,1-2 Year,No,26203.0,124.0,269,0
21605,Male,73,1,15.0,1,1-2 Year,No,2630.0,124.0,186,0
13904,Female,25,1,30.0,0,< 1 Year,Yes,29397.0,152.0,29,0
284006,Female,57,1,20.0,1,1-2 Year,No,2630.0,26.0,268,0
13531,Female,25,1,46.0,1,< 1 Year,No,2630.0,152.0,162,0
186078,Female,75,1,28.0,1,1-2 Year,No,26437.0,122.0,199,0
190420,Female,29,1,28.0,1,< 1 Year,No,39768.0,152.0,297,0
273049,Female,27,1,37.0,0,< 1 Year,Yes,46711.0,152.0,189,0
336604,Male,27,1,30.0,1,< 1 Year,No,22906.0,152.0,290,0
46472,Male,23,1,15.0,1,< 1 Year,No,30684.0,152.0,75,0
100839,Male,34,1,28.0,0,1-2 Year,Yes,28090.0,26.0,260,0
324882,Female,23,1,41.0,1,< 1 Year,No,37935.0,152.0,181,0
345066,Male,48,1,28.0,0,1-2 Year,Yes,40836.0,26.0,239,0
81327,Female,24,1,8.0,1,< 1 Year,No,45128.0,152.0,252,0
184973,Male,65,1,35.0,1,1-2 Year,No,30136.0,10.0,196,0
280162,Male,22,1,46.0,0,< 1 Year,Yes,2630.0,152.0,43,0
266841,Female,20,1,46.0,0,< 1 Year,Yes,29929.0,160.0,298,0
226971,Female,22,1,4.0,0,< 1 Year,Yes,44878.0,152.0,226,0
311823,Female,25,1,16.0,0,< 1 Year,Yes,27051.0,152.0,113,0
129002,Male,47,1,28.0,0,1-2 Year,Yes,35531.0,124.0,264,0
115421,Female,26,1,15.0,1,< 1 Year,No,38187.0,152.0,108,0
227888,Male,40,1,28.0,0,1-2 Year,Yes,41940.0,124.0,258,0
290130,Female,27,1,41.0,1,< 1 Year,No,26552.0,152.0,110,0
117663,Male,48,1,29.0,0,1-2 Year,No,34378.0,152.0,226,0
315207,Male,80,1,32.0,0,1-2 Year,Yes,31799.0,124.0,27,0
344926,Male,46,1,12.0,0,1-2 Year,Yes,26129.0,124.0,44,0
47119,Female,22,1,30.0,0,< 1 Year,Yes,28904.0,160.0,197,0
208735,Female,24,1,16.0,1,< 1 Year,No,33464.0,152.0,252,0
61302,Female,43,1,28.0,0,1-2 Year,Yes,41901.0,124.0,243,0
63836,Male,24,1,3.0,1,< 1 Year,No,2630.0,160.0,278,0
313008,Male,45,1,29.0,1,1-2 Year,No,67786.0,124.0,252,0
162382,Female,58,1,50.0,0,> 2 Years,Yes,49961.0,124.0,240,0
247464,Male,23,1,15.0,1,< 1 Year,No,27410.0,152.0,258,0
216743,Female,49,1,8.0,0,1-2 Year,Yes,44015.0,124.0,18,0
256936,Male,47,1,28.0,0,1-2 Year,Yes,30759.0,124.0,157,0
142805,Male,22,1,29.0,1,< 1 Year,No,30066.0,152.0,91,0
231183,Male,23,1,43.0,1,< 1 Year,No,28604.0,152.0,133,0
199086,Male,43,1,28.0,1,1-2 Year,Yes,33131.0,26.0,95,0
336220,Male,46,1,23.0,0,1-2 Year,Yes,38915.0,124.0,182,0
169440,Female,50,1,47.0,1,1-2 Year,No,28229.0,124.0,213,0
129859,Male,54,1,33.0,0,1-2 Year,Yes,32270.0,26.0,131,0
270927,Female,24,1,6.0,1,< 1 Year,No,22631.0,152.0,195,0
165019,Female,27,1,28.0,1,< 1 Year,No,40358.0,152.0,231,0
68310,Male,26,1,28.0,0,< 1 Year,Yes,57060.0,26.0,286,0
341907,Female,25,1,29.0,0,< 1 Year,Yes,32292.0,152.0,83,0
51158,Female,58,1,28.0,0,1-2 Year,Yes,27106.0,124.0,65,0
3234,Female,24,1,8.0,1,< 1 Year,No,29404.0,152.0,285,0
120870,Male,38,1,46.0,0,1-2 Year,Yes,19167.0,156.0,63,0
213213,Male,31,1,33.0,1,< 1 Year,No,30771.0,152.0,147,0
7508,Female,54,1,28.0,1,1-2 Year,No,41390.0,26.0,161,0
185769,Female,31,1,8.0,1,< 1 Year,No,51281.0,152.0,256,0
252830,Male,73,1,28.0,0,1-2 Year,Yes,2630.0,125.0,280,0
345185,Female,24,1,32.0,1,< 1 Year,No,18593.0,152.0,224,0
204744,Female,26,1,28.0,1,< 1 Year,No,43358.0,152.0,248,0
299607,Female,27,1,13.0,1,< 1 Year,No,2630.0,160.0,234,0
177217,Male,21,1,45.0,1,< 1 Year,No,21054.0,152.0,44,0
220507,Female,25,1,41.0,1,< 1 Year,No,21643.0,160.0,297,0
161370,Female,69,1,28.0,1,1-2 Year,No,88733.0,26.0,39,0
29027,Female,63,1,7.0,0,> 2 Years,Yes,81063.0,124.0,272,0
178209,Female,21,1,29.0,1,< 1 Year,No,37813.0,152.0,266,0
374606,Male,70,1,38.0,0,1-2 Year,Yes,2630.0,26.0,187,0
43298,Female,31,1,26.0,0,< 1 Year,Yes,29844.0,26.0,257,0
28324,Male,50,1,38.0,0,1-2 Year,Yes,33062.0,155.0,248,0
102363,Female,24,1,34.0,0,< 1 Year,Yes,29323.0,152.0,112,0
348692,Female,23,1,15.0,0,< 1 Year,No,27504.0,152.0,42,0
197783,Male,32,1,11.0,1,< 1 Year,No,37513.0,152.0,261,0
78071,Female,73,1,28.0,0,1-2 Year,Yes,37916.0,26.0,156,0
96734,Female,36,1,28.0,1,1-2 Year,No,32179.0,152.0,83,0
360503,Male,24,1,42.0,0,< 1 Year,Yes,27827.0,152.0,166,0
178947,Female,51,1,28.0,0,1-2 Year,Yes,35852.0,26.0,139,0
377659,Female,43,1,28.0,1,1-2 Year,No,49528.0,26.0,194,0
350764,Female,40,1,8.0,1,1-2 Year,No,30439.0,124.0,76,0
313940,Male,23,1,3.0,1,< 1 Year,No,21871.0,152.0,56,0
318830,Female,32,1,28.0,1,< 1 Year,No,27673.0,152.0,136,0
40675,Male,43,1,15.0,1,1-2 Year,No,2630.0,124.0,106,0
353352,Female,27,1,36.0,0,< 1 Year,Yes,25981.0,152.0,118,0
101471,Female,47,1,28.0,0,1-2 Year,Yes,27744.0,26.0,212,0
187471,Female,64,1,8.0,0,1-2 Year,Yes,2630.0,30.0,279,0
169549,Female,27,1,10.0,1,< 1 Year,Yes,2630.0,152.0,231,0
83403,Female,24,1,41.0,1,< 1 Year,No,48543.0,152.0,94,0
242768,Female,23,1,29.0,1,< 1 Year,No,35004.0,152.0,236,0
376032,Male,27,1,28.0,1,< 1 Year,No,35115.0,152.0,172,0
38923,Male,40,1,28.0,0,1-2 Year,No,45758.0,122.0,23,0
99198,Male,39,1,19.0,0,1-2 Year,Yes,34316.0,124.0,121,0
369249,Male,48,1,28.0,0,1-2 Year,No,50340.0,13.0,18,0
233275,Female,24,1,3.0,0,< 1 Year,Yes,2630.0,152.0,238,0
34745,Female,27,1,50.0,1,< 1 Year,No,56392.0,152.0,137,0
83338,Female,25,1,13.0,1,< 1 Year,No,29946.0,152.0,143,0
194355,Male,30,1,46.0,1,< 1 Year,No,24556.0,160.0,49,0
129031,Male,75,1,8.0,0,1-2 Year,Yes,44437.0,26.0,81,0
243013,Female,21,1,2.0,0,< 1 Year,Yes,29004.0,160.0,197,0
268796,Male,32,1,47.0,0,1-2 Year,Yes,38517.0,157.0,245,0
154232,Male,22,1,50.0,1,< 1 Year,No,2630.0,152.0,122,0
167552,Male,42,1,3.0,1,1-2 Year,Yes,35542.0,124.0,236,0
294364,Female,37,1,28.0,1,1-2 Year,No,28300.0,26.0,204,0
127420,Female,37,1,8.0,1,1-2 Year,No,34612.0,160.0,23,0
377662,Female,26,1,27.0,0,< 1 Year,Yes,2630.0,26.0,175,0
126199,Male,80,1,11.0,0,1-2 Year,Yes,2630.0,120.0,52,0
162554,Male,24,1,44.0,0,< 1 Year,Yes,36855.0,152.0,261,0
138102,Male,30,1,8.0,1,< 1 Year,No,40028.0,152.0,77,0
193181,Female,27,1,3.0,1,< 1 Year,No,30712.0,152.0,282,0
72054,Female,44,1,28.0,0,> 2 Years,Yes,2630.0,26.0,53,0
353001,Male,28,1,18.0,1,< 1 Year,No,2630.0,152.0,165,0
221050,Male,23,1,2.0,0,< 1 Year,Yes,40509.0,152.0,219,0
134430,Female,39,1,29.0,0,1-2 Year,Yes,29996.0,124.0,84,0
52316,Female,29,1,41.0,1,< 1 Year,No,18574.0,152.0,280,0
222739,Male,65,1,29.0,1,1-2 Year,Yes,39415.0,26.0,123,0
296806,Female,24,1,26.0,1,< 1 Year,No,39830.0,152.0,127,0
21941,Male,56,1,28.0,0,1-2 Year,Yes,50448.0,26.0,121,0
357366,Male,39,1,41.0,0,1-2 Year,Yes,31848.0,124.0,275,0
33486,Male,66,1,31.0,1,1-2 Year,Yes,2630.0,9.0,221,0
238468,Male,52,1,20.0,1,1-2 Year,Yes,2630.0,124.0,73,0
273940,Male,31,1,41.0,0,< 1 Year,Yes,2630.0,156.0,20,0
79497,Female,41,1,28.0,1,1-2 Year,No,27569.0,60.0,299,0
347145,Male,45,1,16.0,0,1-2 Year,Yes,2630.0,122.0,132,0
243017,Female,72,1,28.0,0,1-2 Year,Yes,31412.0,124.0,261,0
343466,Male,22,1,29.0,1,< 1 Year,No,51379.0,152.0,119,0
27410,Female,25,1,30.0,1,< 1 Year,No,26452.0,152.0,31,0
14756,Female,55,1,35.0,1,1-2 Year,Yes,2630.0,156.0,29,0
240970,Female,21,1,46.0,1,< 1 Year,No,25558.0,160.0,63,0
263688,Female,25,1,23.0,1,< 1 Year,No,27285.0,152.0,201,0
60417,Female,72,1,28.0,0,1-2 Year,Yes,55288.0,124.0,178,0
228030,Male,52,1,33.0,1,1-2 Year,No,24374.0,26.0,31,0
249053,Male,70,1,26.0,1,1-2 Year,No,27888.0,22.0,219,0
77850,Male,24,1,41.0,1,< 1 Year,No,30630.0,152.0,269,0
117667,Male,59,1,3.0,1,1-2 Year,No,25086.0,26.0,182,0
330348,Male,21,1,46.0,0,< 1 Year,No,2630.0,1.0,292,0
260995,Female,34,1,28.0,1,1-2 Year,No,2630.0,152.0,154,0
184362,Male,35,1,6.0,1,1-2 Year,No,34942.0,152.0,290,0
144333,Male,54,1,15.0,0,1-2 Year,Yes,43895.0,26.0,65,0
345462,Female,64,1,45.0,0,1-2 Year,Yes,25458.0,26.0,55,0
182857,Male,46,1,46.0,0,> 2 Years,Yes,32688.0,124.0,72,0
85463,Female,66,1,28.0,0,> 2 Years,Yes,33781.0,26.0,253,0
109050,Male,41,1,0.0,0,1-2 Year,No,2630.0,44.0,133,0
206820,Male,38,1,41.0,0,1-2 Year,Yes,2630.0,154.0,39,0
31833,Female,37,1,28.0,1,1-2 Year,No,29406.0,124.0,171,0
37489,Female,27,1,28.0,1,< 1 Year,No,36085.0,152.0,282,0
27710,Female,24,1,15.0,1,< 1 Year,Yes,32488.0,152.0,189,0
184195,Female,22,1,2.0,1,< 1 Year,No,24169.0,152.0,71,0
368121,Female,51,1,28.0,0,1-2 Year,Yes,33706.0,122.0,26,0
22141,Female,74,1,28.0,0,1-2 Year,Yes,2630.0,125.0,107,0
7360,Female,26,1,27.0,0,< 1 Year,No,26174.0,152.0,194,0
105702,Female,68,1,45.0,0,> 2 Years,Yes,2630.0,26.0,23,0
341298,Male,41,1,36.0,1,1-2 Year,Yes,36165.0,124.0,116,0
220592,Female,22,1,45.0,1,< 1 Year,No,30265.0,152.0,69,0
258208,Male,23,1,14.0,1,< 1 Year,Yes,29292.0,151.0,46,0
330980,Female,21,1,8.0,0,1-2 Year,Yes,50277.0,154.0,195,0
328176,Female,24,1,28.0,1,< 1 Year,No,35313.0,152.0,219,0
116360,Male,24,1,11.0,1,< 1 Year,No,52669.0,152.0,122,0
246751,Male,67,1,41.0,0,> 2 Years,Yes,69043.0,26.0,59,0
31083,Male,63,1,41.0,1,1-2 Year,No,2630.0,26.0,173,0
24072,Male,52,1,13.0,0,1-2 Year,Yes,31733.0,124.0,42,0
65190,Male,44,1,28.0,0,1-2 Year,Yes,45077.0,156.0,26,0
329298,Female,42,1,39.0,0,1-2 Year,Yes,2630.0,156.0,116,0
326225,Male,26,1,3.0,1,1-2 Year,No,24751.0,124.0,106,0
183592,Male,49,1,28.0,1,1-2 Year,No,28527.0,55.0,180,0
159782,Male,50,1,41.0,0,1-2 Year,Yes,28273.0,122.0,51,0
55964,Female,22,1,30.0,0,< 1 Year,Yes,23984.0,152.0,262,0
177283,Male,43,1,28.0,0,1-2 Year,Yes,37729.0,122.0,141,0
228852,Male,39,1,20.0,1,1-2 Year,No,2630.0,124.0,62,0
348135,Female,25,1,28.0,1,< 1 Year,No,27157.0,152.0,214,0
48555,Female,25,1,28.0,1,< 1 Year,No,25156.0,152.0,41,0
97880,Female,24,1,25.0,1,< 1 Year,No,2630.0,152.0,144,0
366633,Male,53,1,28.0,0,1-2 Year,Yes,54918.0,55.0,271,0
193519,Female,44,1,23.0,0,1-2 Year,Yes,19349.0,124.0,99,0
284515,Male,48,1,24.0,0,1-2 Year,Yes,29380.0,26.0,174,0
348557,Female,24,1,11.0,1,< 1 Year,No,31248.0,152.0,25,0
72442,Male,71,1,28.0,0,1-2 Year,Yes,51924.0,122.0,112,0
131311,Female,78,1,28.0,1,1-2 Year,No,58963.0,26.0,123,0
342526,Female,24,1,46.0,1,< 1 Year,No,22582.0,152.0,119,0
132575,Male,32,1,10.0,1,< 1 Year,No,2630.0,152.0,77,0
379370,Female,40,1,39.0,1,1-2 Year,No,37505.0,124.0,227,0
165429,Male,49,1,30.0,1,1-2 Year,No,26783.0,124.0,279,0
103874,Male,38,1,35.0,1,1-2 Year,No,41274.0,152.0,89,0
348405,Male,59,1,28.0,0,1-2 Year,Yes,2630.0,156.0,217,0
361964,Female,24,1,28.0,0,< 1 Year,Yes,34972.0,152.0,123,0
239702,Male,22,1,8.0,1,< 1 Year,No,21900.0,160.0,227,0
67513,Male,36,1,15.0,1,1-2 Year,No,2630.0,156.0,146,0
133703,Male,57,1,41.0,0,> 2 Years,Yes,37758.0,124.0,292,0
203690,Male,49,1,28.0,0,1-2 Year,Yes,46014.0,122.0,66,0
326247,Female,24,1,41.0,1,< 1 Year,No,2630.0,152.0,118,0
236796,Male,36,1,48.0,1,1-2 Year,No,2630.0,124.0,184,0
62156,Female,21,1,28.0,0,< 1 Year,No,29393.0,152.0,177,0
123147,Female,24,1,25.0,1,< 1 Year,No,27606.0,152.0,259,0
201658,Male,24,1,36.0,0,< 1 Year,Yes,24605.0,152.0,58,0
114236,Male,69,1,28.0,0,1-2 Year,Yes,34110.0,124.0,201,0
367921,Female,37,1,28.0,0,1-2 Year,Yes,52996.0,157.0,149,0
340930,Male,69,1,41.0,1,1-2 Year,No,41647.0,19.0,229,0
355740,Male,39,1,17.0,1,1-2 Year,No,34877.0,124.0,134,0
4498,Female,27,1,34.0,0,< 1 Year,Yes,36668.0,152.0,181,0
71644,Male,42,1,28.0,1,1-2 Year,No,45970.0,124.0,177,0
267367,Male,24,1,41.0,1,< 1 Year,No,31360.0,152.0,109,0
212747,Male,40,1,28.0,1,1-2 Year,No,2630.0,26.0,157,0
96102,Female,22,1,15.0,1,< 1 Year,No,38538.0,152.0,66,0
238085,Female,46,1,8.0,0,1-2 Year,Yes,43192.0,25.0,246,0
328275,Female,23,1,10.0,1,< 1 Year,No,16113.0,152.0,148,0
84275,Female,22,1,6.0,1,< 1 Year,No,19317.0,160.0,169,0
53230,Male,43,1,19.0,0,1-2 Year,Yes,38944.0,124.0,298,0
176507,Female,27,1,8.0,1,< 1 Year,No,26313.0,152.0,221,0
14604,Male,50,1,28.0,0,> 2 Years,Yes,30105.0,13.0,101,0
204796,Female,27,1,49.0,1,< 1 Year,No,2630.0,153.0,109,0
191308,Female,29,1,21.0,1,< 1 Year,No,2630.0,160.0,71,0
66649,Male,47,1,28.0,1,1-2 Year,Yes,39867.0,122.0,14,0
377283,Female,20,1,6.0,0,< 1 Year,Yes,26988.0,160.0,138,0
149331,Male,23,1,28.0,1,< 1 Year,No,21453.0,152.0,263,0
19759,Male,25,1,39.0,1,< 1 Year,No,26290.0,151.0,135,0
366474,Female,20,1,27.0,0,< 1 Year,Yes,23470.0,160.0,172,0
48538,Male,25,1,29.0,1,< 1 Year,No,48688.0,152.0,296,0
117239,Male,38,1,28.0,0,1-2 Year,Yes,28978.0,122.0,42,0
179450,Male,26,1,49.0,1,< 1 Year,No,43941.0,152.0,213,0
22411,Female,75,1,19.0,0,1-2 Year,Yes,28547.0,124.0,157,0
380460,Male,35,1,41.0,1,1-2 Year,No,33124.0,26.0,40,0
378853,Female,23,1,41.0,0,< 1 Year,Yes,24722.0,152.0,212,0
292567,Female,57,1,8.0,0,1-2 Year,Yes,52858.0,124.0,125,0
4622,Female,25,1,36.0,0,< 1 Year,Yes,28334.0,152.0,80,0
356237,Female,25,1,14.0,1,< 1 Year,No,25486.0,152.0,144,0
148660,Male,29,1,11.0,1,< 1 Year,No,26403.0,152.0,179,0
220388,Female,26,1,15.0,1,< 1 Year,No,26273.0,152.0,90,0
347745,Female,43,1,32.0,1,1-2 Year,No,25678.0,124.0,179,0
189992,Male,53,1,11.0,1,1-2 Year,No,36676.0,26.0,193,0
360917,Female,25,1,32.0,1,< 1 Year,No,32523.0,152.0,266,0
254905,Male,24,1,25.0,1,< 1 Year,No,23308.0,152.0,290,0
336432,Female,54,1,29.0,0,1-2 Year,Yes,2630.0,156.0,159,0
75740,Female,24,1,45.0,1,< 1 Year,No,24125.0,152.0,208,0
345990,Female,27,1,3.0,1,1-2 Year,No,2630.0,157.0,128,0
9559,Male,21,1,41.0,0,< 1 Year,Yes,36695.0,160.0,238,0
350551,Female,23,1,3.0,1,< 1 Year,No,21562.0,152.0,296,0
191876,Male,46,1,36.0,1,1-2 Year,No,27280.0,124.0,251,0
229833,Male,33,1,9.0,0,1-2 Year,No,33224.0,26.0,56,0
64927,Male,59,1,50.0,1,1-2 Year,No,48308.0,124.0,51,0
147587,Female,26,1,28.0,1,< 1 Year,No,31829.0,152.0,236,0
363070,Male,28,1,37.0,1,< 1 Year,No,33247.0,152.0,72,0
26480,Male,73,1,28.0,0,1-2 Year,Yes,32921.0,125.0,35,0
246601,Male,41,1,28.0,0,1-2 Year,Yes,62655.0,26.0,128,0
96519,Female,28,1,50.0,1,< 1 Year,No,25423.0,152.0,263,0
134256,Male,43,1,46.0,1,1-2 Year,No,37339.0,26.0,77,0
363792,Female,53,1,28.0,0,1-2 Year,Yes,46541.0,122.0,276,0
118230,Male,23,1,29.0,1,< 1 Year,No,30427.0,152.0,121,0
279991,Female,22,1,27.0,0,< 1 Year,Yes,29841.0,152.0,219,0
149985,Female,24,1,46.0,1,< 1 Year,No,26625.0,160.0,63,0
145874,Female,21,1,28.0,1,< 1 Year,No,36329.0,152.0,238,0
259554,Male,67,1,21.0,0,1-2 Year,Yes,30056.0,26.0,222,0
53817,Female,30,1,41.0,0,< 1 Year,Yes,33701.0,154.0,213,0
291631,Female,21,1,36.0,1,< 1 Year,No,22702.0,160.0,293,0
82972,Male,26,1,15.0,1,< 1 Year,No,26912.0,152.0,94,0
250376,Male,23,1,10.0,0,< 1 Year,Yes,23699.0,152.0,236,0
77116,Female,25,1,14.0,1,< 1 Year,No,38348.0,152.0,207,0
303602,Female,60,1,28.0,0,1-2 Year,Yes,24529.0,35.0,282,0
243460,Male,42,1,45.0,0,1-2 Year,Yes,21706.0,31.0,107,0
295475,Female,22,1,3.0,1,< 1 Year,No,24384.0,152.0,233,0
105744,Female,42,1,28.0,1,1-2 Year,No,34696.0,122.0,200,0
303115,Female,39,1,28.0,0,1-2 Year,Yes,91545.0,26.0,228,0
212827,Male,43,1,8.0,0,1-2 Year,No,37683.0,26.0,222,0
285033,Female,39,1,28.0,0,1-2 Year,Yes,40987.0,122.0,222,0
750,Male,44,1,28.0,1,1-2 Year,Yes,33844.0,26.0,81,0
134665,Male,45,1,33.0,1,1-2 Year,No,2630.0,124.0,25,0
322,Male,77,1,50.0,1,1-2 Year,No,42327.0,124.0,10,0
136324,Male,77,1,28.0,0,1-2 Year,Yes,48880.0,26.0,294,0
359764,Male,23,1,26.0,1,< 1 Year,No,37712.0,152.0,82,0
324704,Female,40,1,28.0,1,1-2 Year,No,44624.0,59.0,231,0
246367,Male,43,1,41.0,0,1-2 Year,Yes,29660.0,124.0,30,0
246640,Male,26,1,47.0,0,< 1 Year,Yes,38879.0,152.0,212,0
353963,Female,24,1,34.0,1,< 1 Year,No,31106.0,152.0,289,0
348989,Male,26,1,36.0,1,< 1 Year,No,31580.0,152.0,290,0
279207,Male,40,1,3.0,0,1-2 Year,Yes,35432.0,154.0,92,0
351922,Male,31,1,48.0,0,1-2 Year,No,2630.0,15.0,156,0
64113,Female,74,1,8.0,1,1-2 Year,Yes,2630.0,7.0,234,0
93021,Female,21,1,3.0,1,< 1 Year,No,46902.0,160.0,148,0
198578,Female,21,1,46.0,1,< 1 Year,No,35910.0,160.0,65,0
349771,Female,26,1,18.0,1,< 1 Year,Yes,2630.0,160.0,100,0
128037,Female,25,1,11.0,1,< 1 Year,No,2630.0,152.0,140,0
31475,Female,67,1,33.0,0,> 2 Years,Yes,2630.0,26.0,62,0
125675,Female,41,1,28.0,0,1-2 Year,Yes,38437.0,26.0,52,0
380749,Female,38,1,4.0,1,1-2 Year,No,38951.0,152.0,34,0
342951,Male,30,1,28.0,1,< 1 Year,No,59848.0,152.0,240,0
49236,Female,31,1,28.0,0,< 1 Year,No,2630.0,1.0,48,0
205200,Male,27,1,36.0,0,< 1 Year,Yes,2630.0,152.0,121,0
19644,Male,24,1,34.0,0,< 1 Year,Yes,33336.0,152.0,84,0
141106,Male,45,1,15.0,0,1-2 Year,No,28647.0,124.0,94,0
167661,Female,22,1,39.0,0,< 1 Year,Yes,14431.0,152.0,204,0
294203,Female,38,1,15.0,0,1-2 Year,Yes,27423.0,152.0,99,0
179070,Male,29,1,29.0,0,< 1 Year,Yes,36677.0,152.0,73,0
270614,Male,26,1,21.0,1,< 1 Year,No,27693.0,152.0,186,0
124957,Male,41,1,15.0,1,1-2 Year,No,37956.0,14.0,90,0
214541,Male,51,1,48.0,0,1-2 Year,No,2630.0,26.0,170,0
141554,Male,27,1,28.0,1,< 1 Year,No,22833.0,152.0,219,0
311730,Male,38,1,46.0,1,1-2 Year,Yes,2630.0,156.0,264,0
193040,Male,80,1,45.0,1,1-2 Year,No,31667.0,26.0,107,0
360537,Male,24,1,8.0,0,< 1 Year,Yes,53367.0,160.0,299,0
350004,Male,68,1,8.0,0,1-2 Year,Yes,45600.0,124.0,36,0
138724,Male,24,1,25.0,1,< 1 Year,No,36570.0,152.0,250,0
309913,Female,23,1,41.0,0,1-2 Year,Yes,43246.0,124.0,226,0
45394,Female,23,1,14.0,0,< 1 Year,Yes,20184.0,152.0,143,0
83388,Male,35,1,28.0,0,1-2 Year,No,39482.0,124.0,159,0
191697,Male,74,1,28.0,0,1-2 Year,No,85290.0,26.0,72,0
221567,Female,33,1,8.0,1,< 1 Year,No,36058.0,152.0,112,0
323994,Male,26,1,11.0,1,< 1 Year,No,23432.0,152.0,133,0
380190,Female,26,1,28.0,1,< 1 Year,No,18916.0,152.0,105,0
305012,Male,22,1,9.0,0,< 1 Year,Yes,41515.0,152.0,272,0
162283,Male,44,1,8.0,0,1-2 Year,Yes,28855.0,124.0,37,0
45013,Male,61,1,41.0,0,1-2 Year,Yes,26952.0,124.0,146,0
248344,Male,49,1,28.0,1,1-2 Year,No,2630.0,124.0,245,0
221955,Female,26,1,3.0,0,< 1 Year,Yes,2630.0,160.0,29,0
15453,Female,25,1,30.0,0,< 1 Year,Yes,25302.0,152.0,228,0
286532,Male,29,1,28.0,1,< 1 Year,Yes,56415.0,154.0,265,0
61259,Female,28,1,8.0,1,< 1 Year,No,34299.0,152.0,31,0
180861,Male,45,1,48.0,0,1-2 Year,Yes,2630.0,124.0,162,0
237753,Female,37,1,31.0,0,1-2 Year,No,2630.0,26.0,259,0
18981,Female,36,1,50.0,1,1-2 Year,Yes,25210.0,154.0,199,0
169347,Female,23,1,8.0,1,< 1 Year,No,38031.0,152.0,191,0
318440,Male,27,1,47.0,0,< 1 Year,Yes,27622.0,152.0,217,0
261362,Male,61,1,28.0,1,1-2 Year,No,45557.0,13.0,93,0
35235,Male,23,1,46.0,1,< 1 Year,No,23350.0,152.0,151,0
76035,Male,39,1,20.0,0,1-2 Year,Yes,2630.0,124.0,23,0
234003,Male,23,1,41.0,1,< 1 Year,No,35334.0,152.0,224,0
27371,Male,21,1,2.0,1,< 1 Year,No,25165.0,152.0,240,0
161053,Male,64,1,35.0,0,1-2 Year,Yes,50796.0,26.0,279,0
106693,Male,47,1,43.0,1,1-2 Year,Yes,42644.0,26.0,146,0
53491,Male,38,1,28.0,0,1-2 Year,Yes,54534.0,122.0,146,0
298552,Female,72,1,29.0,1,1-2 Year,No,37730.0,156.0,184,0
374896,Female,52,1,26.0,0,1-2 Year,No,43090.0,22.0,281,0
336790,Female,25,1,28.0,1,< 1 Year,No,34882.0,152.0,283,0
244713,Male,22,1,2.0,0,< 1 Year,Yes,27457.0,152.0,167,0
348118,Male,50,1,46.0,1,1-2 Year,No,25411.0,122.0,13,0
251058,Male,29,1,8.0,1,< 1 Year,No,27791.0,152.0,145,0
189057,Male,33,1,29.0,0,1-2 Year,Yes,42744.0,124.0,232,0
311551,Male,29,1,28.0,1,< 1 Year,No,44311.0,152.0,232,0
30149,Male,31,1,31.0,0,< 1 Year,Yes,2630.0,152.0,47,0
144646,Male,79,1,46.0,1,1-2 Year,No,2630.0,152.0,48,0
126719,Male,38,1,28.0,1,1-2 Year,No,2630.0,26.0,271,0
320578,Male,22,1,46.0,1,< 1 Year,No,25126.0,152.0,100,0
299940,Female,50,1,28.0,1,1-2 Year,No,40127.0,26.0,64,0
356421,Male,26,1,17.0,1,< 1 Year,No,23379.0,152.0,243,0
40535,Male,59,1,11.0,0,1-2 Year,Yes,42780.0,26.0,244,0
50264,Female,28,1,43.0,1,< 1 Year,No,28797.0,152.0,47,0
221798,Female,24,1,6.0,0,< 1 Year,Yes,28336.0,152.0,112,0
298150,Male,64,1,15.0,1,1-2 Year,No,34210.0,26.0,34,0
21352,Male,41,1,28.0,0,1-2 Year,No,2630.0,61.0,37,0
127644,Female,52,1,46.0,0,1-2 Year,Yes,2630.0,157.0,234,0
34800,Female,41,1,33.0,1,1-2 Year,No,29278.0,26.0,164,0
323494,Male,20,1,28.0,0,< 1 Year,Yes,2630.0,157.0,247,0
264928,Male,67,1,28.0,0,1-2 Year,Yes,2630.0,124.0,46,0
74511,Female,71,1,15.0,1,1-2 Year,No,40369.0,122.0,162,0
335560,Male,66,1,28.0,0,1-2 Year,Yes,2630.0,124.0,114,0
3148,Male,22,1,35.0,0,< 1 Year,No,43383.0,152.0,190,0
23911,Male,36,1,8.0,1,1-2 Year,No,29159.0,124.0,41,0
176754,Female,43,1,28.0,0,1-2 Year,Yes,29995.0,26.0,189,0
305993,Male,32,1,8.0,0,1-2 Year,Yes,57435.0,124.0,201,0
258159,Female,27,1,15.0,1,< 1 Year,No,49331.0,152.0,235,0
305348,Male,20,1,15.0,1,< 1 Year,No,36961.0,160.0,92,0
11627,Female,39,1,41.0,0,1-2 Year,Yes,22060.0,124.0,131,0
36371,Male,67,1,8.0,0,1-2 Year,Yes,29699.0,7.0,133,0
243174,Female,21,1,29.0,1,< 1 Year,No,38791.0,152.0,30,0
225315,Female,78,1,46.0,1,1-2 Year,No,47935.0,11.0,260,0
155520,Female,23,1,41.0,1,< 1 Year,No,27841.0,152.0,59,0
287911,Male,42,1,48.0,1,1-2 Year,No,2630.0,124.0,11,0
232543,Male,62,1,28.0,0,> 2 Years,Yes,70639.0,26.0,56,0
201368,Male,24,1,36.0,0,< 1 Year,Yes,25096.0,152.0,237,0
346108,Female,44,1,28.0,0,1-2 Year,Yes,51389.0,122.0,133,0
184979,Female,42,1,8.0,0,1-2 Year,Yes,32342.0,26.0,137,0
90656,Female,25,1,28.0,0,< 1 Year,Yes,28015.0,152.0,210,0
309597,Female,27,1,8.0,0,< 1 Year,Yes,31531.0,152.0,75,0
125147,Male,24,1,15.0,0,< 1 Year,No,25856.0,152.0,256,0
202280,Female,23,1,8.0,0,< 1 Year,Yes,52664.0,26.0,32,0
78234,Female,25,1,11.0,1,< 1 Year,No,35842.0,152.0,64,0
188444,Female,21,1,33.0,1,< 1 Year,No,27384.0,152.0,169,0
206848,Female,23,1,29.0,1,< 1 Year,No,34685.0,152.0,169,0
259271,Female,22,1,36.0,1,< 1 Year,No,32584.0,152.0,204,0
280276,Male,45,1,22.0,0,1-2 Year,Yes,2630.0,30.0,202,0
54781,Female,32,1,28.0,1,1-2 Year,No,59243.0,26.0,276,0
263989,Male,27,1,10.0,1,< 1 Year,No,26569.0,152.0,31,0
282697,Male,52,1,11.0,0,1-2 Year,Yes,24425.0,120.0,104,0
75116,Male,20,1,45.0,0,< 1 Year,Yes,37622.0,160.0,31,0
142,Female,47,1,41.0,1,1-2 Year,No,42080.0,124.0,62,0
282021,Female,40,1,8.0,0,> 2 Years,Yes,55644.0,26.0,161,0
35781,Female,23,1,18.0,1,< 1 Year,No,29859.0,152.0,183,0
208000,Male,50,1,43.0,0,1-2 Year,No,28083.0,156.0,23,0
226124,Male,51,1,26.0,0,> 2 Years,Yes,51694.0,125.0,169,0
377515,Male,61,1,15.0,1,1-2 Year,No,2630.0,26.0,295,0
193760,Male,22,1,37.0,0,< 1 Year,Yes,32537.0,152.0,213,0
109839,Female,38,1,28.0,1,1-2 Year,No,28188.0,124.0,46,0
98798,Female,22,1,8.0,0,< 1 Year,No,2630.0,160.0,67,0
157966,Male,69,1,3.0,0,> 2 Years,Yes,19067.0,154.0,254,0
50812,Female,41,1,28.0,0,1-2 Year,Yes,38461.0,26.0,197,0
182543,Female,22,1,24.0,1,< 1 Year,No,21578.0,152.0,293,0
134032,Female,70,1,2.0,1,1-2 Year,No,28551.0,130.0,222,0
12582,Male,45,1,28.0,0,1-2 Year,Yes,45013.0,26.0,60,0
266782,Male,35,1,45.0,0,1-2 Year,Yes,32722.0,124.0,140,0
240446,Male,23,1,24.0,1,< 1 Year,No,28597.0,26.0,116,0
14023,Female,58,1,48.0,0,1-2 Year,Yes,2630.0,124.0,69,0
258894,Female,24,1,28.0,1,< 1 Year,No,44785.0,152.0,69,0
303260,Female,49,1,28.0,0,< 1 Year,Yes,2630.0,26.0,295,0
144709,Female,23,1,28.0,1,< 1 Year,No,75043.0,152.0,17,0
45879,Male,42,1,8.0,1,1-2 Year,No,23804.0,31.0,144,0
126784,Male,24,1,36.0,0,< 1 Year,Yes,52011.0,151.0,245,0
237190,Female,22,1,15.0,1,< 1 Year,No,38903.0,152.0,124,0
148406,Female,35,1,29.0,0,1-2 Year,Yes,29824.0,26.0,146,0
180933,Male,24,1,8.0,0,< 1 Year,No,87930.0,152.0,244,0
182370,Female,27,1,36.0,1,< 1 Year,No,31716.0,152.0,16,0
250385,Male,58,1,8.0,0,1-2 Year,Yes,38565.0,30.0,125,0
304653,Male,61,1,47.0,0,> 2 Years,Yes,46566.0,124.0,194,0
360760,Female,27,1,21.0,1,< 1 Year,No,42194.0,152.0,50,0
175135,Female,45,1,45.0,0,1-2 Year,Yes,31905.0,26.0,133,0
3310,Male,50,1,28.0,1,1-2 Year,No,28054.0,124.0,291,0
167557,Male,49,1,10.0,0,1-2 Year,Yes,26642.0,154.0,179,0
362786,Female,79,1,47.0,1,1-2 Year,No,38948.0,26.0,266,0
138807,Female,36,1,40.0,0,1-2 Year,Yes,31426.0,26.0,23,0
100916,Male,41,1,28.0,1,1-2 Year,No,37762.0,124.0,289,0
183969,Female,25,1,8.0,1,< 1 Year,No,35138.0,152.0,143,0
174472,Male,50,1,10.0,1,1-2 Year,No,34509.0,154.0,180,0
309556,Male,57,1,37.0,1,1-2 Year,No,33259.0,124.0,16,0
93284,Male,29,1,28.0,0,< 1 Year,Yes,54631.0,152.0,73,0
308345,Female,24,1,37.0,0,< 1 Year,Yes,29708.0,152.0,38,0
129971,Female,78,1,38.0,1,1-2 Year,No,2630.0,124.0,227,0
317166,Male,25,1,3.0,0,< 1 Year,Yes,27696.0,152.0,285,0
374696,Male,65,1,50.0,1,1-2 Year,No,27130.0,124.0,14,0
281001,Male,44,1,28.0,1,1-2 Year,Yes,26866.0,23.0,266,0
48576,Female,44,1,28.0,0,1-2 Year,Yes,31134.0,156.0,29,0
216777,Female,21,1,8.0,1,< 1 Year,No,29266.0,160.0,251,0
137472,Male,20,1,8.0,0,< 1 Year,Yes,39117.0,160.0,86,0
207974,Male,44,1,28.0,0,1-2 Year,Yes,37158.0,26.0,87,0
126948,Male,28,1,10.0,1,< 1 Year,No,28654.0,152.0,164,0
52841,Female,48,1,34.0,0,1-2 Year,Yes,48743.0,124.0,54,0
13019,Male,26,1,28.0,1,< 1 Year,Yes,47828.0,163.0,106,0
198985,Female,36,1,8.0,0,1-2 Year,Yes,35835.0,152.0,30,0
99908,Female,45,1,41.0,1,1-2 Year,No,2630.0,26.0,292,0
7198,Male,23,1,28.0,0,< 1 Year,No,58104.0,153.0,27,0
254227,Male,30,1,46.0,1,< 1 Year,No,36721.0,160.0,58,0
348415,Female,30,1,8.0,0,< 1 Year,No,39582.0,152.0,198,0
110525,Male,50,1,33.0,0,1-2 Year,Yes,18967.0,26.0,26,0
131853,Female,25,1,30.0,1,< 1 Year,No,33687.0,152.0,138,0
120059,Male,21,1,11.0,1,< 1 Year,No,29017.0,152.0,299,0
115455,Male,37,1,46.0,0,1-2 Year,Yes,23695.0,26.0,201,0
152191,Male,54,1,28.0,1,1-2 Year,No,31881.0,26.0,131,0
284119,Male,24,1,30.0,1,< 1 Year,No,29736.0,152.0,20,0
187184,Female,55,1,0.0,0,1-2 Year,Yes,2630.0,26.0,288,0
242841,Female,69,1,28.0,1,1-2 Year,No,24920.0,26.0,156,0
160177,Female,25,1,10.0,0,< 1 Year,Yes,23354.0,152.0,68,0
41890,Female,25,1,36.0,1,< 1 Year,No,27452.0,152.0,146,0
38985,Female,30,1,28.0,1,< 1 Year,No,55073.0,124.0,19,0
350511,Male,22,1,9.0,0,< 1 Year,Yes,28878.0,152.0,248,0
243685,Female,21,1,36.0,0,< 1 Year,Yes,29827.0,160.0,122,0
121695,Male,23,1,46.0,1,< 1 Year,No,31174.0,152.0,123,0
10065,Male,28,1,39.0,0,< 1 Year,Yes,30864.0,26.0,290,0
20171,Female,22,1,8.0,1,< 1 Year,No,29140.0,152.0,73,0
221110,Female,24,1,2.0,1,< 1 Year,No,30548.0,152.0,265,0
207406,Male,22,1,33.0,1,< 1 Year,No,22144.0,152.0,195,0
210572,Male,37,1,37.0,0,1-2 Year,Yes,2630.0,156.0,243,0
265342,Female,26,1,18.0,1,< 1 Year,No,39439.0,152.0,118,0
261949,Female,25,1,41.0,1,< 1 Year,No,27440.0,152.0,54,0
334760,Female,31,1,3.0,1,< 1 Year,No,28339.0,152.0,156,0
312599,Male,27,1,8.0,1,< 1 Year,No,42952.0,152.0,71,0
379144,Female,25,1,41.0,1,< 1 Year,No,35865.0,152.0,55,0
96829,Male,27,1,26.0,1,< 1 Year,No,42798.0,151.0,116,0
60943,Female,31,1,10.0,1,< 1 Year,No,2630.0,152.0,57,0
95102,Female,24,1,35.0,1,< 1 Year,No,39126.0,152.0,271,0
116617,Male,65,1,1.0,1,1-2 Year,Yes,2630.0,26.0,174,0
31627,Male,24,1,10.0,1,< 1 Year,No,40536.0,152.0,170,0
9406,Male,53,1,28.0,0,1-2 Year,Yes,48010.0,26.0,238,0
242572,Male,55,1,28.0,0,1-2 Year,Yes,52298.0,124.0,132,0
141988,Female,23,1,35.0,1,< 1 Year,No,31960.0,152.0,175,0
276936,Female,67,1,28.0,1,1-2 Year,No,39283.0,124.0,105,0
162112,Female,62,1,28.0,0,1-2 Year,Yes,33404.0,26.0,205,0
246477,Male,24,1,28.0,1,< 1 Year,No,50529.0,152.0,117,0
89807,Female,45,1,28.0,1,1-2 Year,No,45005.0,124.0,270,0
344966,Female,74,1,28.0,0,> 2 Years,Yes,64580.0,26.0,240,0
378513,Male,58,1,28.0,0,1-2 Year,Yes,51903.0,122.0,251,0
285103,Female,61,1,48.0,1,1-2 Year,Yes,2630.0,103.0,107,0
106805,Female,26,1,3.0,1,< 1 Year,Yes,2630.0,152.0,102,0
129072,Female,27,1,8.0,1,< 1 Year,No,34747.0,152.0,53,0
208343,Female,38,1,9.0,0,1-2 Year,Yes,28210.0,31.0,197,0
244760,Female,23,1,15.0,1,< 1 Year,No,23688.0,152.0,186,0
333383,Female,44,1,28.0,0,1-2 Year,Yes,56520.0,26.0,47,0
264470,Female,69,1,8.0,0,1-2 Year,Yes,83666.0,3.0,288,0
224573,Male,47,1,28.0,1,1-2 Year,No,49929.0,26.0,38,0
369036,Male,45,1,16.0,0,1-2 Year,Yes,22795.0,124.0,283,0
347350,Male,21,1,28.0,0,1-2 Year,Yes,23645.0,154.0,17,0
341556,Male,23,1,21.0,1,< 1 Year,No,46047.0,152.0,145,0
266065,Male,47,1,8.0,0,1-2 Year,Yes,53817.0,26.0,119,0
27036,Female,37,1,50.0,1,1-2 Year,No,26567.0,160.0,248,0
217879,Female,21,1,3.0,0,< 1 Year,No,21126.0,152.0,59,0
74354,Male,33,1,9.0,1,< 1 Year,No,55981.0,152.0,196,0
112044,Female,23,1,8.0,1,< 1 Year,No,26689.0,152.0,158,0
88408,Male,28,1,30.0,1,< 1 Year,No,25381.0,152.0,215,0
360597,Female,38,1,28.0,0,1-2 Year,Yes,24075.0,13.0,81,0
150704,Male,52,1,1.0,1,1-2 Year,No,2630.0,26.0,119,0
341899,Female,54,1,3.0,0,1-2 Year,Yes,33861.0,124.0,74,0
309214,Male,52,1,4.0,1,1-2 Year,No,39298.0,124.0,25,0
162753,Female,20,1,22.0,0,< 1 Year,Yes,37614.0,160.0,175,0
277352,Male,65,1,28.0,0,1-2 Year,Yes,31617.0,26.0,28,0
324319,Male,40,1,8.0,0,1-2 Year,Yes,27044.0,124.0,156,0
172280,Male,53,1,28.0,0,1-2 Year,Yes,28794.0,26.0,170,0
163432,Female,40,1,15.0,1,1-2 Year,No,24077.0,152.0,101,0
341469,Female,70,1,8.0,0,1-2 Year,Yes,39554.0,7.0,119,0
285762,Male,25,1,15.0,1,< 1 Year,No,31184.0,152.0,228,0
284019,Male,60,1,28.0,0,1-2 Year,No,59080.0,26.0,261,0
116067,Female,22,1,50.0,1,< 1 Year,Yes,50754.0,152.0,129,0
93430,Female,42,1,32.0,0,1-2 Year,Yes,2630.0,124.0,83,0
65011,Male,61,1,11.0,1,1-2 Year,No,27193.0,26.0,29,0
198961,Male,26,1,8.0,1,< 1 Year,No,50357.0,152.0,141,0
274038,Male,24,1,13.0,1,< 1 Year,No,20708.0,152.0,79,0
368133,Male,21,1,15.0,0,< 1 Year,Yes,30533.0,160.0,187,0
78488,Male,28,1,39.0,0,< 1 Year,Yes,42785.0,156.0,222,0
354147,Female,21,1,50.0,0,< 1 Year,Yes,25146.0,152.0,120,0
324804,Female,40,1,8.0,0,1-2 Year,Yes,2630.0,124.0,117,0
108381,Male,40,1,35.0,0,1-2 Year,No,34694.0,52.0,65,0
189220,Female,23,1,49.0,0,< 1 Year,Yes,40222.0,152.0,269,0
38189,Male,66,1,48.0,1,1-2 Year,No,2630.0,124.0,83,0
146852,Female,37,1,28.0,0,1-2 Year,Yes,2630.0,154.0,189,0
70463,Male,20,1,27.0,1,< 1 Year,No,2630.0,160.0,204,0
358449,Female,26,1,14.0,1,< 1 Year,No,45224.0,152.0,22,0
44634,Male,74,1,37.0,0,1-2 Year,Yes,16998.0,124.0,87,0
265381,Male,43,1,28.0,0,> 2 Years,Yes,35082.0,26.0,185,0
25355,Female,22,1,15.0,0,< 1 Year,Yes,38089.0,152.0,112,0
162664,Male,42,1,28.0,0,1-2 Year,Yes,58928.0,26.0,148,0
142347,Male,26,1,8.0,1,< 1 Year,No,35917.0,152.0,226,0
121727,Female,36,1,28.0,0,1-2 Year,Yes,52056.0,124.0,162,0
365006,Male,25,1,13.0,0,< 1 Year,Yes,24130.0,151.0,195,0
155179,Female,26,1,28.0,1,< 1 Year,No,47215.0,152.0,218,0
217599,Male,43,1,28.0,0,1-2 Year,No,59801.0,26.0,292,0
334831,Female,62,1,27.0,1,1-2 Year,No,2630.0,152.0,201,0
283019,Male,55,1,28.0,1,1-2 Year,No,55942.0,122.0,210,0
30681,Female,24,1,28.0,1,< 1 Year,No,76648.0,152.0,80,0
205489,Female,28,1,50.0,1,< 1 Year,No,28159.0,152.0,122,0
297925,Female,40,1,28.0,1,1-2 Year,No,35065.0,122.0,24,0
145329,Female,20,1,34.0,0,< 1 Year,Yes,57092.0,160.0,100,0
266395,Male,66,1,28.0,0,1-2 Year,Yes,58312.0,3.0,103,0
198465,Female,51,1,28.0,0,1-2 Year,Yes,50522.0,26.0,193,0
202087,Female,32,1,41.0,1,< 1 Year,No,55414.0,152.0,240,0
204877,Female,25,1,49.0,1,< 1 Year,No,2630.0,152.0,185,0
138151,Male,45,1,7.0,1,1-2 Year,No,85991.0,26.0,223,0
275346,Female,40,1,28.0,1,1-2 Year,No,30113.0,124.0,256,0
289474,Male,31,1,46.0,1,< 1 Year,No,39353.0,152.0,193,0
377994,Male,66,1,28.0,1,1-2 Year,No,34825.0,124.0,49,0
60018,Male,57,1,28.0,1,1-2 Year,No,44619.0,13.0,205,0
17155,Female,68,1,30.0,1,1-2 Year,Yes,31514.0,26.0,153,0
92183,Male,27,1,45.0,1,< 1 Year,No,23740.0,152.0,252,0
487,Male,79,1,45.0,0,1-2 Year,Yes,21882.0,124.0,78,0
118035,Female,24,1,22.0,1,< 1 Year,No,33207.0,152.0,156,0
254743,Male,47,1,33.0,1,1-2 Year,No,32673.0,26.0,120,0
269335,Female,37,1,15.0,0,1-2 Year,Yes,27491.0,14.0,177,0
251133,Female,24,1,21.0,0,< 1 Year,Yes,26801.0,152.0,256,0
353192,Female,24,1,41.0,1,< 1 Year,No,24074.0,152.0,82,0
266356,Female,63,1,28.0,1,1-2 Year,No,34253.0,26.0,44,0
238172,Female,22,1,8.0,1,< 1 Year,No,35590.0,152.0,106,0
86637,Male,50,1,28.0,1,1-2 Year,No,31728.0,124.0,250,0
130699,Female,25,1,12.0,1,< 1 Year,No,21361.0,152.0,170,0
281241,Female,21,1,6.0,0,< 1 Year,Yes,18898.0,152.0,107,0
153330,Male,75,1,2.0,0,1-2 Year,Yes,38743.0,124.0,276,0
186811,Female,30,1,46.0,0,< 1 Year,Yes,2630.0,152.0,67,0
23481,Female,24,1,18.0,1,< 1 Year,No,34826.0,152.0,38,0
28306,Female,20,1,35.0,0,< 1 Year,No,2630.0,160.0,249,0
368781,Male,38,1,23.0,1,1-2 Year,Yes,24047.0,26.0,159,0
378774,Female,35,1,28.0,1,1-2 Year,No,29202.0,152.0,243,0
239780,Female,40,1,18.0,0,1-2 Year,Yes,24365.0,26.0,119,0
183180,Male,32,1,12.0,1,< 1 Year,No,2630.0,160.0,223,0
28087,Male,62,1,33.0,0,> 2 Years,Yes,22579.0,26.0,284,0
168168,Female,23,1,46.0,1,< 1 Year,No,27062.0,151.0,210,0
58742,Female,24,1,16.0,0,< 1 Year,Yes,37142.0,151.0,19,0
63615,Male,47,1,48.0,0,1-2 Year,No,2630.0,26.0,271,0
295349,Female,77,1,28.0,0,1-2 Year,Yes,28130.0,124.0,73,0
39415,Female,30,1,41.0,1,< 1 Year,No,37094.0,152.0,113,0
311095,Female,25,1,10.0,1,< 1 Year,No,29327.0,152.0,195,0
297238,Female,70,1,28.0,0,1-2 Year,Yes,45710.0,26.0,175,0
205670,Male,31,1,28.0,0,< 1 Year,No,2630.0,1.0,71,0
178862,Female,44,1,47.0,0,1-2 Year,Yes,28217.0,26.0,270,0
27354,Female,41,1,3.0,1,1-2 Year,No,25678.0,152.0,141,0
338097,Female,24,1,37.0,0,< 1 Year,Yes,32198.0,151.0,220,0
345762,Male,37,1,8.0,0,1-2 Year,Yes,31777.0,124.0,61,0
318538,Female,28,1,27.0,1,< 1 Year,No,22996.0,152.0,67,0
357733,Male,23,1,28.0,1,1-2 Year,Yes,41075.0,26.0,152,0
139688,Male,64,1,28.0,0,1-2 Year,Yes,40309.0,25.0,158,0
229841,Male,33,1,8.0,0,1-2 Year,Yes,42372.0,124.0,49,0
123633,Male,42,1,28.0,1,1-2 Year,No,25272.0,13.0,239,0
88710,Male,26,1,47.0,0,< 1 Year,Yes,2630.0,152.0,113,0
50647,Male,24,1,37.0,0,< 1 Year,Yes,34902.0,152.0,260,0
309914,Female,26,1,39.0,0,< 1 Year,Yes,31652.0,152.0,245,0
9172,Male,59,1,28.0,0,1-2 Year,Yes,31291.0,26.0,273,0
275081,Female,48,1,8.0,1,1-2 Year,No,34287.0,26.0,135,0
278076,Female,21,1,8.0,1,< 1 Year,No,53984.0,160.0,26,0
208640,Male,33,1,41.0,1,< 1 Year,No,34373.0,152.0,219,0
105888,Male,50,1,0.0,0,1-2 Year,No,2630.0,26.0,145,0
346583,Male,23,1,32.0,0,< 1 Year,No,32617.0,151.0,65,0
261948,Female,22,1,45.0,1,< 1 Year,No,30401.0,26.0,260,0
313888,Female,21,1,7.0,0,< 1 Year,Yes,39912.0,160.0,195,0
193603,Female,26,1,27.0,0,< 1 Year,No,2630.0,152.0,74,0
267811,Male,71,1,28.0,0,1-2 Year,Yes,2630.0,26.0,183,0
100799,Male,23,1,3.0,1,< 1 Year,No,35235.0,152.0,185,0
324717,Female,31,1,46.0,0,< 1 Year,Yes,24200.0,152.0,21,0
100853,Female,51,1,21.0,0,1-2 Year,Yes,2630.0,124.0,234,0
2699,Male,67,0,1.0,1,1-2 Year,No,2630.0,26.0,35,0
65022,Female,36,1,28.0,1,1-2 Year,No,43183.0,26.0,264,0
325571,Male,74,1,12.0,1,1-2 Year,Yes,33406.0,26.0,176,0
237145,Male,22,1,45.0,1,< 1 Year,No,27403.0,152.0,81,0
174825,Male,38,1,28.0,0,1-2 Year,Yes,47548.0,124.0,287,0
294328,Male,45,1,37.0,0,1-2 Year,Yes,25941.0,128.0,37,0
31088,Female,49,1,41.0,0,1-2 Year,Yes,37477.0,124.0,233,0
182249,Female,56,1,28.0,1,1-2 Year,Yes,37914.0,124.0,119,0
87580,Female,24,1,8.0,1,< 1 Year,Yes,37125.0,152.0,230,0
185045,Female,37,1,33.0,0,1-2 Year,Yes,35528.0,124.0,79,0
104300,Female,24,1,36.0,1,< 1 Year,No,43492.0,160.0,139,0
60891,Male,39,1,46.0,0,1-2 Year,No,40852.0,26.0,200,0
179378,Female,47,1,28.0,0,1-2 Year,Yes,45653.0,52.0,53,0
207470,Female,33,1,17.0,1,< 1 Year,No,2630.0,152.0,221,0
126709,Female,23,1,36.0,0,< 1 Year,No,28316.0,152.0,241,0
297831,Male,20,1,15.0,0,< 1 Year,No,47190.0,160.0,169,0
118644,Female,26,1,41.0,1,< 1 Year,No,2630.0,151.0,130,0
228574,Male,24,1,30.0,0,< 1 Year,Yes,20163.0,152.0,26,0
248650,Female,23,1,6.0,1,< 1 Year,No,29934.0,152.0,245,0
194678,Male,40,1,28.0,0,1-2 Year,Yes,43713.0,26.0,291,0
277211,Male,52,1,45.0,1,1-2 Year,No,2630.0,26.0,293,0
279554,Female,30,1,28.0,1,< 1 Year,Yes,32446.0,152.0,199,0
346277,Female,40,1,15.0,0,1-2 Year,Yes,2630.0,160.0,60,0
112043,Female,21,1,46.0,1,< 1 Year,No,23907.0,152.0,240,0
85474,Female,25,1,10.0,1,< 1 Year,No,23685.0,152.0,235,0
12254,Male,23,1,7.0,1,< 1 Year,No,37691.0,152.0,149,0
174041,Male,21,1,33.0,1,< 1 Year,No,28574.0,152.0,298,0
38207,Male,36,1,10.0,1,1-2 Year,No,30925.0,152.0,198,0
162941,Male,47,1,38.0,0,1-2 Year,Yes,73386.0,124.0,292,0
275536,Female,35,1,28.0,0,1-2 Year,Yes,60499.0,125.0,229,0
263151,Female,30,1,46.0,1,< 1 Year,No,23999.0,26.0,45,0
201700,Male,26,1,15.0,0,< 1 Year,Yes,37616.0,152.0,220,0
272418,Male,49,1,22.0,0,1-2 Year,Yes,27947.0,8.0,43,0
31926,Male,56,1,28.0,0,1-2 Year,Yes,2630.0,52.0,186,0
131888,Male,48,1,14.0,1,1-2 Year,No,31685.0,26.0,293,0
307349,Female,22,1,2.0,0,< 1 Year,No,33865.0,152.0,205,0
262774,Male,20,1,6.0,0,< 1 Year,Yes,34774.0,160.0,244,0
5786,Female,37,1,0.0,0,1-2 Year,Yes,2630.0,151.0,40,0
163797,Female,39,1,28.0,0,1-2 Year,No,42875.0,26.0,183,0
311296,Female,26,1,10.0,1,< 1 Year,No,17196.0,152.0,129,0
205773,Female,41,1,29.0,1,1-2 Year,No,28757.0,152.0,44,0
354462,Male,48,1,28.0,0,1-2 Year,Yes,31933.0,26.0,60,0
102964,Male,42,1,8.0,0,< 1 Year,No,2630.0,1.0,240,0
122547,Male,47,1,28.0,0,1-2 Year,Yes,32504.0,26.0,144,0
305456,Female,29,1,3.0,0,1-2 Year,No,24191.0,124.0,69,0
289395,Male,26,1,11.0,1,< 1 Year,No,35934.0,152.0,174,0
322562,Female,37,1,26.0,0,1-2 Year,Yes,34533.0,22.0,30,0
235174,Male,24,1,44.0,1,< 1 Year,No,25058.0,152.0,205,0
353254,Male,21,1,15.0,0,< 1 Year,Yes,33842.0,160.0,102,0
49946,Female,41,1,15.0,0,1-2 Year,Yes,22138.0,157.0,174,0
115713,Female,25,1,8.0,0,< 1 Year,No,49630.0,152.0,180,0
117483,Male,42,1,14.0,1,1-2 Year,No,2630.0,26.0,32,0
82627,Male,66,1,8.0,1,1-2 Year,No,51824.0,26.0,192,0
232792,Female,74,1,28.0,0,1-2 Year,No,69856.0,26.0,176,0
26805,Male,25,1,45.0,1,1-2 Year,No,29284.0,124.0,35,0
79600,Female,28,1,34.0,1,< 1 Year,Yes,22649.0,152.0,38,0
75240,Male,29,1,46.0,0,< 1 Year,Yes,31223.0,152.0,245,0
140492,Male,24,1,8.0,1,< 1 Year,No,66499.0,152.0,183,0
10184,Female,40,1,41.0,0,1-2 Year,Yes,49105.0,12.0,146,0
137969,Male,33,1,21.0,0,< 1 Year,Yes,2630.0,152.0,113,0
100662,Female,21,1,36.0,0,< 1 Year,Yes,35518.0,160.0,221,0
195324,Female,23,1,11.0,1,< 1 Year,No,44714.0,152.0,225,0
338488,Female,28,1,28.0,1,< 1 Year,No,31737.0,152.0,216,0
309983,Female,22,1,46.0,0,< 1 Year,Yes,32160.0,152.0,25,0
324340,Male,27,1,15.0,0,< 1 Year,Yes,2630.0,152.0,113,0
370965,Male,25,1,30.0,1,< 1 Year,No,25270.0,152.0,69,0
171914,Male,48,1,28.0,1,1-2 Year,No,35911.0,26.0,288,0
151772,Female,21,1,41.0,1,< 1 Year,No,36693.0,160.0,207,0
135660,Female,26,1,50.0,1,< 1 Year,No,30639.0,152.0,103,0
289010,Female,23,1,11.0,1,< 1 Year,No,29432.0,152.0,43,0
127802,Female,53,1,41.0,0,1-2 Year,Yes,50836.0,124.0,248,0
357867,Male,24,1,29.0,1,< 1 Year,No,31966.0,152.0,271,0
111315,Male,24,1,30.0,1,< 1 Year,No,27582.0,152.0,235,0
180686,Male,40,1,28.0,0,1-2 Year,Yes,27925.0,124.0,267,0
49696,Male,23,1,8.0,0,< 1 Year,No,39961.0,160.0,141,0
264612,Male,48,1,37.0,0,1-2 Year,Yes,40414.0,26.0,77,0
31010,Female,22,1,2.0,1,< 1 Year,Yes,2630.0,152.0,56,0
168272,Male,21,1,36.0,0,< 1 Year,No,2630.0,152.0,42,0
276377,Male,44,1,8.0,0,1-2 Year,Yes,42971.0,26.0,230,0
126413,Female,21,1,32.0,1,< 1 Year,No,25096.0,160.0,255,0
206492,Female,27,1,41.0,1,< 1 Year,No,40715.0,152.0,97,0
268551,Female,22,1,30.0,1,< 1 Year,No,33482.0,152.0,75,0
42385,Male,21,1,39.0,0,< 1 Year,Yes,31973.0,160.0,14,0
235704,Female,31,1,15.0,1,< 1 Year,No,41254.0,152.0,163,0
246526,Male,48,1,28.0,0,1-2 Year,No,22863.0,26.0,147,0
367820,Female,32,1,26.0,1,1-2 Year,No,21131.0,8.0,217,0
1074,Male,50,1,48.0,1,1-2 Year,No,2630.0,26.0,114,0
281712,Female,44,1,7.0,0,> 2 Years,Yes,36861.0,26.0,223,0
159109,Female,29,1,28.0,1,< 1 Year,No,39342.0,152.0,288,0
213165,Male,50,1,28.0,0,> 2 Years,Yes,31551.0,26.0,71,0
150374,Female,62,1,28.0,0,1-2 Year,Yes,43124.0,125.0,266,0
187735,Male,59,1,11.0,0,1-2 Year,Yes,27230.0,120.0,88,0
345447,Female,59,1,28.0,1,1-2 Year,No,27411.0,26.0,154,0
172813,Male,42,1,0.0,0,1-2 Year,Yes,2630.0,124.0,267,0
122491,Male,27,1,11.0,1,< 1 Year,No,31021.0,152.0,70,0
102647,Female,22,1,21.0,1,< 1 Year,No,31549.0,152.0,284,0
20537,Female,23,1,12.0,1,< 1 Year,No,18513.0,152.0,28,0
10575,Male,73,1,24.0,0,1-2 Year,Yes,32964.0,145.0,57,0
342288,Male,31,1,3.0,0,1-2 Year,Yes,2630.0,156.0,186,0
330627,Female,23,1,41.0,1,< 1 Year,No,21078.0,152.0,247,0
226796,Female,34,1,40.0,0,1-2 Year,Yes,37618.0,124.0,136,0
54308,Male,50,1,28.0,0,1-2 Year,No,41894.0,26.0,155,0
5066,Male,22,1,37.0,0,< 1 Year,Yes,29317.0,152.0,18,0
79978,Male,24,1,17.0,1,< 1 Year,No,2630.0,152.0,131,0
171654,Male,61,1,46.0,1,1-2 Year,No,38445.0,26.0,258,0
150927,Female,21,1,6.0,0,< 1 Year,Yes,27202.0,152.0,11,0
181695,Female,26,1,28.0,0,< 1 Year,Yes,41286.0,152.0,200,0
193482,Male,68,1,28.0,1,1-2 Year,No,37536.0,122.0,190,0
345998,Male,48,1,28.0,1,1-2 Year,No,38252.0,54.0,184,0
10571,Female,24,1,11.0,1,< 1 Year,No,27490.0,152.0,259,0
165824,Male,46,1,25.0,0,1-2 Year,Yes,33500.0,163.0,205,0
180489,Male,24,1,36.0,1,< 1 Year,No,46529.0,152.0,61,0
367317,Female,24,1,8.0,0,< 1 Year,Yes,28075.0,152.0,39,0
277340,Female,23,1,13.0,1,< 1 Year,No,21737.0,152.0,107,0
217570,Female,21,1,28.0,0,< 1 Year,Yes,39745.0,160.0,47,0
260299,Male,34,1,15.0,0,1-2 Year,Yes,2630.0,156.0,189,0
96353,Male,33,1,0.0,1,1-2 Year,No,2630.0,9.0,31,0
94592,Female,48,1,28.0,1,1-2 Year,No,2630.0,124.0,167,0
282995,Male,20,1,2.0,1,< 1 Year,No,23052.0,160.0,20,0
318196,Female,47,1,28.0,0,> 2 Years,Yes,59426.0,26.0,187,0
251197,Female,25,1,28.0,1,< 1 Year,No,57160.0,152.0,105,0
220155,Male,45,1,8.0,1,1-2 Year,No,31779.0,26.0,201,0
254783,Male,21,1,50.0,0,< 1 Year,Yes,33468.0,160.0,143,0
294122,Female,24,1,46.0,1,< 1 Year,No,28580.0,152.0,80,0
304391,Male,68,1,46.0,1,1-2 Year,No,20983.0,26.0,295,0
199051,Male,44,1,33.0,0,> 2 Years,Yes,2630.0,157.0,71,0
334949,Male,52,1,39.0,0,1-2 Year,Yes,36337.0,26.0,276,0
55783,Male,57,1,21.0,0,> 2 Years,Yes,40960.0,124.0,56,0
324978,Male,30,1,18.0,1,1-2 Year,Yes,35456.0,131.0,218,0
363645,Male,28,1,28.0,1,< 1 Year,No,61534.0,152.0,121,0
344437,Female,39,1,33.0,1,1-2 Year,No,37569.0,18.0,240,0
122095,Male,25,1,15.0,0,< 1 Year,No,29313.0,152.0,182,0
82740,Male,40,1,45.0,0,1-2 Year,Yes,24710.0,163.0,87,0
165909,Male,57,1,28.0,1,1-2 Year,No,46283.0,124.0,149,0
317315,Female,25,1,32.0,1,< 1 Year,No,41173.0,152.0,150,0
188901,Male,49,1,28.0,0,1-2 Year,Yes,39599.0,124.0,187,0
316559,Male,23,1,29.0,1,< 1 Year,No,26921.0,152.0,187,0
360782,Male,41,1,46.0,0,1-2 Year,Yes,2630.0,124.0,29,0
293833,Female,55,1,12.0,1,1-2 Year,No,28517.0,26.0,171,0
210210,Female,46,1,46.0,0,1-2 Year,Yes,58461.0,26.0,70,0
322485,Female,22,1,41.0,0,< 1 Year,Yes,2630.0,152.0,161,0
344846,Female,40,1,9.0,0,1-2 Year,Yes,2630.0,156.0,163,0
302154,Female,24,1,33.0,0,< 1 Year,No,19542.0,151.0,187,0
93238,Male,55,1,8.0,0,> 2 Years,Yes,2630.0,25.0,64,0
179310,Male,21,1,35.0,1,< 1 Year,No,37468.0,152.0,130,0
132980,Female,27,1,46.0,1,< 1 Year,No,20841.0,152.0,102,0
339405,Male,74,1,33.0,1,1-2 Year,No,30883.0,26.0,129,0
313466,Female,53,1,20.0,0,> 2 Years,Yes,2630.0,124.0,265,0
322920,Female,41,1,50.0,0,1-2 Year,Yes,31800.0,124.0,109,0
105279,Male,61,1,12.0,0,1-2 Year,No,36936.0,26.0,107,0
50499,Male,23,1,28.0,0,< 1 Year,Yes,36565.0,152.0,276,0
87705,Male,69,1,28.0,1,1-2 Year,No,2630.0,26.0,272,0
203108,Male,24,1,32.0,0,< 1 Year,Yes,34424.0,152.0,55,0
139980,Male,48,1,28.0,1,1-2 Year,No,35375.0,26.0,218,0
240081,Male,23,1,30.0,0,< 1 Year,Yes,24680.0,152.0,108,0
15101,Female,44,1,19.0,0,1-2 Year,Yes,49763.0,56.0,66,0
111830,Female,41,1,7.0,0,1-2 Year,Yes,2630.0,156.0,126,0
280307,Male,24,1,46.0,1,< 1 Year,No,26106.0,152.0,55,0
78183,Male,46,1,28.0,1,1-2 Year,No,33543.0,26.0,71,0
77291,Male,56,1,28.0,1,1-2 Year,No,34868.0,25.0,261,0
238018,Female,23,1,13.0,0,< 1 Year,Yes,24755.0,151.0,252,0
260296,Female,25,1,8.0,1,< 1 Year,No,27304.0,152.0,26,0
346841,Male,24,1,32.0,0,< 1 Year,Yes,29204.0,152.0,124,0
89378,Female,22,1,46.0,1,< 1 Year,No,31271.0,152.0,78,0
277864,Female,71,1,29.0,1,1-2 Year,Yes,22325.0,124.0,69,0
162713,Female,37,1,28.0,0,1-2 Year,Yes,43766.0,124.0,85,0
221608,Male,34,1,46.0,1,1-2 Year,No,30493.0,154.0,12,0
340336,Male,49,1,8.0,0,1-2 Year,Yes,55928.0,26.0,78,0
324007,Female,54,1,28.0,1,1-2 Year,No,69081.0,26.0,10,0
309744,Female,28,1,14.0,1,< 1 Year,No,33133.0,152.0,241,0
273467,Female,24,1,33.0,1,< 1 Year,No,25263.0,152.0,77,0
128125,Male,41,1,50.0,1,1-2 Year,No,30635.0,124.0,281,0
64786,Female,80,1,46.0,0,1-2 Year,Yes,31045.0,11.0,86,0
81662,Female,51,1,11.0,1,1-2 Year,No,2630.0,124.0,163,0
20227,Female,33,1,41.0,1,< 1 Year,No,36500.0,152.0,121,0
175064,Male,23,1,25.0,1,< 1 Year,No,48615.0,152.0,133,0
150982,Female,40,1,35.0,0,1-2 Year,Yes,44259.0,124.0,159,0
63151,Male,25,1,21.0,0,< 1 Year,Yes,42161.0,152.0,152,0
148510,Female,48,1,30.0,1,1-2 Year,No,33845.0,152.0,83,0
346368,Female,54,1,6.0,0,1-2 Year,Yes,2630.0,156.0,224,0
247187,Male,45,1,46.0,0,1-2 Year,Yes,34623.0,156.0,69,0
349468,Female,21,1,50.0,0,< 1 Year,Yes,27385.0,152.0,293,0
72340,Female,25,1,45.0,1,< 1 Year,No,20865.0,152.0,222,0
368375,Male,23,1,50.0,0,< 1 Year,Yes,91698.0,124.0,64,0
149680,Female,37,1,48.0,0,1-2 Year,Yes,2630.0,124.0,138,0
196602,Female,29,1,28.0,1,1-2 Year,Yes,54812.0,26.0,64,0
308113,Male,40,1,28.0,0,1-2 Year,Yes,31120.0,124.0,173,0
152541,Female,68,1,50.0,1,1-2 Year,No,70847.0,18.0,32,0
110445,Male,26,1,15.0,1,< 1 Year,No,74839.0,160.0,281,0
237178,Male,71,1,45.0,0,1-2 Year,No,36031.0,26.0,246,0
50297,Female,69,1,1.0,1,1-2 Year,No,2630.0,124.0,22,0
364413,Male,29,1,30.0,1,< 1 Year,No,46682.0,151.0,142,0
353279,Male,29,1,46.0,0,< 1 Year,No,2630.0,160.0,282,0
12155,Male,30,1,13.0,1,< 1 Year,No,29484.0,152.0,286,0
115382,Male,23,1,6.0,1,< 1 Year,No,22116.0,152.0,105,0
297007,Female,23,1,30.0,1,< 1 Year,No,48906.0,152.0,113,0
61019,Female,63,1,8.0,0,1-2 Year,Yes,39185.0,4.0,86,0
216481,Female,27,1,8.0,1,< 1 Year,No,34966.0,152.0,293,0
333404,Female,36,1,15.0,0,1-2 Year,Yes,2630.0,152.0,164,0
377451,Male,58,1,28.0,0,1-2 Year,Yes,34894.0,26.0,256,0
355586,Male,77,0,28.0,0,1-2 Year,No,29708.0,147.0,217,0
143383,Male,52,1,28.0,0,1-2 Year,No,36511.0,13.0,42,0
107388,Female,25,1,18.0,1,< 1 Year,No,2630.0,152.0,50,0
230783,Female,59,1,28.0,0,1-2 Year,Yes,41835.0,124.0,255,0
249749,Male,41,1,28.0,0,1-2 Year,Yes,32300.0,26.0,29,0
115195,Male,54,1,8.0,0,1-2 Year,Yes,50548.0,124.0,124,0
286899,Male,46,1,15.0,0,1-2 Year,Yes,44668.0,26.0,223,0
342876,Female,28,1,46.0,1,< 1 Year,No,37994.0,152.0,57,0
360226,Male,43,1,6.0,0,1-2 Year,Yes,28267.0,154.0,294,0
71555,Female,29,1,30.0,1,< 1 Year,No,30465.0,152.0,76,0
258070,Male,34,1,14.0,0,1-2 Year,Yes,25307.0,124.0,233,0
97899,Male,53,1,2.0,1,1-2 Year,No,31322.0,124.0,220,0
36063,Female,22,1,45.0,0,< 1 Year,Yes,2630.0,152.0,159,0
123661,Male,49,1,28.0,0,1-2 Year,Yes,60689.0,23.0,294,0
204706,Male,60,1,28.0,0,1-2 Year,Yes,58307.0,124.0,179,0
54478,Female,51,1,8.0,1,1-2 Year,No,27703.0,122.0,162,0
254988,Female,67,1,8.0,0,1-2 Year,Yes,2630.0,26.0,163,0
245672,Male,29,1,45.0,0,< 1 Year,Yes,31627.0,154.0,162,0
16502,Male,39,1,29.0,1,1-2 Year,No,41287.0,124.0,165,0
158601,Male,30,1,37.0,1,1-2 Year,No,43089.0,26.0,150,0
286054,Male,26,1,3.0,1,< 1 Year,No,116796.0,152.0,189,0
39527,Female,23,1,6.0,1,< 1 Year,No,19891.0,152.0,30,0
304894,Female,21,1,30.0,0,< 1 Year,No,34518.0,152.0,167,0
45311,Female,49,1,8.0,0,1-2 Year,Yes,39979.0,152.0,247,0
318826,Male,22,1,39.0,0,< 1 Year,No,2630.0,152.0,174,0
44234,Male,23,1,28.0,0,1-2 Year,Yes,40523.0,26.0,244,0
98403,Male,29,1,44.0,0,< 1 Year,No,2630.0,1.0,180,0
99021,Male,62,1,28.0,1,1-2 Year,No,37390.0,26.0,244,0
56007,Female,25,1,21.0,1,< 1 Year,No,28641.0,152.0,37,0
135387,Male,49,1,39.0,0,> 2 Years,Yes,33790.0,124.0,101,0
112443,Male,23,1,30.0,1,< 1 Year,No,16105.0,152.0,43,0
268721,Male,25,1,28.0,1,< 1 Year,No,54496.0,152.0,100,0
272003,Male,50,1,28.0,0,1-2 Year,Yes,39256.0,26.0,211,0
255684,Female,30,1,8.0,1,< 1 Year,No,42410.0,152.0,282,0
99272,Female,25,1,14.0,1,< 1 Year,No,28723.0,152.0,132,0
59954,Male,53,1,28.0,0,1-2 Year,Yes,24163.0,26.0,96,0
181333,Male,22,1,50.0,1,< 1 Year,No,36362.0,152.0,202,0
152405,Female,24,1,15.0,1,< 1 Year,No,34702.0,152.0,215,0
211263,Male,45,1,28.0,0,1-2 Year,Yes,43922.0,124.0,276,0
345,Female,21,1,29.0,1,< 1 Year,No,29166.0,152.0,278,0
77703,Female,26,1,21.0,1,< 1 Year,No,22895.0,160.0,97,0
457,Male,29,1,28.0,0,< 1 Year,Yes,40186.0,160.0,227,0
258301,Male,41,1,28.0,0,1-2 Year,Yes,32984.0,26.0,299,0
285559,Female,27,1,30.0,1,< 1 Year,No,33988.0,152.0,236,0
150330,Male,49,1,28.0,0,1-2 Year,Yes,33265.0,26.0,185,0
302303,Female,56,1,28.0,1,1-2 Year,No,69856.0,26.0,293,0
43262,Male,52,1,29.0,0,> 2 Years,Yes,50394.0,26.0,197,0
99161,Female,21,1,12.0,1,< 1 Year,No,21816.0,152.0,209,0
127942,Female,52,1,28.0,0,1-2 Year,Yes,62277.0,26.0,295,0
35978,Female,42,1,0.0,0,1-2 Year,Yes,2630.0,124.0,207,0
245867,Male,44,1,28.0,0,1-2 Year,Yes,30900.0,52.0,251,0
184936,Male,47,1,15.0,0,1-2 Year,Yes,38568.0,26.0,122,0
249279,Female,29,1,21.0,1,< 1 Year,No,28154.0,152.0,241,0
377682,Male,21,1,39.0,1,< 1 Year,No,28647.0,160.0,207,0
234621,Female,45,1,50.0,1,1-2 Year,No,51502.0,124.0,132,0
323730,Male,36,1,1.0,0,1-2 Year,Yes,2630.0,156.0,163,0
280920,Female,56,1,3.0,1,1-2 Year,No,29867.0,26.0,159,0
72016,Female,36,1,8.0,0,1-2 Year,Yes,47145.0,124.0,56,0
257837,Male,21,1,36.0,1,< 1 Year,Yes,55053.0,160.0,235,0
107311,Male,53,1,28.0,0,1-2 Year,Yes,36017.0,26.0,54,0
325659,Male,28,1,28.0,0,1-2 Year,Yes,48805.0,157.0,235,0
267870,Male,67,1,22.0,1,1-2 Year,Yes,23914.0,30.0,39,0
68760,Female,36,1,41.0,1,1-2 Year,No,31083.0,152.0,64,0
332775,Female,24,1,6.0,1,< 1 Year,No,35574.0,152.0,163,0
101959,Male,76,1,28.0,0,> 2 Years,Yes,51542.0,26.0,91,0
239833,Female,24,1,28.0,1,< 1 Year,No,40642.0,152.0,198,0
116222,Male,20,1,50.0,0,1-2 Year,Yes,2630.0,157.0,135,0
260481,Female,46,1,48.0,1,1-2 Year,No,2630.0,26.0,42,0
219732,Male,29,1,12.0,1,< 1 Year,No,37090.0,154.0,263,0
228034,Male,49,1,28.0,0,1-2 Year,Yes,37301.0,55.0,235,0
273571,Male,55,1,29.0,0,1-2 Year,Yes,36321.0,26.0,297,0
222221,Female,23,1,36.0,1,< 1 Year,No,34199.0,26.0,222,0
188991,Male,51,1,17.0,0,1-2 Year,Yes,26048.0,154.0,45,0
176556,Female,53,1,28.0,1,1-2 Year,No,42443.0,26.0,251,0
344938,Male,24,1,50.0,1,< 1 Year,No,35952.0,152.0,76,0
76799,Female,72,1,29.0,0,1-2 Year,No,2630.0,156.0,54,0
169573,Male,21,1,24.0,1,< 1 Year,No,26300.0,152.0,193,0
90615,Female,20,1,46.0,0,< 1 Year,No,29856.0,160.0,140,0
278601,Female,20,1,10.0,0,< 1 Year,Yes,31461.0,160.0,102,0
36252,Female,46,1,15.0,1,1-2 Year,Yes,2630.0,160.0,112,0
344432,Female,44,1,33.0,1,1-2 Year,No,34581.0,124.0,90,0
120140,Male,27,1,28.0,1,< 1 Year,No,35764.0,152.0,48,0
353663,Female,36,1,28.0,1,1-2 Year,No,32618.0,36.0,240,0
34346,Male,70,1,35.0,1,1-2 Year,No,20795.0,26.0,214,0
376623,Male,36,1,8.0,0,1-2 Year,Yes,37821.0,157.0,282,0
89517,Female,43,1,19.0,1,1-2 Year,No,27177.0,124.0,84,0
68891,Female,67,1,28.0,0,> 2 Years,Yes,41063.0,26.0,113,0
14246,Female,61,1,48.0,0,1-2 Year,No,2630.0,26.0,39,0
111650,Male,25,1,24.0,0,< 1 Year,Yes,28187.0,152.0,286,0
328236,Male,30,1,29.0,0,1-2 Year,Yes,2630.0,154.0,189,0
378067,Male,60,1,28.0,0,> 2 Years,Yes,43478.0,155.0,145,0
193820,Male,44,1,28.0,1,1-2 Year,No,44468.0,26.0,133,0
55908,Male,73,1,28.0,0,1-2 Year,No,59339.0,124.0,258,0
258773,Male,57,1,28.0,0,> 2 Years,Yes,58359.0,26.0,225,0
223416,Male,26,1,41.0,1,< 1 Year,No,49814.0,152.0,114,0
278811,Female,59,1,9.0,0,1-2 Year,No,31817.0,26.0,213,0
368895,Female,22,1,36.0,0,< 1 Year,Yes,38193.0,152.0,264,0
62781,Male,60,1,28.0,1,1-2 Year,No,52087.0,124.0,201,0
312497,Male,30,1,32.0,1,< 1 Year,No,32251.0,152.0,159,0
234719,Male,42,1,41.0,1,1-2 Year,Yes,2630.0,12.0,281,0
150371,Female,23,1,15.0,1,< 1 Year,No,35268.0,152.0,174,0
365488,Male,40,1,47.0,1,1-2 Year,No,2630.0,124.0,46,0
163972,Male,61,1,33.0,0,1-2 Year,No,2630.0,156.0,126,0
205380,Female,24,1,34.0,1,< 1 Year,No,22720.0,151.0,161,0
246150,Male,61,1,48.0,1,1-2 Year,No,2630.0,15.0,78,0
1004,Female,25,1,41.0,1,< 1 Year,No,23420.0,152.0,90,0
236358,Female,50,1,8.0,1,1-2 Year,No,39689.0,124.0,99,0
315821,Male,24,1,40.0,1,< 1 Year,No,2630.0,156.0,98,0
113709,Female,36,1,43.0,0,1-2 Year,Yes,23700.0,26.0,282,0
290871,Male,24,1,28.0,1,< 1 Year,No,48335.0,152.0,32,0
173191,Female,38,1,41.0,1,1-2 Year,No,25663.0,109.0,281,0
122504,Male,28,1,16.0,1,< 1 Year,No,33277.0,152.0,19,0
287140,Male,24,1,8.0,1,< 1 Year,No,30057.0,26.0,202,0
57362,Male,45,1,28.0,0,1-2 Year,No,2630.0,156.0,26,0
111725,Male,24,1,8.0,1,< 1 Year,No,36844.0,152.0,119,0
296112,Female,60,1,28.0,0,1-2 Year,Yes,27931.0,26.0,180,0
60527,Female,27,1,29.0,1,< 1 Year,No,28010.0,152.0,206,0
22118,Female,23,1,18.0,1,< 1 Year,No,34739.0,152.0,40,0
269836,Male,30,1,8.0,1,< 1 Year,No,30643.0,152.0,293,0
379033,Male,55,1,8.0,0,1-2 Year,Yes,42043.0,26.0,297,0
208434,Male,23,1,26.0,0,< 1 Year,No,28800.0,151.0,40,0
141252,Male,30,1,41.0,0,1-2 Year,Yes,31702.0,154.0,266,0
115408,Male,52,1,28.0,1,1-2 Year,No,40628.0,26.0,251,0
124858,Female,28,1,29.0,1,< 1 Year,No,22770.0,152.0,279,0
84277,Male,73,1,28.0,0,1-2 Year,Yes,34478.0,60.0,270,0
11157,Male,22,1,41.0,1,< 1 Year,No,33815.0,152.0,84,0
129630,Male,24,1,32.0,1,< 1 Year,No,35504.0,152.0,134,0
344650,Male,24,1,2.0,1,< 1 Year,No,27064.0,152.0,203,0
363471,Female,39,1,28.0,1,1-2 Year,No,25636.0,124.0,254,0
178939,Male,46,1,33.0,1,1-2 Year,No,2630.0,124.0,182,0
82293,Female,76,1,33.0,0,1-2 Year,Yes,33779.0,26.0,11,0
154230,Female,23,1,6.0,1,< 1 Year,No,30981.0,152.0,160,0
138515,Female,41,1,12.0,0,1-2 Year,Yes,38000.0,124.0,28,0
264584,Male,36,1,15.0,1,1-2 Year,No,30118.0,152.0,182,0
118982,Female,28,1,28.0,1,< 1 Year,No,21328.0,152.0,59,0
335896,Male,63,1,48.0,0,1-2 Year,Yes,2630.0,163.0,202,0
22920,Male,62,1,14.0,0,1-2 Year,Yes,35928.0,26.0,188,0
374614,Female,49,1,28.0,1,1-2 Year,No,31860.0,155.0,85,0
348008,Male,27,1,21.0,1,< 1 Year,No,26144.0,152.0,236,0
91688,Female,25,1,17.0,1,< 1 Year,No,20185.0,152.0,18,0
91121,Male,36,1,8.0,0,1-2 Year,Yes,35564.0,154.0,277,0
159552,Male,52,1,8.0,0,1-2 Year,Yes,34864.0,26.0,35,0
232999,Male,32,1,28.0,0,< 1 Year,Yes,31225.0,152.0,173,0
87402,Female,74,1,28.0,0,1-2 Year,Yes,46171.0,26.0,106,0
324160,Male,25,1,29.0,1,< 1 Year,No,33204.0,152.0,77,0
176705,Male,40,1,46.0,1,1-2 Year,No,33985.0,26.0,127,0
276100,Male,21,1,9.0,1,< 1 Year,No,40050.0,160.0,298,0
14812,Male,24,1,28.0,1,< 1 Year,No,36628.0,152.0,97,0
256736,Female,23,1,45.0,0,< 1 Year,Yes,27088.0,124.0,176,0
263277,Female,20,1,37.0,1,< 1 Year,Yes,30003.0,160.0,184,0
360484,Female,26,1,37.0,1,< 1 Year,No,34707.0,152.0,34,0
341418,Male,28,1,28.0,0,< 1 Year,Yes,53823.0,152.0,234,0
266810,Female,29,1,35.0,1,< 1 Year,No,26966.0,152.0,38,0
79899,Male,62,1,6.0,0,1-2 Year,Yes,38629.0,26.0,41,0
80164,Female,67,1,40.0,0,1-2 Year,Yes,27231.0,26.0,58,0
128513,Female,42,1,7.0,0,1-2 Year,Yes,45834.0,124.0,96,0
298493,Male,54,1,8.0,0,1-2 Year,Yes,30044.0,26.0,284,0
69757,Male,57,1,8.0,1,1-2 Year,No,56616.0,124.0,126,0
301644,Male,54,1,46.0,1,1-2 Year,No,23638.0,11.0,72,0
5596,Male,30,1,18.0,1,< 1 Year,No,48527.0,152.0,95,0
29720,Male,50,1,8.0,0,1-2 Year,Yes,43242.0,26.0,295,0
112848,Female,75,1,28.0,1,1-2 Year,Yes,26038.0,25.0,94,0
10343,Female,29,1,28.0,0,1-2 Year,Yes,2630.0,157.0,16,0
269139,Female,63,1,28.0,0,> 2 Years,Yes,36519.0,3.0,12,0
319602,Female,29,1,29.0,1,< 1 Year,No,38544.0,152.0,199,0
199630,Male,66,1,46.0,1,1-2 Year,No,31844.0,124.0,77,0
353311,Male,52,1,28.0,1,1-2 Year,No,49622.0,26.0,186,0
100716,Female,26,1,41.0,1,< 1 Year,No,40360.0,152.0,128,0
181535,Male,25,1,28.0,1,< 1 Year,No,38614.0,152.0,193,0
309438,Female,47,1,48.0,1,1-2 Year,No,2630.0,124.0,81,0
373649,Female,21,1,8.0,1,< 1 Year,No,40606.0,152.0,282,0
302334,Male,43,1,18.0,1,1-2 Year,No,39715.0,124.0,63,0
192740,Male,40,1,46.0,0,1-2 Year,No,30939.0,155.0,35,0
242425,Male,23,1,29.0,1,< 1 Year,No,46864.0,152.0,93,0
377089,Female,42,1,41.0,1,1-2 Year,No,84312.0,124.0,141,0
180856,Female,40,1,28.0,0,1-2 Year,Yes,39655.0,124.0,265,0
17643,Male,43,1,39.0,0,1-2 Year,Yes,33373.0,26.0,182,0
299994,Male,25,1,37.0,0,< 1 Year,Yes,18136.0,152.0,248,0
363604,Female,25,1,45.0,1,< 1 Year,No,18932.0,152.0,208,0
70837,Male,21,1,30.0,1,< 1 Year,No,26080.0,152.0,265,0
372212,Male,45,1,28.0,0,1-2 Year,Yes,36299.0,122.0,25,0
71636,Female,22,1,9.0,1,< 1 Year,No,24619.0,152.0,77,0
275194,Male,23,1,15.0,1,< 1 Year,No,22145.0,26.0,200,0
286780,Female,34,1,33.0,0,1-2 Year,No,21430.0,124.0,208,0
135777,Male,67,1,8.0,0,> 2 Years,Yes,30821.0,26.0,131,0
243791,Male,26,1,50.0,1,< 1 Year,No,22433.0,152.0,104,0
184429,Male,34,1,28.0,1,1-2 Year,No,28385.0,152.0,116,0
150661,Female,28,1,28.0,1,< 1 Year,No,28345.0,152.0,29,0
44420,Male,76,1,28.0,1,1-2 Year,No,2630.0,26.0,251,0
291635,Female,47,1,14.0,0,1-2 Year,Yes,2630.0,160.0,199,0
150349,Male,53,1,14.0,0,1-2 Year,Yes,2630.0,26.0,29,0
355082,Male,24,1,7.0,1,< 1 Year,No,22969.0,152.0,74,0
97228,Female,25,1,8.0,0,< 1 Year,No,48634.0,151.0,203,0
316194,Female,21,1,28.0,0,< 1 Year,Yes,69815.0,152.0,267,0
223005,Female,27,1,36.0,1,< 1 Year,No,48189.0,152.0,201,0
165517,Male,58,1,8.0,0,< 1 Year,No,2630.0,1.0,124,0
225579,Female,44,1,41.0,0,1-2 Year,Yes,33779.0,12.0,227,0
25981,Male,56,1,21.0,0,1-2 Year,Yes,18717.0,26.0,196,0
196901,Male,26,1,30.0,1,< 1 Year,No,21607.0,152.0,96,0
135725,Male,48,1,29.0,1,1-2 Year,No,35511.0,26.0,176,0
59033,Male,34,1,33.0,1,1-2 Year,No,30914.0,152.0,241,0
75695,Female,39,1,28.0,1,1-2 Year,No,49689.0,26.0,70,0
375439,Male,51,1,45.0,0,1-2 Year,Yes,35164.0,26.0,67,0
243896,Male,21,1,3.0,1,< 1 Year,No,28114.0,160.0,291,0
9747,Male,31,1,28.0,1,< 1 Year,No,38573.0,152.0,272,0
76373,Male,21,1,8.0,1,< 1 Year,Yes,37324.0,160.0,71,0
36774,Male,41,1,28.0,0,1-2 Year,Yes,46918.0,124.0,53,0
326116,Female,24,1,8.0,1,< 1 Year,No,35574.0,152.0,117,0
292399,Female,38,1,28.0,0,1-2 Year,Yes,41009.0,122.0,26,0
258056,Female,26,1,41.0,1,< 1 Year,No,35135.0,152.0,147,0
125905,Male,56,1,29.0,0,1-2 Year,Yes,23224.0,135.0,174,0
81807,Female,44,1,8.0,0,1-2 Year,Yes,30065.0,7.0,118,0
319976,Female,24,1,8.0,1,< 1 Year,No,41014.0,152.0,206,0
295382,Female,22,1,46.0,1,< 1 Year,No,28848.0,152.0,248,0
207985,Male,23,1,3.0,1,< 1 Year,Yes,16995.0,152.0,80,0
216051,Female,65,1,28.0,0,1-2 Year,Yes,40280.0,124.0,158,0
224666,Male,24,1,5.0,0,< 1 Year,Yes,34605.0,152.0,11,0
324078,Female,24,1,3.0,1,< 1 Year,No,19932.0,152.0,37,0
221529,Female,31,1,11.0,0,< 1 Year,Yes,28257.0,124.0,80,0
94723,Male,33,1,44.0,0,< 1 Year,Yes,2630.0,124.0,272,0
263531,Male,62,1,28.0,0,1-2 Year,Yes,2630.0,122.0,26,0
37303,Male,38,1,50.0,1,1-2 Year,No,33190.0,152.0,163,0
167509,Female,23,1,15.0,0,< 1 Year,Yes,30263.0,152.0,233,0
259104,Male,30,1,30.0,1,< 1 Year,No,28293.0,152.0,144,0
50048,Female,33,1,8.0,0,< 1 Year,Yes,49886.0,7.0,170,0
166522,Male,44,1,8.0,1,1-2 Year,No,2630.0,124.0,167,0
196771,Male,30,1,28.0,1,< 1 Year,No,2630.0,152.0,147,0
10794,Male,68,1,36.0,0,1-2 Year,Yes,26142.0,26.0,141,0
148139,Male,22,1,33.0,0,< 1 Year,Yes,2630.0,152.0,26,0
117440,Male,25,1,15.0,1,< 1 Year,No,28678.0,152.0,144,0
279385,Male,26,1,49.0,1,< 1 Year,No,2630.0,152.0,247,0
103164,Female,50,1,28.0,0,1-2 Year,Yes,39004.0,26.0,260,0
128790,Male,23,1,46.0,1,< 1 Year,No,26541.0,152.0,148,0
207343,Female,26,1,28.0,1,< 1 Year,No,103603.0,152.0,106,0
122003,Female,71,1,28.0,1,1-2 Year,No,27834.0,124.0,111,0
92233,Male,21,1,35.0,0,< 1 Year,Yes,32612.0,160.0,15,0
342925,Male,65,1,41.0,0,1-2 Year,Yes,2630.0,156.0,199,0
374129,Female,58,1,2.0,1,1-2 Year,No,2630.0,160.0,90,0
86547,Male,23,1,8.0,1,< 1 Year,No,42268.0,151.0,11,0
11190,Female,49,1,28.0,1,1-2 Year,No,44532.0,26.0,12,0
47058,Female,21,1,35.0,1,< 1 Year,No,28162.0,152.0,50,0
69497,Female,22,1,45.0,1,< 1 Year,No,17681.0,152.0,49,0
305060,Female,24,1,50.0,0,< 1 Year,Yes,24148.0,152.0,293,0
324170,Female,21,1,2.0,0,< 1 Year,Yes,34742.0,152.0,148,0
95993,Female,44,1,16.0,0,1-2 Year,Yes,23857.0,152.0,20,0
351044,Female,39,1,28.0,0,1-2 Year,Yes,75168.0,26.0,91,0
354100,Male,22,1,21.0,1,< 1 Year,No,26371.0,152.0,118,0
298798,Female,20,1,2.0,0,< 1 Year,Yes,31401.0,160.0,235,0
43150,Male,24,1,28.0,1,< 1 Year,No,56488.0,152.0,222,0
199738,Female,73,1,28.0,0,1-2 Year,Yes,42782.0,26.0,185,0
244836,Male,45,1,32.0,0,1-2 Year,Yes,28056.0,124.0,126,0
340927,Female,23,1,27.0,1,< 1 Year,No,22574.0,152.0,212,0
345506,Male,42,1,28.0,0,1-2 Year,Yes,31216.0,26.0,227,0
247791,Male,53,1,8.0,0,> 2 Years,Yes,50550.0,124.0,197,0
67802,Female,22,1,41.0,1,< 1 Year,No,29198.0,152.0,202,0
57995,Female,75,1,28.0,0,> 2 Years,Yes,83808.0,124.0,239,0
23898,Female,60,1,7.0,1,1-2 Year,No,2630.0,122.0,46,0
94197,Male,20,1,8.0,0,< 1 Year,Yes,41446.0,160.0,268,0
210842,Male,73,1,4.0,1,1-2 Year,Yes,33269.0,124.0,229,0
136263,Female,26,1,33.0,1,< 1 Year,No,38114.0,151.0,19,0
145960,Female,27,1,46.0,0,< 1 Year,Yes,34908.0,152.0,121,0
19489,Female,52,1,28.0,0,> 2 Years,Yes,42447.0,13.0,229,0
45535,Male,29,1,28.0,0,< 1 Year,Yes,26370.0,152.0,296,0
159862,Female,21,1,25.0,1,< 1 Year,No,33370.0,152.0,250,0
334360,Male,43,1,7.0,1,1-2 Year,No,2630.0,152.0,91,0
86317,Female,25,1,39.0,1,< 1 Year,No,32545.0,152.0,275,0
91366,Female,24,1,13.0,0,< 1 Year,Yes,14073.0,152.0,210,0
246878,Female,28,1,8.0,1,< 1 Year,No,42763.0,152.0,194,0
228861,Female,22,1,38.0,0,< 1 Year,Yes,25682.0,124.0,123,0
148020,Female,44,1,28.0,1,1-2 Year,No,28928.0,134.0,39,0
282989,Female,58,1,28.0,0,1-2 Year,No,39963.0,125.0,197,0
312339,Female,78,1,0.0,0,1-2 Year,Yes,2630.0,26.0,151,0
61548,Male,27,1,45.0,1,< 1 Year,No,48846.0,152.0,112,0
59138,Male,51,1,11.0,0,1-2 Year,No,17351.0,26.0,111,0
255023,Female,21,1,47.0,1,< 1 Year,Yes,30843.0,152.0,114,0
102158,Female,20,1,46.0,1,< 1 Year,No,25744.0,160.0,42,0
253016,Male,25,1,11.0,1,< 1 Year,No,25043.0,152.0,251,0
277754,Female,25,1,11.0,1,< 1 Year,No,26653.0,152.0,202,0
59021,Male,41,1,8.0,0,1-2 Year,Yes,34284.0,73.0,75,0
176403,Male,25,1,8.0,1,< 1 Year,No,79221.0,152.0,43,0
181976,Male,43,1,48.0,0,1-2 Year,Yes,2630.0,124.0,83,0
255784,Female,25,1,2.0,1,< 1 Year,No,2630.0,152.0,163,0
238350,Male,51,1,28.0,1,1-2 Year,No,34947.0,60.0,273,0
226518,Male,47,1,8.0,0,1-2 Year,Yes,49146.0,124.0,128,0
172456,Female,51,1,50.0,0,1-2 Year,Yes,35039.0,26.0,236,0
249017,Female,24,1,13.0,1,< 1 Year,No,19937.0,152.0,201,0
230931,Male,24,1,25.0,0,< 1 Year,No,21295.0,152.0,28,0
55182,Female,46,1,28.0,0,1-2 Year,Yes,2630.0,124.0,13,0
53269,Female,33,1,1.0,0,1-2 Year,Yes,2630.0,26.0,54,0
69339,Male,26,1,28.0,0,1-2 Year,Yes,2630.0,156.0,259,0
201411,Male,27,1,28.0,1,< 1 Year,No,67146.0,26.0,275,0
241310,Female,21,1,12.0,1,< 1 Year,No,33169.0,152.0,37,0
101233,Female,22,1,28.0,0,1-2 Year,Yes,35708.0,26.0,236,0
56303,Male,50,1,8.0,0,1-2 Year,Yes,49657.0,4.0,84,0
89886,Male,43,1,11.0,0,1-2 Year,Yes,36077.0,26.0,117,0
379266,Male,44,1,28.0,0,1-2 Year,Yes,35896.0,124.0,229,0
201589,Male,35,1,35.0,1,1-2 Year,No,28021.0,26.0,81,0
93203,Male,21,1,8.0,1,< 1 Year,No,37063.0,160.0,293,0
122840,Male,23,1,6.0,0,< 1 Year,Yes,2630.0,151.0,196,0
329477,Male,53,1,8.0,1,1-2 Year,No,32163.0,152.0,169,0
300030,Female,25,1,15.0,0,< 1 Year,Yes,36775.0,152.0,227,0
41330,Female,47,1,28.0,0,1-2 Year,Yes,50057.0,26.0,289,0
319714,Male,60,1,28.0,1,1-2 Year,No,31650.0,26.0,290,0
41994,Female,50,1,28.0,0,1-2 Year,Yes,28698.0,122.0,50,0
147534,Male,74,1,28.0,1,1-2 Year,No,38776.0,124.0,190,0
297355,Male,48,1,28.0,1,1-2 Year,No,49360.0,122.0,260,0
361271,Male,21,1,9.0,0,< 1 Year,Yes,31219.0,160.0,83,0
231200,Male,50,1,35.0,0,1-2 Year,Yes,32661.0,10.0,272,0
113335,Female,23,1,14.0,1,< 1 Year,No,17958.0,152.0,150,0
369551,Female,43,1,50.0,0,> 2 Years,Yes,26080.0,26.0,103,0
368496,Male,64,1,36.0,0,1-2 Year,Yes,2630.0,124.0,130,0
197034,Male,36,1,20.0,0,1-2 Year,Yes,2630.0,156.0,172,0
176637,Male,70,1,28.0,0,1-2 Year,Yes,36589.0,26.0,197,0
353824,Female,25,1,10.0,0,< 1 Year,No,31722.0,122.0,90,0
12863,Female,37,1,28.0,0,1-2 Year,Yes,47860.0,124.0,215,0
67857,Male,49,1,8.0,0,1-2 Year,Yes,46422.0,124.0,244,0
139648,Male,62,1,33.0,0,1-2 Year,Yes,2630.0,26.0,140,0
45195,Male,21,1,41.0,0,< 1 Year,Yes,35336.0,152.0,166,0
205755,Female,57,1,28.0,0,1-2 Year,Yes,41728.0,26.0,294,0
302727,Male,24,1,30.0,0,1-2 Year,Yes,27249.0,154.0,135,0
162208,Female,27,1,7.0,1,< 1 Year,No,42685.0,152.0,192,0
32936,Male,48,1,28.0,0,1-2 Year,No,56012.0,26.0,50,0
377365,Male,21,1,25.0,1,< 1 Year,No,24845.0,160.0,213,0
151877,Male,22,1,17.0,0,< 1 Year,Yes,2630.0,152.0,150,0
214582,Male,27,1,46.0,1,< 1 Year,No,19160.0,152.0,43,0
272484,Male,23,1,14.0,0,1-2 Year,No,20331.0,124.0,173,0
31289,Male,52,1,28.0,1,1-2 Year,No,48384.0,25.0,234,0
218568,Male,73,1,14.0,0,1-2 Year,No,26387.0,26.0,287,0
271556,Male,24,1,8.0,1,< 1 Year,No,39893.0,152.0,60,0
324003,Female,34,1,11.0,0,1-2 Year,Yes,20477.0,156.0,230,0
360107,Male,51,1,8.0,1,1-2 Year,No,31285.0,124.0,247,0
187237,Female,37,1,11.0,1,1-2 Year,Yes,26468.0,120.0,89,0
336063,Female,27,1,18.0,1,< 1 Year,No,24584.0,152.0,73,0
215913,Male,24,1,43.0,0,< 1 Year,Yes,26014.0,152.0,98,0
269695,Female,79,1,8.0,1,1-2 Year,No,2630.0,156.0,218,0
20612,Female,24,1,45.0,1,< 1 Year,No,22359.0,152.0,36,0
218315,Male,66,1,28.0,1,1-2 Year,No,28601.0,124.0,25,0
271183,Male,27,1,28.0,1,< 1 Year,No,38911.0,152.0,115,0
9932,Female,36,1,28.0,0,1-2 Year,Yes,30826.0,26.0,211,0
184631,Female,28,1,6.0,1,< 1 Year,No,24781.0,152.0,171,0
110329,Female,23,1,21.0,1,< 1 Year,No,35256.0,152.0,71,0
294656,Male,38,1,40.0,0,1-2 Year,Yes,47545.0,124.0,246,0
24776,Male,34,1,39.0,0,1-2 Year,Yes,2630.0,156.0,132,0
231607,Female,54,1,28.0,0,1-2 Year,Yes,45576.0,26.0,98,0
144398,Female,74,1,8.0,1,1-2 Year,No,2630.0,26.0,123,0
39278,Male,23,1,11.0,1,< 1 Year,No,35698.0,152.0,293,0
25243,Female,45,1,16.0,1,1-2 Year,No,31048.0,152.0,108,0
125856,Female,24,1,18.0,1,< 1 Year,No,35801.0,152.0,12,0
231456,Male,23,1,29.0,1,< 1 Year,No,39576.0,26.0,172,0
327268,Female,25,1,8.0,0,< 1 Year,Yes,48089.0,152.0,50,0
77147,Female,23,1,16.0,1,< 1 Year,No,29997.0,160.0,12,0
54367,Male,65,1,19.0,0,> 2 Years,Yes,38494.0,155.0,194,0
355417,Male,24,1,35.0,1,< 1 Year,No,36540.0,152.0,203,0
312132,Male,63,1,28.0,0,1-2 Year,Yes,38271.0,124.0,156,0
330856,Female,55,1,41.0,1,1-2 Year,No,49958.0,26.0,20,0
226013,Male,48,1,28.0,0,> 2 Years,Yes,26191.0,122.0,193,0
341511,Male,45,1,11.0,1,1-2 Year,Yes,2630.0,156.0,111,0
89974,Male,23,1,41.0,0,< 1 Year,Yes,39210.0,152.0,226,0
377978,Male,60,1,8.0,0,1-2 Year,Yes,24582.0,26.0,213,0
203133,Female,59,1,28.0,0,1-2 Year,Yes,24279.0,13.0,156,0
100091,Male,35,1,28.0,0,1-2 Year,Yes,27231.0,124.0,203,0
64894,Female,48,1,18.0,0,1-2 Year,Yes,30247.0,26.0,276,0
293388,Female,25,1,16.0,1,< 1 Year,No,16860.0,152.0,123,0
315232,Female,43,1,46.0,0,1-2 Year,Yes,38097.0,124.0,206,0
230570,Female,25,1,18.0,1,< 1 Year,No,33513.0,152.0,61,0
188522,Female,28,1,47.0,0,< 1 Year,Yes,26725.0,152.0,142,0
255958,Male,41,1,28.0,0,1-2 Year,Yes,50521.0,13.0,46,0
217538,Male,42,1,8.0,1,1-2 Year,Yes,43933.0,124.0,110,0
189099,Male,50,1,27.0,1,1-2 Year,No,28059.0,150.0,63,0
294097,Female,41,1,28.0,0,1-2 Year,No,45552.0,124.0,84,0
110277,Female,43,1,28.0,0,1-2 Year,Yes,36662.0,7.0,149,0
358938,Male,52,1,7.0,0,1-2 Year,Yes,2630.0,26.0,237,0
333822,Female,36,1,50.0,1,1-2 Year,No,34519.0,124.0,295,0
254345,Female,70,1,0.0,0,1-2 Year,Yes,2630.0,55.0,148,0
313195,Male,33,1,28.0,0,1-2 Year,Yes,27068.0,124.0,292,0
169064,Male,23,1,3.0,1,< 1 Year,No,24351.0,152.0,159,0
154026,Male,41,1,28.0,1,1-2 Year,No,44715.0,124.0,240,0
377110,Male,44,1,46.0,0,1-2 Year,Yes,37359.0,124.0,159,0
187794,Female,28,1,46.0,0,< 1 Year,No,2630.0,1.0,23,0
56001,Male,27,1,3.0,1,< 1 Year,No,39981.0,26.0,275,0
295123,Female,50,1,28.0,1,1-2 Year,No,56023.0,122.0,265,0
237996,Male,48,1,28.0,0,1-2 Year,Yes,32867.0,26.0,216,0
10825,Female,24,1,28.0,1,< 1 Year,No,46377.0,152.0,156,0
359913,Male,49,1,28.0,0,1-2 Year,Yes,29228.0,60.0,260,0
115047,Female,20,1,30.0,1,< 1 Year,No,34182.0,160.0,73,0
25732,Female,24,1,10.0,0,< 1 Year,Yes,26151.0,152.0,154,0
267285,Male,72,1,28.0,0,1-2 Year,Yes,54655.0,3.0,262,0
135680,Female,25,1,3.0,0,1-2 Year,Yes,2630.0,157.0,225,0
302176,Female,58,1,15.0,0,1-2 Year,Yes,2630.0,156.0,257,0
138019,Female,21,1,15.0,0,< 1 Year,Yes,28607.0,160.0,270,0
255064,Male,21,1,8.0,0,< 1 Year,No,42913.0,160.0,187,0
303133,Female,24,1,43.0,0,< 1 Year,Yes,43104.0,152.0,50,0
233119,Female,20,1,28.0,0,< 1 Year,Yes,53188.0,160.0,286,0
137442,Female,23,1,14.0,0,< 1 Year,Yes,25288.0,152.0,37,0
251385,Male,39,1,28.0,1,1-2 Year,No,2630.0,26.0,281,0
109945,Female,45,1,28.0,0,1-2 Year,Yes,29060.0,124.0,170,0
58108,Male,24,1,47.0,1,< 1 Year,No,34974.0,152.0,213,0
189064,Female,21,1,25.0,1,< 1 Year,No,34422.0,160.0,113,0
23597,Male,54,1,28.0,0,1-2 Year,Yes,36934.0,26.0,106,0
68186,Female,27,1,37.0,0,< 1 Year,No,36280.0,152.0,35,0
308055,Female,56,1,41.0,1,1-2 Year,No,33613.0,12.0,37,0
155279,Male,35,1,11.0,0,1-2 Year,Yes,2630.0,157.0,247,0
281099,Male,22,1,29.0,1,< 1 Year,No,25722.0,163.0,278,0
117437,Male,31,1,28.0,1,< 1 Year,No,31874.0,152.0,145,0
10420,Male,24,1,33.0,1,< 1 Year,No,20108.0,152.0,153,0
142702,Female,39,1,28.0,0,1-2 Year,Yes,2630.0,124.0,175,0
346221,Female,30,1,30.0,0,< 1 Year,Yes,27622.0,152.0,119,0
212167,Male,47,1,3.0,0,1-2 Year,No,61544.0,124.0,34,0
28689,Male,66,1,28.0,0,1-2 Year,Yes,53019.0,122.0,248,0
241614,Male,54,1,28.0,0,1-2 Year,No,40845.0,26.0,107,0
350550,Male,52,1,28.0,1,1-2 Year,No,29380.0,26.0,91,0
163976,Male,22,1,26.0,0,< 1 Year,Yes,30125.0,160.0,169,0
28290,Female,33,1,37.0,1,< 1 Year,No,38044.0,152.0,280,0
111769,Male,43,1,19.0,0,1-2 Year,Yes,2630.0,26.0,47,0
147389,Male,22,1,11.0,1,< 1 Year,No,49446.0,152.0,24,0
11129,Female,40,1,8.0,1,1-2 Year,No,2630.0,152.0,198,0
113648,Male,45,1,41.0,0,1-2 Year,Yes,23316.0,124.0,286,0
59489,Female,51,1,41.0,1,1-2 Year,Yes,28873.0,26.0,190,0
122465,Male,23,1,47.0,1,< 1 Year,No,29390.0,152.0,100,0
54757,Female,35,1,46.0,0,1-2 Year,Yes,24276.0,152.0,217,0
20308,Male,43,1,28.0,0,1-2 Year,Yes,22872.0,124.0,210,0
284930,Female,21,1,49.0,1,< 1 Year,Yes,2630.0,160.0,83,0
90166,Female,24,1,15.0,0,< 1 Year,Yes,29715.0,152.0,130,0
279538,Male,23,1,17.0,1,< 1 Year,No,32488.0,152.0,20,0
171406,Female,21,1,8.0,0,< 1 Year,Yes,53254.0,160.0,254,0
51262,Male,44,1,12.0,0,1-2 Year,Yes,2630.0,26.0,73,0
280782,Female,22,1,18.0,1,< 1 Year,No,33806.0,152.0,244,0
53661,Male,54,1,3.0,0,> 2 Years,Yes,2630.0,124.0,92,0
11333,Female,23,1,7.0,0,< 1 Year,Yes,34516.0,160.0,10,0
132905,Male,25,1,28.0,1,< 1 Year,No,32346.0,152.0,41,0
187505,Male,27,1,3.0,1,< 1 Year,No,26794.0,152.0,191,0
334476,Female,47,1,28.0,0,1-2 Year,Yes,55175.0,26.0,31,0
213648,Female,32,1,16.0,1,< 1 Year,No,19257.0,152.0,264,0
30875,Male,28,1,28.0,1,< 1 Year,No,31458.0,61.0,62,0
93843,Female,21,1,15.0,0,< 1 Year,Yes,39383.0,160.0,95,0
363264,Male,23,1,8.0,1,< 1 Year,No,49357.0,152.0,37,0
237329,Male,24,1,2.0,1,< 1 Year,No,28734.0,152.0,246,0
25799,Female,65,1,22.0,1,1-2 Year,No,27509.0,25.0,71,0
2064,Female,26,1,28.0,1,< 1 Year,No,32214.0,152.0,131,0
132051,Female,22,1,47.0,1,< 1 Year,No,29149.0,152.0,132,0
65240,Female,21,1,36.0,1,< 1 Year,No,33068.0,152.0,132,0
30066,Male,61,1,39.0,1,1-2 Year,No,2630.0,26.0,214,0
29884,Male,48,1,8.0,0,1-2 Year,Yes,32215.0,124.0,101,0
36755,Male,22,1,45.0,1,< 1 Year,No,27477.0,152.0,234,0
184231,Male,78,1,15.0,1,1-2 Year,No,31700.0,26.0,61,0
213532,Male,36,1,50.0,0,1-2 Year,Yes,40786.0,124.0,187,0
211428,Male,36,1,35.0,0,1-2 Year,Yes,39078.0,124.0,237,0
306952,Female,22,1,30.0,1,< 1 Year,No,25486.0,152.0,13,0
31719,Male,47,1,25.0,1,1-2 Year,No,27505.0,30.0,141,0
332028,Male,46,1,13.0,0,1-2 Year,No,17051.0,26.0,175,0
11486,Female,68,1,40.0,0,1-2 Year,Yes,2630.0,124.0,32,0
349048,Male,24,1,6.0,1,< 1 Year,No,17635.0,152.0,66,0
257845,Female,24,1,46.0,1,< 1 Year,No,19291.0,152.0,226,0
126758,Female,24,1,18.0,1,< 1 Year,No,31044.0,152.0,262,0
358412,Male,52,1,28.0,0,1-2 Year,Yes,50189.0,26.0,25,0
145038,Male,24,1,21.0,1,< 1 Year,No,26975.0,152.0,157,0
333735,Female,21,1,46.0,1,< 1 Year,No,31900.0,160.0,165,0
326351,Male,26,1,10.0,0,< 1 Year,Yes,22572.0,152.0,290,0
10592,Male,74,1,36.0,0,1-2 Year,Yes,31939.0,26.0,120,0
284384,Male,33,1,28.0,0,< 1 Year,Yes,61000.0,122.0,127,0
106833,Female,64,1,45.0,1,1-2 Year,No,45928.0,124.0,245,0
1704,Male,24,1,11.0,1,< 1 Year,No,24420.0,152.0,268,0
146726,Female,21,1,28.0,1,< 1 Year,No,2630.0,160.0,165,0
220526,Male,40,1,28.0,0,1-2 Year,No,43548.0,157.0,37,0
101459,Male,31,1,24.0,1,< 1 Year,No,22049.0,154.0,171,0
274412,Male,21,1,17.0,1,< 1 Year,No,31885.0,152.0,50,0
90808,Female,49,1,37.0,1,1-2 Year,No,31612.0,26.0,292,0
232057,Female,30,1,33.0,1,< 1 Year,No,2630.0,152.0,156,0
48893,Male,23,1,50.0,1,< 1 Year,No,34938.0,26.0,140,0
298998,Female,46,1,28.0,0,1-2 Year,Yes,2630.0,125.0,265,0
115947,Male,31,1,31.0,1,< 1 Year,No,2630.0,152.0,160,0
64039,Male,29,1,18.0,1,< 1 Year,No,37196.0,152.0,123,0
82027,Female,24,1,39.0,1,< 1 Year,Yes,2630.0,152.0,186,0
327881,Female,34,1,28.0,0,1-2 Year,Yes,31903.0,124.0,30,0
168403,Female,44,1,28.0,0,1-2 Year,Yes,2630.0,26.0,154,0
357298,Female,29,1,44.0,1,< 1 Year,No,37254.0,152.0,31,0
119494,Female,68,1,14.0,0,1-2 Year,Yes,23986.0,26.0,193,0
134885,Male,55,1,8.0,1,1-2 Year,No,46355.0,26.0,140,0
309109,Male,24,1,25.0,0,< 1 Year,No,29393.0,152.0,42,0
224503,Female,46,1,28.0,0,1-2 Year,Yes,29227.0,25.0,234,0
297948,Male,27,1,15.0,0,< 1 Year,No,28709.0,152.0,280,0
62697,Male,76,1,28.0,0,1-2 Year,Yes,43159.0,26.0,23,0
314545,Female,40,1,28.0,1,1-2 Year,No,41649.0,125.0,170,0
368074,Male,41,1,28.0,0,1-2 Year,Yes,30272.0,60.0,102,0
95608,Male,23,1,45.0,1,< 1 Year,No,25547.0,152.0,67,0
302915,Male,24,1,21.0,1,< 1 Year,No,30964.0,152.0,67,0
92832,Female,28,1,45.0,1,< 1 Year,No,16353.0,152.0,31,0
134111,Male,50,1,29.0,1,1-2 Year,No,48461.0,26.0,231,0
3984,Male,25,1,35.0,1,< 1 Year,No,24811.0,152.0,17,0
62931,Male,26,1,39.0,0,1-2 Year,Yes,2630.0,163.0,23,0
265378,Female,23,1,49.0,1,< 1 Year,No,26934.0,152.0,160,0
182039,Female,27,1,50.0,1,< 1 Year,No,40010.0,152.0,104,0
33217,Female,30,1,22.0,1,< 1 Year,No,27923.0,152.0,34,0
372193,Male,22,1,46.0,1,< 1 Year,No,28187.0,152.0,165,0
96386,Male,37,1,8.0,1,1-2 Year,No,32354.0,157.0,18,0
257499,Male,41,1,36.0,0,< 1 Year,No,2630.0,1.0,236,0
185314,Female,25,1,28.0,0,< 1 Year,Yes,36550.0,156.0,109,0
305278,Male,51,1,28.0,0,> 2 Years,Yes,34002.0,26.0,239,0
147576,Female,71,1,45.0,1,1-2 Year,No,2630.0,124.0,122,0
241963,Male,23,1,41.0,1,< 1 Year,No,31859.0,152.0,240,0
323681,Male,58,1,28.0,0,1-2 Year,Yes,34882.0,25.0,177,0
154822,Male,57,1,49.0,0,1-2 Year,Yes,2630.0,122.0,210,0
175649,Male,41,1,0.0,0,1-2 Year,No,2630.0,122.0,46,0
41273,Female,25,1,6.0,1,< 1 Year,No,28662.0,152.0,66,0
164128,Female,24,1,35.0,1,< 1 Year,No,32315.0,152.0,227,0
275047,Female,70,1,45.0,1,1-2 Year,No,29130.0,124.0,270,0
156406,Female,20,1,50.0,0,< 1 Year,Yes,44222.0,160.0,182,0
43257,Female,22,1,13.0,0,< 1 Year,Yes,2630.0,163.0,167,0
178279,Male,40,1,28.0,0,1-2 Year,Yes,41694.0,122.0,231,0
337552,Male,22,1,36.0,1,< 1 Year,No,28338.0,160.0,203,0
149051,Female,33,1,3.0,0,< 1 Year,Yes,24421.0,26.0,184,0
105492,Male,21,1,28.0,0,< 1 Year,Yes,64965.0,26.0,218,0
216446,Male,59,1,28.0,1,1-2 Year,No,35791.0,26.0,177,0
128678,Female,24,1,6.0,1,< 1 Year,No,33442.0,152.0,252,0
131277,Female,49,1,29.0,0,1-2 Year,Yes,34304.0,124.0,172,0
162456,Male,22,1,21.0,1,< 1 Year,No,36704.0,152.0,248,0
317542,Female,27,1,29.0,1,< 1 Year,No,32919.0,152.0,19,0
305294,Male,24,1,45.0,1,< 1 Year,No,57213.0,152.0,230,0
219892,Female,26,1,11.0,1,< 1 Year,No,26061.0,152.0,290,0
331856,Female,21,1,8.0,0,< 1 Year,Yes,33065.0,152.0,230,0
353536,Male,24,1,16.0,0,< 1 Year,Yes,21876.0,152.0,158,0
44549,Male,43,1,28.0,0,1-2 Year,Yes,47062.0,124.0,52,0
1002,Female,26,1,28.0,1,< 1 Year,No,43080.0,152.0,76,0
312772,Male,46,1,28.0,1,1-2 Year,No,47627.0,124.0,10,0
98038,Female,40,1,33.0,0,1-2 Year,Yes,2630.0,156.0,197,0
29374,Male,47,1,48.0,0,1-2 Year,Yes,2630.0,26.0,61,0
217358,Female,39,1,22.0,0,1-2 Year,Yes,36520.0,124.0,264,0
374428,Male,45,1,30.0,0,1-2 Year,Yes,34303.0,122.0,32,0
105251,Male,59,1,39.0,0,1-2 Year,Yes,2630.0,26.0,221,0
133453,Male,55,1,24.0,1,1-2 Year,No,25441.0,124.0,223,0
359451,Female,58,1,47.0,1,1-2 Year,No,43972.0,152.0,13,0
335367,Male,33,1,28.0,0,< 1 Year,Yes,52522.0,26.0,69,0
85815,Male,24,1,30.0,1,< 1 Year,No,28010.0,152.0,202,0
41949,Male,47,1,28.0,0,1-2 Year,No,39309.0,124.0,243,0
77717,Male,28,1,30.0,1,< 1 Year,No,28667.0,152.0,36,0
341266,Male,60,1,28.0,0,1-2 Year,Yes,26600.0,122.0,261,0
172122,Female,53,1,28.0,0,1-2 Year,Yes,27393.0,31.0,240,0
194308,Male,41,1,28.0,0,1-2 Year,Yes,57293.0,124.0,83,0
237451,Male,31,1,29.0,0,1-2 Year,No,24224.0,26.0,209,0
148879,Male,22,1,6.0,0,< 1 Year,No,22450.0,152.0,140,0
167736,Female,49,1,28.0,1,1-2 Year,No,42633.0,52.0,208,0
99611,Male,54,1,28.0,0,1-2 Year,Yes,2630.0,156.0,269,0
209738,Male,39,1,8.0,0,1-2 Year,Yes,2630.0,124.0,297,0
262592,Male,30,1,45.0,0,< 1 Year,Yes,30224.0,152.0,18,0
215282,Male,44,1,15.0,0,1-2 Year,Yes,35336.0,26.0,63,0
65437,Female,40,1,28.0,1,1-2 Year,No,34068.0,122.0,283,0
344361,Female,26,1,50.0,1,1-2 Year,No,31138.0,8.0,107,0
369080,Female,41,1,28.0,0,1-2 Year,No,32426.0,156.0,219,0
361997,Male,49,1,8.0,0,1-2 Year,Yes,34060.0,26.0,30,0
261511,Female,62,1,46.0,1,1-2 Year,No,30045.0,122.0,110,0
343571,Female,64,1,28.0,0,1-2 Year,Yes,45025.0,124.0,63,0
76154,Female,45,1,28.0,0,1-2 Year,Yes,30105.0,124.0,146,0
15219,Male,48,1,36.0,0,1-2 Year,Yes,32983.0,157.0,28,0
327557,Female,24,1,32.0,0,< 1 Year,No,2630.0,152.0,148,0
158069,Female,24,1,28.0,1,< 1 Year,No,2630.0,152.0,94,0
265288,Male,51,1,28.0,1,1-2 Year,No,27522.0,26.0,50,0
251069,Female,68,1,29.0,0,> 2 Years,Yes,34216.0,26.0,197,0
42905,Female,22,1,46.0,1,< 1 Year,No,20814.0,152.0,204,0
133212,Male,50,1,8.0,0,1-2 Year,Yes,27457.0,124.0,295,0
174716,Male,23,1,15.0,0,< 1 Year,No,29099.0,152.0,36,0
373152,Female,32,1,41.0,1,< 1 Year,No,23059.0,152.0,84,0
204808,Female,51,1,30.0,1,1-2 Year,No,2630.0,152.0,253,0
193090,Male,56,1,31.0,1,1-2 Year,No,2630.0,124.0,84,0
162778,Female,42,1,11.0,0,1-2 Year,Yes,33298.0,124.0,154,0
167122,Male,22,1,5.0,1,< 1 Year,No,2630.0,160.0,139,0
133427,Male,70,1,28.0,1,1-2 Year,No,70112.0,122.0,20,0
132163,Male,31,1,6.0,1,< 1 Year,No,29583.0,152.0,130,0
140883,Female,22,1,8.0,0,< 1 Year,No,2630.0,160.0,248,0
269011,Male,58,1,28.0,0,1-2 Year,Yes,63541.0,26.0,57,0
363331,Female,24,1,2.0,1,< 1 Year,No,18784.0,152.0,73,0
44410,Male,46,1,22.0,0,1-2 Year,Yes,2630.0,157.0,91,0
250885,Male,63,1,35.0,0,1-2 Year,Yes,2630.0,26.0,170,0
297389,Male,37,1,28.0,1,1-2 Year,Yes,61289.0,124.0,24,0
173957,Male,48,1,7.0,0,1-2 Year,Yes,2630.0,154.0,58,0
282978,Male,40,1,41.0,1,1-2 Year,No,34592.0,152.0,27,0
259897,Female,35,1,28.0,0,1-2 Year,No,41362.0,124.0,95,0
238221,Male,61,1,28.0,0,1-2 Year,Yes,41746.0,124.0,197,0
41971,Male,24,1,41.0,1,< 1 Year,No,33917.0,152.0,66,0
71461,Female,23,1,28.0,1,< 1 Year,No,40602.0,152.0,16,0
158587,Male,60,1,28.0,0,1-2 Year,No,32734.0,26.0,201,0
167172,Female,33,1,28.0,1,1-2 Year,No,46868.0,156.0,206,0
269546,Female,32,1,27.0,0,< 1 Year,Yes,41009.0,152.0,119,0
230206,Male,28,1,35.0,0,< 1 Year,Yes,25476.0,152.0,126,0
26020,Female,26,1,50.0,1,< 1 Year,No,23055.0,152.0,82,0
237353,Male,58,1,15.0,0,1-2 Year,Yes,42851.0,124.0,222,0
325048,Female,32,1,8.0,0,1-2 Year,Yes,39446.0,157.0,163,0
104528,Female,38,1,28.0,0,1-2 Year,Yes,29642.0,156.0,191,0
241805,Male,59,1,3.0,0,1-2 Year,Yes,2630.0,26.0,286,0
114275,Female,22,1,28.0,1,< 1 Year,No,55756.0,152.0,214,0
190267,Male,46,1,47.0,0,1-2 Year,No,37262.0,26.0,297,0
50248,Female,46,1,28.0,1,1-2 Year,Yes,38248.0,26.0,14,0
26809,Female,31,1,15.0,1,< 1 Year,No,31720.0,152.0,252,0
153627,Female,27,1,29.0,1,< 1 Year,No,29922.0,152.0,55,0
377778,Female,28,1,28.0,1,< 1 Year,No,31137.0,152.0,181,0
192325,Female,26,1,16.0,0,< 1 Year,No,26108.0,152.0,265,0
45103,Female,40,1,30.0,1,1-2 Year,No,25571.0,152.0,41,0
322755,Male,25,1,28.0,1,< 1 Year,No,58455.0,152.0,196,0
366590,Female,24,1,8.0,1,< 1 Year,No,35612.0,152.0,290,0
44439,Female,72,1,50.0,0,1-2 Year,Yes,31033.0,8.0,209,0
60369,Male,55,1,45.0,0,1-2 Year,Yes,33010.0,26.0,108,0
244517,Male,48,1,28.0,1,1-2 Year,No,24005.0,26.0,209,0
39115,Male,44,1,41.0,0,1-2 Year,Yes,40733.0,26.0,127,0
370083,Male,39,1,28.0,0,1-2 Year,No,35074.0,26.0,277,0
211033,Female,40,1,28.0,0,1-2 Year,Yes,52778.0,13.0,58,0
250815,Male,74,1,33.0,0,1-2 Year,Yes,2630.0,124.0,207,0
364671,Female,24,1,37.0,1,< 1 Year,No,34819.0,152.0,280,0
344915,Female,26,1,28.0,1,< 1 Year,No,40827.0,152.0,104,0
286179,Female,24,1,46.0,1,< 1 Year,No,32393.0,160.0,68,0
252398,Male,37,1,41.0,1,1-2 Year,No,2630.0,152.0,297,0
213017,Male,24,1,28.0,1,< 1 Year,No,35052.0,152.0,200,0
276877,Male,71,1,46.0,0,1-2 Year,Yes,53423.0,124.0,236,0
249582,Female,52,1,28.0,1,1-2 Year,No,25344.0,124.0,85,0
369574,Male,33,1,28.0,0,1-2 Year,Yes,57872.0,122.0,29,0
225793,Female,59,1,27.0,0,1-2 Year,Yes,22514.0,26.0,274,0
56236,Female,23,1,29.0,1,< 1 Year,No,22479.0,152.0,210,0
288333,Female,40,1,6.0,1,1-2 Year,No,2630.0,157.0,174,0
363957,Female,70,1,8.0,0,1-2 Year,Yes,31125.0,26.0,160,0
300645,Male,23,1,18.0,1,< 1 Year,No,39924.0,152.0,165,0
308946,Male,59,1,16.0,1,1-2 Year,No,24245.0,152.0,278,0
362842,Male,24,1,28.0,0,< 1 Year,No,51002.0,152.0,173,0
107667,Male,68,1,39.0,0,1-2 Year,Yes,2630.0,124.0,25,0
194908,Female,24,1,50.0,1,< 1 Year,No,23492.0,152.0,49,0
369138,Female,25,1,33.0,1,< 1 Year,No,2630.0,152.0,130,0
292067,Female,62,1,28.0,1,1-2 Year,No,30202.0,122.0,120,0
197826,Female,24,1,37.0,1,< 1 Year,No,30972.0,152.0,178,0
251739,Female,25,1,6.0,1,< 1 Year,No,31364.0,152.0,223,0
253370,Male,29,1,14.0,1,< 1 Year,No,32884.0,152.0,65,0
192384,Male,62,1,15.0,0,1-2 Year,Yes,50095.0,124.0,160,0
349079,Female,79,1,9.0,0,1-2 Year,No,30180.0,124.0,258,0
35436,Male,33,1,24.0,1,1-2 Year,No,34655.0,124.0,79,0
113757,Male,42,1,41.0,1,1-2 Year,No,28053.0,124.0,209,0
302957,Male,20,1,3.0,0,< 1 Year,Yes,36403.0,160.0,230,0
122264,Male,59,1,28.0,0,> 2 Years,Yes,38259.0,147.0,40,0
140604,Female,50,1,39.0,1,1-2 Year,No,2630.0,127.0,80,0
246065,Female,27,1,41.0,1,< 1 Year,No,27377.0,152.0,21,0
72440,Female,26,1,39.0,1,< 1 Year,No,2630.0,152.0,248,0
165987,Male,33,1,8.0,0,1-2 Year,Yes,40999.0,124.0,62,0
300953,Female,30,1,15.0,0,< 1 Year,Yes,36595.0,152.0,200,0
262671,Male,64,1,28.0,0,> 2 Years,Yes,67634.0,122.0,237,0
333994,Female,23,1,12.0,1,< 1 Year,No,34878.0,152.0,101,0
175408,Male,24,1,18.0,1,< 1 Year,No,2630.0,152.0,51,0
153324,Male,23,1,50.0,1,< 1 Year,No,35441.0,152.0,62,0
371072,Male,57,1,27.0,1,1-2 Year,No,2630.0,26.0,121,0
287263,Female,25,1,37.0,0,< 1 Year,Yes,24523.0,152.0,215,0
329087,Female,22,1,39.0,1,< 1 Year,No,39926.0,152.0,249,0
165045,Male,28,1,30.0,0,< 1 Year,Yes,25146.0,152.0,135,0
229703,Male,28,1,28.0,1,< 1 Year,No,35028.0,152.0,194,0
88241,Male,30,1,20.0,0,1-2 Year,Yes,2630.0,157.0,137,0
295124,Male,50,1,28.0,1,1-2 Year,No,43627.0,122.0,263,0
308021,Female,35,1,48.0,0,1-2 Year,Yes,2630.0,154.0,245,0
379890,Male,24,1,3.0,0,< 1 Year,Yes,25525.0,152.0,196,0
91269,Female,64,1,28.0,1,1-2 Year,No,33113.0,26.0,183,0
106881,Male,23,1,10.0,1,< 1 Year,No,33182.0,151.0,191,0
220746,Male,22,1,50.0,1,< 1 Year,No,33291.0,152.0,230,0
183895,Male,51,1,8.0,1,1-2 Year,No,36683.0,124.0,88,0
250979,Female,22,1,43.0,1,< 1 Year,No,32009.0,152.0,27,0
138060,Female,43,1,47.0,0,1-2 Year,No,35506.0,152.0,100,0
235867,Female,24,1,28.0,1,< 1 Year,No,40772.0,152.0,202,0
235104,Male,58,1,28.0,0,1-2 Year,Yes,39427.0,26.0,231,0
153732,Male,24,1,8.0,1,< 1 Year,No,35997.0,152.0,127,0
65480,Female,23,1,36.0,1,< 1 Year,No,31283.0,152.0,117,0
155519,Male,80,1,20.0,0,1-2 Year,Yes,2630.0,9.0,268,0
198630,Female,22,1,8.0,1,< 1 Year,No,30457.0,160.0,237,0
70961,Male,43,1,14.0,0,1-2 Year,Yes,36212.0,124.0,115,0
100590,Male,37,1,39.0,1,1-2 Year,No,2630.0,15.0,193,0
256391,Male,64,1,13.0,0,1-2 Year,Yes,26854.0,152.0,234,0
219375,Male,22,1,50.0,1,< 1 Year,No,32981.0,152.0,41,0
141573,Male,51,1,11.0,0,1-2 Year,No,2630.0,26.0,24,0
84932,Female,27,1,45.0,1,< 1 Year,No,26051.0,152.0,197,0
227596,Female,22,1,2.0,0,< 1 Year,No,35956.0,152.0,262,0
76146,Female,22,1,8.0,0,< 1 Year,Yes,31075.0,152.0,120,0
197798,Male,20,1,8.0,1,< 1 Year,No,36940.0,160.0,236,0
111300,Male,53,1,28.0,0,1-2 Year,Yes,46373.0,124.0,160,0
231870,Female,40,1,33.0,0,1-2 Year,Yes,42463.0,124.0,299,0
100875,Male,47,1,24.0,0,1-2 Year,Yes,25560.0,124.0,236,0
26206,Male,32,1,21.0,1,< 1 Year,No,2630.0,152.0,205,0
166344,Female,47,1,47.0,0,> 2 Years,Yes,18639.0,26.0,31,0
274400,Female,23,1,3.0,1,< 1 Year,No,28571.0,152.0,156,0
41729,Female,23,1,6.0,1,< 1 Year,No,23034.0,152.0,260,0
140695,Female,23,1,18.0,1,< 1 Year,No,26652.0,152.0,15,0
21241,Female,37,1,8.0,0,1-2 Year,Yes,2630.0,160.0,175,0
142161,Female,24,1,28.0,1,< 1 Year,No,34250.0,152.0,123,0
240171,Male,23,1,30.0,1,< 1 Year,No,26102.0,152.0,46,0
169819,Male,55,1,38.0,0,1-2 Year,Yes,31450.0,124.0,190,0
19410,Female,22,1,39.0,0,< 1 Year,Yes,2630.0,152.0,187,0
217579,Male,48,1,8.0,0,1-2 Year,Yes,70110.0,26.0,46,0
307036,Male,43,1,28.0,0,1-2 Year,Yes,43987.0,124.0,166,0
231246,Female,27,1,41.0,1,< 1 Year,No,47451.0,152.0,285,0
271089,Male,61,1,2.0,0,1-2 Year,Yes,30540.0,124.0,283,0
206837,Male,56,1,29.0,0,1-2 Year,Yes,35548.0,26.0,50,0
278801,Male,26,1,28.0,1,< 1 Year,No,2630.0,1.0,291,0
4843,Male,40,1,8.0,1,1-2 Year,No,2630.0,156.0,267,0
16930,Female,25,1,10.0,1,< 1 Year,No,24500.0,152.0,298,0
320963,Female,25,1,46.0,0,< 1 Year,Yes,2630.0,152.0,166,0
362651,Female,75,1,28.0,1,1-2 Year,No,45217.0,16.0,270,0
135896,Male,74,1,46.0,1,1-2 Year,No,2630.0,26.0,15,0
297074,Female,24,1,22.0,0,< 1 Year,Yes,2630.0,152.0,123,0
367878,Female,46,1,28.0,0,1-2 Year,Yes,37458.0,124.0,10,0
199839,Male,40,1,28.0,1,1-2 Year,No,37592.0,124.0,277,0
332139,Male,24,1,14.0,1,< 1 Year,No,29700.0,152.0,22,0
220223,Male,24,1,30.0,1,< 1 Year,No,25976.0,152.0,212,0
372310,Male,22,1,46.0,1,< 1 Year,No,23758.0,160.0,216,0
58462,Female,39,1,28.0,0,1-2 Year,Yes,2630.0,163.0,150,0
82125,Female,24,1,8.0,1,< 1 Year,No,34099.0,152.0,121,0
75382,Male,42,1,48.0,1,1-2 Year,No,2630.0,26.0,133,0
270030,Female,76,1,28.0,0,1-2 Year,Yes,45853.0,122.0,298,0
84622,Female,28,1,48.0,0,1-2 Year,Yes,2630.0,157.0,264,0
292686,Male,75,1,14.0,0,1-2 Year,No,23382.0,124.0,68,0
321454,Female,28,1,3.0,1,< 1 Year,No,49247.0,26.0,169,0
46843,Male,24,1,21.0,1,< 1 Year,No,31752.0,152.0,213,0
370891,Male,59,1,41.0,0,1-2 Year,Yes,48390.0,12.0,48,0
111125,Male,51,1,28.0,1,1-2 Year,No,53539.0,24.0,143,0
76277,Female,23,1,23.0,1,< 1 Year,No,33553.0,26.0,151,0
302696,Male,24,1,13.0,0,< 1 Year,Yes,19813.0,152.0,147,0
200982,Female,22,1,30.0,1,< 1 Year,No,2630.0,156.0,239,0
307680,Female,46,1,28.0,1,1-2 Year,No,43394.0,26.0,92,0
241333,Female,38,1,28.0,0,1-2 Year,Yes,28529.0,26.0,167,0
283864,Male,42,1,28.0,1,1-2 Year,No,32395.0,124.0,96,0
333680,Male,38,1,36.0,0,1-2 Year,No,2630.0,124.0,271,0
119318,Female,40,1,6.0,1,1-2 Year,No,25697.0,124.0,120,0
236150,Male,27,1,6.0,1,< 1 Year,No,33123.0,152.0,106,0
59956,Male,34,1,28.0,0,1-2 Year,Yes,31720.0,122.0,54,0
261489,Female,27,1,28.0,0,1-2 Year,No,21146.0,122.0,220,0
84487,Male,44,1,28.0,0,1-2 Year,Yes,26439.0,124.0,62,0
103136,Male,55,1,8.0,1,1-2 Year,No,41567.0,26.0,75,0
121984,Female,57,1,23.0,0,1-2 Year,No,20026.0,124.0,70,0
137833,Female,29,1,10.0,1,< 1 Year,No,34960.0,152.0,227,0
295718,Female,41,1,28.0,0,1-2 Year,Yes,47594.0,26.0,134,0
127932,Female,22,1,42.0,1,< 1 Year,No,44451.0,152.0,231,0
38865,Female,28,1,41.0,1,< 1 Year,No,58521.0,152.0,55,0
197554,Male,24,1,8.0,1,< 1 Year,No,47282.0,152.0,130,0
94637,Female,50,1,28.0,0,> 2 Years,Yes,57706.0,124.0,266,0
69731,Male,23,1,46.0,1,< 1 Year,No,2630.0,152.0,38,0
152174,Female,22,1,41.0,1,< 1 Year,No,21502.0,152.0,273,0
330621,Female,27,1,33.0,1,< 1 Year,No,31871.0,152.0,203,0
215738,Female,39,1,28.0,0,1-2 Year,Yes,34427.0,124.0,125,0
178611,Male,52,1,8.0,0,1-2 Year,Yes,2630.0,124.0,232,0
11802,Female,25,1,13.0,0,< 1 Year,No,17696.0,152.0,78,0
297234,Female,24,1,21.0,1,< 1 Year,No,25202.0,152.0,72,0
2624,Female,23,1,15.0,1,< 1 Year,No,40207.0,152.0,172,0
18514,Male,54,1,28.0,1,1-2 Year,No,34395.0,26.0,206,0
96591,Female,22,1,48.0,0,< 1 Year,Yes,2630.0,152.0,190,0
251368,Female,68,1,50.0,0,1-2 Year,Yes,47311.0,26.0,198,0
221417,Female,22,1,29.0,1,< 1 Year,No,25925.0,152.0,92,0
348697,Male,36,1,21.0,1,1-2 Year,No,33623.0,26.0,30,0
173787,Male,20,1,6.0,0,< 1 Year,Yes,2630.0,160.0,167,0
76780,Male,26,1,37.0,1,< 1 Year,Yes,2630.0,160.0,134,0
162216,Male,24,1,28.0,0,1-2 Year,Yes,2630.0,124.0,34,0
245740,Female,37,1,28.0,0,1-2 Year,Yes,39766.0,124.0,144,0
350637,Female,39,1,43.0,1,1-2 Year,No,40622.0,26.0,44,0
100120,Female,22,1,2.0,0,1-2 Year,Yes,35163.0,26.0,46,0
115605,Male,28,1,15.0,0,< 1 Year,Yes,42954.0,152.0,196,0
17356,Male,29,1,11.0,1,< 1 Year,No,34981.0,152.0,188,0
330515,Female,73,1,38.0,0,1-2 Year,Yes,37253.0,26.0,12,0
113113,Female,72,1,28.0,0,> 2 Years,Yes,33754.0,124.0,229,0
375024,Male,25,1,47.0,1,< 1 Year,No,33341.0,152.0,272,0
350627,Female,27,1,17.0,1,< 1 Year,No,2630.0,152.0,37,0
155994,Male,65,1,33.0,1,1-2 Year,No,31497.0,26.0,294,0
188215,Female,55,1,28.0,0,> 2 Years,Yes,67927.0,26.0,207,0
304562,Male,28,1,1.0,1,< 1 Year,No,2630.0,152.0,292,0
63052,Male,47,1,28.0,0,1-2 Year,Yes,38029.0,124.0,55,0
49787,Female,21,1,8.0,1,< 1 Year,No,44687.0,152.0,288,0
237427,Male,42,1,11.0,1,1-2 Year,No,32031.0,120.0,236,0
242618,Female,24,1,32.0,1,< 1 Year,No,31686.0,152.0,47,0
49066,Female,67,1,28.0,0,1-2 Year,Yes,30146.0,26.0,159,0
321405,Female,73,1,30.0,1,1-2 Year,No,29750.0,152.0,56,0
149429,Male,45,1,28.0,0,1-2 Year,Yes,28908.0,124.0,138,0
233109,Female,23,1,10.0,1,< 1 Year,No,30709.0,152.0,47,0
86442,Male,38,1,11.0,0,1-2 Year,Yes,33939.0,124.0,257,0
95258,Female,27,1,21.0,1,< 1 Year,No,68275.0,152.0,96,0
120742,Male,35,1,8.0,0,1-2 Year,Yes,44161.0,152.0,68,0
8126,Female,26,1,32.0,1,< 1 Year,No,2630.0,152.0,201,0
189790,Female,23,1,28.0,1,< 1 Year,No,47087.0,152.0,277,0
354804,Male,45,1,28.0,0,1-2 Year,Yes,33785.0,124.0,279,0
10624,Male,29,1,15.0,0,< 1 Year,Yes,2630.0,152.0,29,0
32099,Male,61,1,33.0,0,1-2 Year,Yes,26803.0,124.0,287,0
210261,Male,55,1,3.0,1,1-2 Year,No,27674.0,26.0,49,0
71637,Female,47,1,28.0,1,1-2 Year,No,22152.0,26.0,266,0
250200,Female,72,1,28.0,0,1-2 Year,Yes,31853.0,124.0,251,0
90827,Female,24,1,13.0,1,< 1 Year,No,19495.0,151.0,40,0
334060,Male,40,1,28.0,0,1-2 Year,Yes,43419.0,26.0,279,0
208261,Female,43,1,41.0,0,> 2 Years,Yes,2630.0,157.0,161,0
793,Male,24,1,8.0,0,< 1 Year,No,2630.0,152.0,12,0
70229,Female,28,1,15.0,0,< 1 Year,Yes,34625.0,152.0,75,0
107145,Male,50,1,8.0,0,1-2 Year,Yes,41016.0,124.0,183,0
43895,Female,46,1,36.0,1,1-2 Year,No,26468.0,26.0,91,0
356175,Male,21,1,47.0,0,< 1 Year,Yes,23025.0,152.0,153,0
352130,Male,25,1,4.0,0,1-2 Year,Yes,2630.0,156.0,288,0
22209,Male,26,1,8.0,1,< 1 Year,No,35629.0,152.0,104,0
317572,Male,48,1,38.0,0,1-2 Year,Yes,2630.0,163.0,72,0
252793,Female,69,1,28.0,1,1-2 Year,No,47095.0,146.0,170,0
27061,Female,76,1,12.0,0,1-2 Year,Yes,33027.0,150.0,237,0
353193,Male,26,1,30.0,0,1-2 Year,Yes,29832.0,155.0,26,0
157882,Male,40,1,11.0,0,1-2 Year,Yes,41565.0,163.0,72,0
311722,Female,25,1,30.0,1,< 1 Year,No,31315.0,152.0,98,0
212807,Female,24,1,28.0,1,< 1 Year,Yes,22010.0,152.0,225,0
202191,Female,58,1,50.0,0,1-2 Year,Yes,40714.0,8.0,69,0
185704,Male,25,1,29.0,1,< 1 Year,No,44253.0,152.0,141,0
36065,Female,69,1,46.0,1,1-2 Year,Yes,28980.0,26.0,116,0
319331,Male,48,1,8.0,0,> 2 Years,Yes,38961.0,124.0,269,0
16859,Male,59,1,41.0,1,1-2 Year,Yes,37020.0,106.0,195,0
376844,Female,23,1,15.0,0,< 1 Year,No,29917.0,152.0,94,0
11098,Male,24,1,50.0,0,< 1 Year,Yes,25457.0,152.0,228,0
148626,Female,23,1,29.0,1,< 1 Year,No,27488.0,152.0,130,0
275016,Male,50,1,8.0,0,1-2 Year,Yes,2630.0,26.0,289,0
227277,Male,68,1,28.0,0,1-2 Year,Yes,30922.0,26.0,174,0
116402,Male,72,1,31.0,1,1-2 Year,No,2630.0,124.0,198,0
139223,Male,22,1,30.0,0,< 1 Year,Yes,24076.0,152.0,132,0
68932,Male,23,1,36.0,1,< 1 Year,No,23848.0,152.0,129,0
301862,Female,25,1,28.0,1,< 1 Year,No,70043.0,152.0,55,0
354397,Male,49,1,28.0,0,1-2 Year,Yes,44627.0,124.0,202,0
322376,Female,53,1,28.0,0,1-2 Year,Yes,31678.0,26.0,226,0
331010,Female,28,1,28.0,1,< 1 Year,No,25339.0,152.0,88,0
312793,Female,59,1,28.0,0,1-2 Year,Yes,56422.0,122.0,123,0
47937,Female,52,1,3.0,0,1-2 Year,Yes,34517.0,26.0,102,0
65419,Female,23,1,33.0,1,< 1 Year,No,40202.0,152.0,104,0
364282,Male,52,1,7.0,1,1-2 Year,No,44620.0,26.0,215,0
104179,Male,25,1,8.0,1,< 1 Year,No,30057.0,152.0,91,0
183481,Male,43,1,28.0,0,1-2 Year,Yes,60526.0,55.0,17,0
341525,Male,22,1,21.0,1,< 1 Year,No,32165.0,152.0,270,0
204583,Male,28,1,35.0,1,< 1 Year,Yes,2630.0,160.0,36,0
13530,Female,64,1,28.0,0,1-2 Year,Yes,29592.0,26.0,45,0
170594,Female,45,1,28.0,0,1-2 Year,Yes,2630.0,26.0,250,0
78187,Male,24,1,15.0,0,< 1 Year,Yes,26550.0,152.0,273,0
29379,Male,27,1,36.0,0,< 1 Year,Yes,2630.0,160.0,271,0
278350,Male,27,1,6.0,1,< 1 Year,No,2630.0,151.0,214,0
273754,Female,23,1,8.0,1,< 1 Year,No,53924.0,152.0,14,0
158366,Male,68,1,8.0,0,> 2 Years,Yes,25752.0,26.0,163,0
136844,Female,28,1,18.0,1,< 1 Year,No,38296.0,152.0,298,0
355899,Male,25,1,5.0,1,< 1 Year,No,35070.0,152.0,162,0
303922,Female,25,1,29.0,1,< 1 Year,No,22528.0,152.0,126,0
171712,Female,52,1,28.0,0,1-2 Year,Yes,45396.0,26.0,238,0
259109,Female,42,1,28.0,1,1-2 Year,Yes,35793.0,122.0,161,0
379932,Male,56,1,8.0,0,1-2 Year,Yes,27619.0,7.0,218,0
256624,Male,65,1,18.0,0,1-2 Year,Yes,27907.0,26.0,21,0
149213,Female,24,1,41.0,1,< 1 Year,No,23987.0,152.0,28,0
136663,Female,25,1,32.0,0,< 1 Year,Yes,31915.0,152.0,53,0
219042,Female,34,1,36.0,0,1-2 Year,Yes,2630.0,152.0,242,0
118454,Female,58,1,28.0,0,1-2 Year,Yes,37577.0,122.0,132,0
69450,Female,25,1,41.0,1,< 1 Year,No,24357.0,152.0,163,0
205819,Female,29,1,45.0,0,< 1 Year,Yes,37660.0,154.0,100,0
137787,Female,23,1,30.0,0,< 1 Year,Yes,27271.0,152.0,10,0
309373,Female,21,1,27.0,1,< 1 Year,No,20839.0,160.0,23,0
368768,Male,29,1,31.0,1,< 1 Year,No,2630.0,152.0,234,0
111335,Male,61,1,28.0,0,1-2 Year,Yes,67089.0,55.0,34,0
231813,Male,22,1,15.0,1,< 1 Year,Yes,29956.0,152.0,141,0
356870,Male,46,1,3.0,0,1-2 Year,Yes,34264.0,26.0,34,0
192407,Female,27,1,5.0,1,< 1 Year,No,2630.0,152.0,235,0
307675,Female,45,1,35.0,1,1-2 Year,No,25822.0,152.0,190,0
222522,Male,22,1,28.0,1,1-2 Year,No,27593.0,124.0,96,0
370585,Male,64,1,7.0,1,1-2 Year,No,2630.0,124.0,40,0
331337,Male,21,1,8.0,1,< 1 Year,No,41749.0,152.0,119,0
199627,Male,21,1,50.0,1,< 1 Year,No,30418.0,152.0,23,0
348722,Male,48,1,43.0,0,1-2 Year,Yes,2630.0,26.0,118,0
353420,Male,33,1,28.0,0,< 1 Year,No,28867.0,152.0,242,0
45447,Female,39,1,28.0,1,1-2 Year,No,54542.0,26.0,151,0
350654,Female,22,1,8.0,1,< 1 Year,No,44878.0,160.0,246,0
156451,Male,43,1,28.0,0,1-2 Year,Yes,36223.0,122.0,148,0
289773,Female,61,1,28.0,0,1-2 Year,Yes,2630.0,124.0,293,0
194395,Male,29,1,15.0,1,< 1 Year,No,31345.0,152.0,183,0
344423,Female,25,1,47.0,1,< 1 Year,No,37364.0,26.0,83,0
187781,Male,49,1,28.0,0,1-2 Year,Yes,56621.0,124.0,259,0
300890,Female,76,1,46.0,0,1-2 Year,Yes,33086.0,124.0,162,0
273170,Female,23,1,28.0,1,< 1 Year,No,47344.0,152.0,17,0
378806,Male,25,1,14.0,1,< 1 Year,No,2630.0,26.0,26,0
144363,Female,23,1,28.0,0,1-2 Year,No,29862.0,124.0,194,0
326013,Female,21,1,8.0,1,< 1 Year,No,39042.0,152.0,209,0
260453,Female,23,1,30.0,1,< 1 Year,No,2630.0,160.0,152,0
198098,Female,22,1,29.0,0,< 1 Year,Yes,2630.0,152.0,176,0
4322,Female,43,1,28.0,0,1-2 Year,Yes,46256.0,26.0,97,0
444,Female,25,1,23.0,1,< 1 Year,No,2630.0,152.0,228,0
85867,Female,47,1,46.0,0,> 2 Years,Yes,2630.0,26.0,270,0
53048,Female,24,1,28.0,1,< 1 Year,No,35571.0,152.0,274,0
77583,Male,55,1,52.0,1,1-2 Year,No,38174.0,26.0,61,0
121597,Female,29,1,28.0,1,< 1 Year,No,34212.0,152.0,145,0
44683,Female,28,1,15.0,0,< 1 Year,No,31971.0,152.0,102,0
35006,Female,76,1,46.0,1,1-2 Year,No,38811.0,26.0,94,0
164211,Female,22,1,36.0,0,< 1 Year,Yes,26837.0,152.0,71,0
157722,Female,26,1,29.0,1,< 1 Year,No,15736.0,152.0,61,0
301744,Male,37,1,30.0,0,> 2 Years,Yes,23823.0,157.0,121,0
253050,Male,44,1,28.0,0,1-2 Year,No,36343.0,26.0,217,0
218924,Male,20,1,9.0,1,< 1 Year,No,2630.0,160.0,201,0
292301,Male,37,1,28.0,0,1-2 Year,Yes,42901.0,31.0,280,0
77046,Male,32,1,30.0,1,< 1 Year,No,32624.0,152.0,149,0
187206,Female,22,1,30.0,0,< 1 Year,Yes,26327.0,152.0,192,0
211419,Male,22,1,47.0,1,< 1 Year,Yes,2630.0,163.0,190,0
12,Female,24,1,50.0,1,< 1 Year,No,48699.0,152.0,289,0
183598,Male,42,1,28.0,1,1-2 Year,No,27680.0,26.0,55,0
7885,Female,27,1,28.0,1,< 1 Year,No,24645.0,152.0,16,0
168228,Male,34,1,23.0,0,1-2 Year,Yes,31898.0,26.0,221,0
108927,Female,26,1,36.0,1,< 1 Year,No,38665.0,152.0,51,0
345209,Male,36,1,50.0,0,1-2 Year,Yes,2630.0,156.0,208,0
160311,Female,53,1,28.0,1,1-2 Year,No,39877.0,124.0,273,0
137120,Male,21,1,30.0,1,< 1 Year,No,24019.0,152.0,281,0
120789,Female,23,1,18.0,1,< 1 Year,No,28046.0,152.0,187,0
308548,Female,29,1,46.0,1,< 1 Year,No,27439.0,152.0,277,0
19978,Female,22,1,17.0,0,< 1 Year,Yes,47748.0,160.0,249,0
121697,Female,37,1,28.0,0,1-2 Year,Yes,48569.0,122.0,49,0
354595,Male,32,1,8.0,1,< 1 Year,No,46263.0,152.0,96,0
7848,Male,77,1,28.0,0,1-2 Year,Yes,50291.0,26.0,281,0
48277,Male,59,1,8.0,1,1-2 Year,Yes,35463.0,3.0,219,0
186624,Male,24,1,2.0,0,< 1 Year,Yes,40379.0,152.0,192,0
28185,Male,42,1,8.0,0,1-2 Year,Yes,30610.0,124.0,97,0
284910,Male,46,1,41.0,0,1-2 Year,Yes,30699.0,154.0,84,0
263170,Male,25,1,13.0,1,< 1 Year,No,18223.0,152.0,72,0
22324,Female,34,1,45.0,1,1-2 Year,No,2630.0,29.0,154,0
362812,Male,66,1,29.0,1,1-2 Year,No,23618.0,124.0,113,0
191265,Female,25,1,6.0,1,< 1 Year,No,27080.0,152.0,187,0
83027,Male,38,1,39.0,0,1-2 Year,Yes,2630.0,124.0,274,0
127124,Female,48,1,28.0,0,1-2 Year,Yes,50808.0,26.0,128,0
7427,Female,20,1,8.0,1,< 1 Year,No,41213.0,160.0,124,0
205581,Female,24,1,41.0,1,< 1 Year,No,23806.0,152.0,249,0
201067,Male,21,1,46.0,1,< 1 Year,No,23585.0,160.0,177,0
231355,Male,21,1,36.0,1,< 1 Year,No,33384.0,152.0,225,0
361810,Female,38,1,35.0,0,1-2 Year,Yes,57112.0,124.0,83,0
214160,Male,61,1,28.0,1,1-2 Year,No,48863.0,26.0,119,0
304932,Female,67,1,28.0,1,1-2 Year,No,43167.0,124.0,140,0
48793,Female,21,1,30.0,1,< 1 Year,No,29492.0,160.0,105,0
317743,Female,20,1,41.0,1,< 1 Year,No,25354.0,160.0,80,0
100804,Female,24,1,41.0,1,< 1 Year,No,28832.0,152.0,50,0
316779,Male,23,1,8.0,0,< 1 Year,No,57235.0,152.0,60,0
197402,Male,27,1,33.0,1,< 1 Year,No,33247.0,152.0,59,0
81778,Male,23,1,8.0,1,< 1 Year,No,27672.0,152.0,271,0
42252,Female,27,1,16.0,1,< 1 Year,No,2630.0,152.0,175,0
36719,Male,25,1,35.0,1,< 1 Year,No,26629.0,152.0,249,0
146196,Male,58,1,28.0,0,1-2 Year,Yes,37904.0,26.0,221,0
210009,Female,23,1,29.0,1,< 1 Year,No,29505.0,152.0,271,0
240019,Female,38,1,18.0,0,1-2 Year,Yes,36827.0,124.0,286,0
308092,Male,24,1,41.0,1,< 1 Year,No,36312.0,152.0,243,0
356121,Male,71,1,14.0,0,1-2 Year,Yes,2630.0,156.0,200,0
106762,Female,20,1,37.0,0,< 1 Year,Yes,31430.0,160.0,63,0
352143,Male,42,1,30.0,0,> 2 Years,Yes,25395.0,26.0,21,0
561,Female,23,1,44.0,1,< 1 Year,No,28978.0,152.0,242,0
283443,Female,21,1,3.0,1,< 1 Year,No,17921.0,152.0,162,0
77101,Female,39,1,36.0,1,1-2 Year,No,35111.0,152.0,61,0
261284,Male,27,1,16.0,0,< 1 Year,Yes,32197.0,152.0,166,0
46756,Male,24,1,28.0,1,1-2 Year,No,46721.0,150.0,225,0
291404,Male,77,1,28.0,0,1-2 Year,Yes,39008.0,124.0,206,0
17985,Female,47,1,35.0,0,1-2 Year,Yes,36219.0,152.0,245,0
340827,Male,30,1,29.0,1,< 1 Year,No,2630.0,152.0,49,0
380252,Male,46,1,50.0,1,1-2 Year,No,42942.0,8.0,111,0
255832,Female,23,1,46.0,1,< 1 Year,No,32177.0,160.0,15,0
39655,Female,27,1,8.0,1,< 1 Year,No,30514.0,152.0,63,0
285084,Male,56,1,8.0,0,1-2 Year,Yes,60986.0,26.0,214,0
255216,Male,31,1,36.0,0,1-2 Year,No,26927.0,124.0,46,0
70278,Male,29,1,28.0,0,< 1 Year,Yes,34702.0,163.0,79,0
313173,Female,26,1,33.0,1,< 1 Year,No,2630.0,152.0,102,0
114949,Female,57,1,30.0,0,1-2 Year,Yes,31548.0,152.0,195,0
275640,Female,22,1,13.0,0,< 1 Year,Yes,29011.0,152.0,217,0
2115,Female,59,1,28.0,1,1-2 Year,No,26982.0,26.0,237,0
160468,Male,24,1,46.0,1,< 1 Year,No,22974.0,26.0,251,0
331881,Male,25,1,17.0,1,< 1 Year,Yes,2630.0,152.0,258,0
120254,Male,23,1,29.0,1,< 1 Year,No,44848.0,152.0,155,0
22669,Male,30,1,18.0,0,1-2 Year,Yes,33191.0,124.0,224,0
7498,Female,22,1,15.0,0,< 1 Year,No,28907.0,152.0,275,0
99264,Male,22,1,52.0,1,< 1 Year,No,26037.0,152.0,39,0
3779,Male,49,1,28.0,0,1-2 Year,Yes,46195.0,26.0,157,0
58387,Male,21,1,28.0,1,< 1 Year,No,35515.0,152.0,152,0
275933,Female,44,1,50.0,0,1-2 Year,Yes,31154.0,8.0,158,0
246208,Male,44,1,28.0,0,1-2 Year,Yes,46027.0,61.0,74,0
229602,Female,25,1,28.0,0,< 1 Year,Yes,28633.0,152.0,221,0
344247,Female,28,1,15.0,0,< 1 Year,Yes,2630.0,152.0,261,0
113515,Female,54,1,28.0,0,1-2 Year,Yes,49262.0,124.0,233,0
150359,Female,31,1,14.0,1,< 1 Year,No,29538.0,152.0,17,0
243089,Male,59,1,41.0,1,1-2 Year,No,2630.0,124.0,207,0
113970,Male,43,1,50.0,1,1-2 Year,No,32599.0,26.0,200,0
97297,Male,46,1,46.0,1,1-2 Year,No,2630.0,124.0,290,0
79942,Female,34,1,21.0,1,1-2 Year,No,27539.0,157.0,293,0
258807,Female,57,1,40.0,0,1-2 Year,Yes,27253.0,124.0,288,0
293478,Male,44,1,48.0,0,> 2 Years,Yes,2630.0,124.0,45,0
117598,Female,29,1,28.0,1,1-2 Year,No,47931.0,156.0,52,0
135956,Female,39,1,28.0,0,1-2 Year,Yes,37319.0,124.0,236,0
376656,Female,65,1,28.0,1,1-2 Year,No,36106.0,124.0,286,0
363439,Male,43,1,30.0,1,1-2 Year,No,32169.0,152.0,44,0
193364,Female,23,1,8.0,1,< 1 Year,No,73812.0,152.0,229,0
142671,Female,23,1,8.0,1,< 1 Year,No,50405.0,152.0,278,0
129124,Female,24,1,13.0,1,< 1 Year,No,29190.0,152.0,280,0
234350,Female,69,1,48.0,1,1-2 Year,Yes,2630.0,15.0,265,0
225640,Male,24,1,8.0,1,< 1 Year,No,26553.0,152.0,187,0
214764,Female,73,1,1.0,1,1-2 Year,No,2630.0,124.0,152,0
96949,Male,24,1,7.0,1,< 1 Year,No,28794.0,152.0,170,0
136067,Male,59,1,46.0,1,1-2 Year,No,2630.0,124.0,13,0
255360,Female,41,1,28.0,1,1-2 Year,No,29641.0,124.0,128,0
172961,Male,63,1,28.0,1,1-2 Year,No,45501.0,124.0,114,0
57675,Male,58,1,36.0,1,1-2 Year,No,2630.0,152.0,271,0
359319,Female,29,1,28.0,1,< 1 Year,No,35118.0,26.0,129,0
355815,Male,45,1,36.0,0,1-2 Year,Yes,33862.0,124.0,26,0
28073,Male,20,1,48.0,1,< 1 Year,No,2630.0,160.0,71,0
123811,Male,27,1,41.0,1,< 1 Year,No,38576.0,152.0,248,0
50730,Male,24,1,47.0,1,< 1 Year,No,40240.0,152.0,291,0
29264,Male,39,1,41.0,0,1-2 Year,Yes,46142.0,124.0,124,0
89145,Male,44,1,35.0,1,1-2 Year,No,2630.0,124.0,182,0
344768,Male,40,1,47.0,0,1-2 Year,Yes,28872.0,113.0,53,0
358047,Male,54,1,35.0,0,1-2 Year,Yes,35909.0,10.0,207,0
313157,Female,23,1,8.0,1,< 1 Year,No,32814.0,151.0,21,0
344005,Female,39,1,8.0,1,1-2 Year,No,34966.0,15.0,183,0
364272,Male,55,1,8.0,0,1-2 Year,No,2630.0,26.0,237,0
91167,Female,25,1,15.0,1,< 1 Year,No,28447.0,152.0,62,0
356131,Male,25,1,29.0,0,< 1 Year,No,32853.0,152.0,246,0
80171,Male,26,1,14.0,1,< 1 Year,No,21674.0,152.0,29,0
233734,Female,62,1,28.0,0,1-2 Year,Yes,2630.0,157.0,87,0
185181,Male,43,1,19.0,1,1-2 Year,No,24748.0,26.0,62,0
1312,Male,63,1,28.0,0,1-2 Year,Yes,57914.0,42.0,168,0
43652,Male,41,1,8.0,1,1-2 Year,No,2630.0,25.0,272,0
4484,Male,59,1,0.0,0,1-2 Year,Yes,2630.0,124.0,284,0
192211,Female,41,1,41.0,0,1-2 Year,Yes,26804.0,124.0,147,0
158409,Male,32,1,41.0,1,< 1 Year,No,62195.0,152.0,11,0
220935,Female,65,1,28.0,0,1-2 Year,Yes,39839.0,26.0,249,0
307599,Male,24,1,8.0,1,< 1 Year,No,43027.0,152.0,93,0
349733,Male,22,1,50.0,1,< 1 Year,No,42594.0,152.0,252,0
214297,Female,28,1,46.0,1,< 1 Year,No,38530.0,152.0,67,0
201022,Female,55,1,28.0,0,1-2 Year,Yes,2630.0,122.0,156,0
65357,Male,65,1,28.0,0,1-2 Year,Yes,49795.0,26.0,85,0
98,Female,62,1,28.0,0,> 2 Years,Yes,41892.0,155.0,114,0
253185,Female,27,1,50.0,0,< 1 Year,Yes,36609.0,152.0,69,0
293303,Female,73,1,28.0,0,1-2 Year,Yes,49488.0,124.0,48,0
51165,Female,26,1,15.0,1,< 1 Year,No,23331.0,152.0,296,0
277798,Female,52,1,28.0,0,1-2 Year,Yes,53826.0,124.0,242,0
229612,Female,44,1,28.0,0,1-2 Year,Yes,41749.0,124.0,26,0
371059,Male,43,1,46.0,0,1-2 Year,Yes,2630.0,124.0,44,0
346666,Female,20,1,43.0,1,< 1 Year,No,2630.0,160.0,297,0
135549,Female,35,1,28.0,1,1-2 Year,No,66576.0,122.0,234,0
280029,Male,70,1,11.0,0,1-2 Year,Yes,33526.0,26.0,149,0
373996,Male,47,1,8.0,0,1-2 Year,Yes,35633.0,124.0,92,0
148385,Female,29,1,32.0,1,< 1 Year,No,28178.0,151.0,194,0
68635,Female,25,1,3.0,1,< 1 Year,No,21337.0,152.0,171,0
67774,Female,30,1,45.0,1,< 1 Year,No,27461.0,160.0,286,0
276098,Male,49,1,0.0,1,1-2 Year,No,2630.0,26.0,45,0
379880,Female,24,1,45.0,1,< 1 Year,No,21882.0,152.0,128,0
154922,Male,57,1,28.0,1,1-2 Year,Yes,47565.0,124.0,72,0
32967,Male,43,1,19.0,1,1-2 Year,No,36959.0,26.0,147,0
167703,Male,43,1,28.0,0,1-2 Year,Yes,53086.0,122.0,176,0
129427,Female,27,1,39.0,1,< 1 Year,No,2630.0,152.0,168,0
145672,Female,21,1,47.0,1,< 1 Year,No,38092.0,153.0,247,0
317769,Female,23,1,16.0,1,< 1 Year,No,17805.0,152.0,32,0
350602,Male,79,1,15.0,1,1-2 Year,No,42968.0,14.0,33,0
339603,Male,21,1,25.0,0,< 1 Year,No,30984.0,160.0,62,0
14983,Female,24,1,46.0,1,< 1 Year,No,34101.0,152.0,293,0
324041,Male,42,1,28.0,0,1-2 Year,Yes,38548.0,124.0,49,0
122921,Female,38,1,47.0,1,1-2 Year,Yes,22154.0,124.0,42,0
259231,Female,20,1,8.0,1,< 1 Year,No,40489.0,160.0,298,0
106317,Female,34,1,33.0,0,1-2 Year,Yes,29370.0,152.0,58,0
312676,Male,24,1,13.0,1,< 1 Year,No,23458.0,152.0,210,0
300577,Male,54,1,15.0,0,> 2 Years,Yes,27352.0,26.0,131,0
186262,Male,22,1,15.0,1,< 1 Year,No,83813.0,152.0,108,0
231278,Male,56,1,8.0,1,1-2 Year,No,2630.0,26.0,157,0
372984,Male,45,1,46.0,0,1-2 Year,Yes,37451.0,124.0,219,0
153745,Male,31,1,45.0,1,< 1 Year,No,17810.0,160.0,283,0
175231,Male,44,1,28.0,1,1-2 Year,No,27467.0,29.0,35,0
113907,Male,25,1,29.0,1,< 1 Year,No,38652.0,152.0,225,0
45433,Female,26,1,50.0,1,< 1 Year,No,53136.0,152.0,136,0
10638,Female,41,1,37.0,1,1-2 Year,No,39250.0,154.0,87,0
109258,Female,23,1,50.0,1,< 1 Year,No,34339.0,152.0,189,0
195619,Female,36,1,12.0,0,1-2 Year,Yes,19266.0,4.0,281,0
154995,Female,23,1,46.0,1,< 1 Year,No,29056.0,152.0,227,0
147070,Female,22,1,29.0,1,< 1 Year,No,32986.0,152.0,190,0
41893,Male,22,1,41.0,0,< 1 Year,Yes,40400.0,152.0,68,0
283420,Female,29,1,50.0,0,< 1 Year,Yes,33833.0,152.0,84,0
245972,Male,76,1,28.0,1,1-2 Year,No,42966.0,61.0,13,0
318309,Male,23,1,28.0,0,< 1 Year,Yes,52664.0,152.0,131,0
357725,Female,48,1,28.0,1,1-2 Year,No,40842.0,124.0,17,0
351633,Male,36,1,12.0,0,1-2 Year,Yes,2630.0,26.0,96,0
223159,Male,21,1,30.0,0,< 1 Year,Yes,40454.0,152.0,203,0
289271,Male,24,1,30.0,1,< 1 Year,No,27080.0,152.0,130,0
120785,Female,25,1,6.0,1,< 1 Year,No,24667.0,152.0,48,0
141796,Female,70,1,28.0,0,1-2 Year,Yes,49163.0,124.0,237,0
313054,Male,65,1,50.0,1,1-2 Year,No,2630.0,18.0,186,0
44428,Female,37,1,28.0,0,1-2 Year,Yes,29796.0,124.0,13,0
32498,Male,27,1,30.0,1,< 1 Year,No,27197.0,152.0,97,0
266875,Male,22,1,35.0,1,< 1 Year,No,34928.0,160.0,256,0
359645,Male,37,1,38.0,0,1-2 Year,Yes,2630.0,156.0,153,0
218317,Female,59,1,50.0,1,1-2 Year,No,48788.0,124.0,32,0
314424,Female,23,1,36.0,0,< 1 Year,Yes,29796.0,152.0,215,0
368228,Male,66,1,28.0,1,1-2 Year,No,37135.0,122.0,61,0
13756,Male,27,1,18.0,0,< 1 Year,No,24888.0,124.0,255,0
346622,Male,25,1,15.0,1,< 1 Year,No,23302.0,152.0,56,0
31947,Male,79,1,28.0,1,1-2 Year,No,30536.0,122.0,173,0
223611,Male,27,1,11.0,1,< 1 Year,No,22415.0,152.0,245,0
355611,Female,22,1,50.0,1,< 1 Year,No,29208.0,152.0,186,0
51488,Male,43,1,41.0,0,1-2 Year,Yes,2630.0,26.0,90,0
299311,Male,25,1,8.0,1,< 1 Year,No,30065.0,152.0,92,0
249436,Female,32,1,21.0,1,< 1 Year,No,26141.0,152.0,84,0
81718,Female,32,1,35.0,0,1-2 Year,Yes,37646.0,124.0,206,0
152831,Female,29,1,46.0,1,< 1 Year,No,28383.0,152.0,207,0
92775,Male,54,1,28.0,0,1-2 Year,Yes,37524.0,122.0,227,0
13982,Male,55,1,46.0,0,> 2 Years,Yes,29077.0,26.0,293,0
20891,Female,22,1,36.0,0,< 1 Year,Yes,35977.0,152.0,87,0
226650,Male,64,1,28.0,0,1-2 Year,Yes,38510.0,61.0,146,0
306820,Male,55,1,33.0,0,1-2 Year,Yes,32598.0,26.0,77,0
49493,Female,20,1,46.0,0,< 1 Year,No,50792.0,160.0,231,0
159797,Male,63,1,28.0,1,1-2 Year,No,2630.0,125.0,220,0
163615,Female,52,1,11.0,1,1-2 Year,No,30561.0,26.0,20,0
236182,Male,25,1,28.0,1,< 1 Year,No,33633.0,151.0,299,0
130309,Male,42,1,18.0,1,1-2 Year,No,26663.0,124.0,46,0
53658,Male,33,1,28.0,0,1-2 Year,Yes,41005.0,156.0,168,0
251738,Male,50,1,8.0,1,1-2 Year,No,34794.0,26.0,70,0
169953,Male,23,1,33.0,1,< 1 Year,Yes,31641.0,152.0,73,0
372128,Male,61,1,39.0,0,> 2 Years,Yes,2630.0,124.0,101,0
234574,Male,39,1,33.0,1,1-2 Year,No,34193.0,26.0,89,0
224893,Male,56,1,35.0,0,1-2 Year,Yes,84915.0,26.0,13,0
281557,Male,44,1,28.0,0,1-2 Year,No,2630.0,30.0,197,0
174383,Female,52,1,46.0,0,> 2 Years,Yes,31627.0,124.0,272,0
96584,Female,49,1,38.0,1,1-2 Year,No,24818.0,124.0,147,0
130270,Male,78,1,28.0,1,1-2 Year,No,29922.0,26.0,264,0
294794,Male,39,1,12.0,0,1-2 Year,No,21299.0,124.0,272,0
112541,Male,20,1,10.0,0,< 1 Year,Yes,46432.0,160.0,159,0
171237,Female,26,1,49.0,0,< 1 Year,Yes,32731.0,26.0,20,0
97405,Male,43,1,28.0,0,1-2 Year,Yes,41835.0,124.0,86,0
37528,Female,70,1,33.0,1,1-2 Year,No,2630.0,160.0,111,0
133136,Female,41,1,28.0,0,1-2 Year,Yes,38589.0,124.0,103,0
379158,Female,22,1,37.0,1,< 1 Year,No,30499.0,152.0,92,0
342112,Female,64,1,28.0,1,1-2 Year,No,34438.0,26.0,60,0
30566,Male,24,1,3.0,1,< 1 Year,No,17593.0,152.0,36,0
135719,Male,40,1,28.0,0,> 2 Years,Yes,45719.0,52.0,288,0
194755,Female,42,1,8.0,1,1-2 Year,No,25878.0,124.0,277,0
268722,Female,38,1,36.0,0,1-2 Year,Yes,2630.0,160.0,146,0
305848,Female,21,1,26.0,0,< 1 Year,Yes,30812.0,160.0,265,0
144435,Female,46,1,28.0,0,1-2 Year,Yes,27418.0,26.0,278,0
51671,Female,39,1,29.0,1,1-2 Year,No,26624.0,124.0,51,0
11816,Female,59,1,50.0,0,1-2 Year,Yes,38403.0,154.0,274,0
364603,Male,45,1,28.0,0,1-2 Year,Yes,31129.0,26.0,176,0
241019,Male,44,1,28.0,1,1-2 Year,No,38450.0,124.0,45,0
330043,Female,23,1,11.0,1,< 1 Year,No,31222.0,152.0,285,0
315593,Female,37,1,36.0,0,1-2 Year,Yes,2630.0,152.0,152,0
2890,Male,43,1,46.0,0,1-2 Year,Yes,18719.0,124.0,124,0
271568,Female,23,1,8.0,0,< 1 Year,No,32946.0,151.0,217,0
254111,Female,70,1,28.0,1,1-2 Year,Yes,33402.0,124.0,51,0
111532,Male,44,1,15.0,1,1-2 Year,No,44856.0,124.0,183,0
289457,Male,46,1,3.0,1,1-2 Year,No,2630.0,124.0,151,0
356102,Male,41,1,46.0,1,1-2 Year,No,34426.0,124.0,113,0
369373,Female,22,1,15.0,1,< 1 Year,No,24418.0,160.0,131,0
275825,Female,53,1,28.0,0,1-2 Year,Yes,43701.0,26.0,34,0
332411,Female,25,1,10.0,1,< 1 Year,No,23531.0,152.0,41,0
296702,Female,26,1,15.0,1,< 1 Year,Yes,2630.0,160.0,131,0
69863,Male,37,1,28.0,0,1-2 Year,Yes,34676.0,26.0,124,0
7962,Female,60,1,28.0,0,1-2 Year,Yes,51208.0,13.0,227,0
172923,Female,41,1,1.0,0,1-2 Year,No,2630.0,26.0,259,0
220045,Female,24,1,27.0,1,< 1 Year,No,23805.0,152.0,109,0
301564,Female,25,1,29.0,1,< 1 Year,No,38191.0,152.0,285,0
320614,Female,20,1,46.0,1,< 1 Year,No,35246.0,160.0,161,0
142996,Female,24,1,41.0,1,< 1 Year,No,38934.0,152.0,213,0
4275,Female,36,1,38.0,0,1-2 Year,Yes,2630.0,124.0,258,0
75953,Male,21,1,8.0,1,< 1 Year,No,35410.0,160.0,92,0
38740,Male,38,1,28.0,1,1-2 Year,Yes,2630.0,156.0,120,0
136149,Female,22,1,17.0,0,< 1 Year,Yes,39007.0,152.0,228,0
349749,Female,30,1,28.0,0,< 1 Year,Yes,2630.0,152.0,269,0
329150,Male,41,1,46.0,0,1-2 Year,No,38126.0,124.0,265,0
207051,Male,49,1,41.0,0,1-2 Year,Yes,2630.0,156.0,260,0
115244,Male,61,1,46.0,0,1-2 Year,Yes,40158.0,26.0,56,0
28478,Female,41,1,3.0,1,1-2 Year,No,2630.0,124.0,217,0
251211,Male,43,1,5.0,1,1-2 Year,No,29455.0,124.0,242,0
183575,Female,23,1,29.0,1,< 1 Year,No,29966.0,152.0,123,0
312406,Female,58,1,41.0,1,1-2 Year,No,36246.0,109.0,154,0
83519,Female,25,1,28.0,0,< 1 Year,Yes,44436.0,152.0,163,0
338259,Male,42,1,7.0,0,> 2 Years,Yes,66850.0,26.0,163,0
287274,Male,50,1,36.0,0,1-2 Year,Yes,33683.0,14.0,121,0
309154,Female,40,1,28.0,1,1-2 Year,No,2630.0,124.0,54,0
178188,Male,21,1,13.0,1,< 1 Year,No,38959.0,160.0,131,0
6969,Female,23,1,30.0,1,< 1 Year,No,20721.0,152.0,201,0
343252,Male,58,1,28.0,0,1-2 Year,Yes,59796.0,124.0,11,0
92202,Female,23,1,37.0,0,< 1 Year,No,29292.0,152.0,90,0
381075,Female,36,1,3.0,1,1-2 Year,No,21113.0,152.0,248,0
355576,Female,62,1,35.0,0,1-2 Year,Yes,33311.0,124.0,269,0
360218,Male,53,1,28.0,0,1-2 Year,Yes,34143.0,124.0,225,0
216975,Male,27,1,3.0,1,< 1 Year,No,77251.0,152.0,194,0
236601,Male,48,1,8.0,0,1-2 Year,Yes,37343.0,25.0,159,0
309244,Male,47,1,46.0,1,1-2 Year,No,29239.0,122.0,97,0
356718,Male,50,1,28.0,0,1-2 Year,Yes,52602.0,26.0,188,0
350137,Female,21,1,8.0,0,< 1 Year,Yes,40902.0,152.0,213,0
307390,Female,39,1,3.0,1,1-2 Year,No,2630.0,124.0,234,0
238759,Male,55,1,21.0,0,1-2 Year,Yes,32883.0,124.0,281,0
31158,Male,51,1,38.0,0,> 2 Years,Yes,37017.0,124.0,16,0
327919,Female,22,1,29.0,1,< 1 Year,No,25390.0,152.0,226,0
8101,Male,50,1,13.0,0,1-2 Year,No,22263.0,26.0,172,0
162663,Female,36,1,28.0,1,1-2 Year,No,2630.0,154.0,202,0
128807,Male,22,1,9.0,0,< 1 Year,Yes,18061.0,152.0,189,0
56540,Male,68,1,31.0,1,1-2 Year,No,2630.0,124.0,38,0
9164,Male,22,1,47.0,1,< 1 Year,No,39743.0,152.0,63,0
111465,Female,65,1,3.0,0,1-2 Year,Yes,26186.0,124.0,157,0
9194,Female,25,1,3.0,1,< 1 Year,No,20740.0,152.0,156,0
120693,Female,28,1,41.0,1,< 1 Year,No,43357.0,152.0,199,0
295115,Female,21,1,4.0,0,< 1 Year,Yes,29937.0,152.0,100,0
152241,Male,38,1,11.0,0,1-2 Year,Yes,29592.0,124.0,175,0
168881,Female,74,1,28.0,1,1-2 Year,No,39450.0,122.0,125,0
197605,Female,22,1,46.0,1,< 1 Year,No,40450.0,152.0,295,0
80076,Male,66,1,28.0,0,> 2 Years,Yes,55274.0,26.0,103,0
100085,Female,23,1,41.0,1,< 1 Year,No,100278.0,160.0,85,0
247795,Female,26,1,50.0,1,< 1 Year,No,32143.0,152.0,271,0
314290,Male,41,1,11.0,0,1-2 Year,Yes,2630.0,124.0,128,0
87912,Female,25,1,8.0,1,< 1 Year,No,35256.0,152.0,161,0
215980,Female,62,1,28.0,0,> 2 Years,Yes,35791.0,124.0,119,0
164641,Female,26,1,46.0,1,< 1 Year,No,36474.0,152.0,211,0
50102,Female,23,1,8.0,1,< 1 Year,No,30598.0,152.0,146,0
2093,Female,22,1,28.0,0,< 1 Year,Yes,44091.0,152.0,20,0
248555,Female,22,1,28.0,1,< 1 Year,No,44330.0,152.0,103,0
229894,Female,49,1,28.0,1,1-2 Year,No,33211.0,55.0,218,0
61762,Female,23,1,21.0,1,< 1 Year,No,19973.0,152.0,142,0
119300,Female,27,1,2.0,0,< 1 Year,Yes,34068.0,160.0,274,0
351000,Male,23,1,50.0,0,< 1 Year,Yes,31481.0,152.0,164,0
92817,Male,50,1,29.0,0,< 1 Year,No,2630.0,1.0,65,0
117949,Female,26,1,46.0,1,< 1 Year,No,22819.0,152.0,197,0
251531,Female,28,1,17.0,0,1-2 Year,Yes,2630.0,156.0,12,0
62384,Female,24,1,21.0,1,< 1 Year,No,27149.0,152.0,128,0
340484,Female,30,1,2.0,0,1-2 Year,Yes,37714.0,157.0,289,0
57757,Female,27,1,6.0,1,< 1 Year,No,37427.0,152.0,113,0
295092,Male,45,1,26.0,1,1-2 Year,No,36483.0,120.0,70,0
259191,Female,22,1,2.0,1,< 1 Year,No,20217.0,152.0,130,0
310253,Female,55,1,29.0,0,1-2 Year,Yes,2630.0,124.0,52,0
280340,Female,31,1,8.0,0,< 1 Year,Yes,46300.0,124.0,96,0
199657,Male,52,1,18.0,0,1-2 Year,Yes,39468.0,163.0,176,0
8328,Female,53,1,41.0,1,1-2 Year,No,52481.0,160.0,10,0
266180,Male,23,1,30.0,1,< 1 Year,No,31578.0,152.0,159,0
131229,Female,40,1,28.0,0,1-2 Year,Yes,51108.0,124.0,114,0
88650,Female,63,1,28.0,0,1-2 Year,Yes,50884.0,124.0,268,0
27714,Male,22,1,11.0,1,< 1 Year,No,23746.0,152.0,138,0
93478,Male,28,1,12.0,1,< 1 Year,No,2630.0,26.0,90,0
234662,Male,25,1,36.0,1,< 1 Year,No,25443.0,152.0,126,0
307148,Female,23,1,41.0,1,< 1 Year,No,24615.0,152.0,59,0
179387,Female,53,1,18.0,0,1-2 Year,Yes,28734.0,26.0,279,0
265039,Female,40,1,50.0,0,1-2 Year,Yes,28733.0,156.0,202,0
86500,Male,23,1,29.0,0,< 1 Year,Yes,36556.0,124.0,44,0
130158,Male,61,1,28.0,1,1-2 Year,Yes,46260.0,26.0,136,0
101207,Female,26,1,28.0,1,< 1 Year,No,48309.0,152.0,11,0
197308,Female,24,1,47.0,0,< 1 Year,Yes,33643.0,152.0,49,0
327274,Male,49,1,50.0,0,1-2 Year,Yes,2630.0,26.0,15,0
93548,Male,39,1,11.0,0,1-2 Year,Yes,2630.0,124.0,160,0
267512,Female,51,1,41.0,0,1-2 Year,Yes,28197.0,122.0,44,0
380538,Male,57,0,28.0,0,1-2 Year,Yes,48647.0,122.0,144,0
156927,Male,53,1,28.0,0,> 2 Years,Yes,54639.0,124.0,165,0
122435,Female,42,1,28.0,0,1-2 Year,Yes,34560.0,26.0,68,0
230858,Female,23,1,41.0,0,< 1 Year,Yes,30958.0,152.0,157,0
274442,Male,20,1,25.0,1,< 1 Year,No,20857.0,160.0,95,0
71285,Female,38,1,7.0,0,1-2 Year,Yes,46265.0,26.0,189,0
45828,Female,37,1,28.0,0,1-2 Year,No,31252.0,52.0,279,0
169160,Female,22,1,41.0,1,< 1 Year,No,31858.0,152.0,284,0
310409,Male,64,1,20.0,0,1-2 Year,Yes,2630.0,26.0,101,0
257268,Female,21,1,11.0,0,< 1 Year,Yes,37241.0,152.0,57,0
320473,Male,36,1,11.0,0,1-2 Year,Yes,2630.0,163.0,147,0
157825,Male,24,1,8.0,1,< 1 Year,No,37918.0,152.0,132,0
86917,Female,20,1,47.0,1,< 1 Year,No,28373.0,160.0,272,0
4839,Male,28,1,29.0,0,< 1 Year,Yes,34245.0,152.0,229,0
128932,Male,24,1,11.0,1,< 1 Year,No,28233.0,152.0,168,0
90178,Female,23,1,28.0,0,< 1 Year,Yes,47570.0,26.0,106,0
117697,Male,51,1,28.0,0,> 2 Years,Yes,44481.0,26.0,74,0
36723,Male,21,1,3.0,0,1-2 Year,Yes,31223.0,156.0,93,0
61424,Male,50,1,28.0,1,1-2 Year,No,43279.0,124.0,68,0
216454,Female,23,1,50.0,1,< 1 Year,No,16657.0,152.0,256,0
229912,Male,49,1,23.0,0,1-2 Year,No,42878.0,124.0,234,0
17295,Female,23,1,21.0,1,< 1 Year,No,17024.0,151.0,282,0
66612,Female,43,1,28.0,0,1-2 Year,Yes,53960.0,26.0,158,0
142172,Male,20,1,8.0,0,< 1 Year,Yes,27228.0,160.0,248,0
195837,Female,23,1,9.0,1,< 1 Year,No,24536.0,152.0,85,0
240518,Male,25,1,41.0,1,< 1 Year,No,66159.0,152.0,278,0
93578,Female,33,1,11.0,1,< 1 Year,No,31169.0,152.0,248,0
39727,Female,33,1,25.0,1,< 1 Year,No,2630.0,152.0,205,0
35020,Male,50,1,8.0,0,1-2 Year,No,32341.0,124.0,111,0
181421,Male,61,1,21.0,0,> 2 Years,Yes,2630.0,26.0,173,0
31577,Male,43,1,28.0,1,1-2 Year,No,61988.0,124.0,196,0
159607,Male,36,1,28.0,1,1-2 Year,No,65394.0,26.0,81,0
64452,Female,22,1,33.0,1,< 1 Year,No,27329.0,152.0,26,0
95991,Female,37,1,28.0,0,1-2 Year,Yes,32011.0,125.0,137,0
146365,Male,23,1,49.0,0,1-2 Year,Yes,2630.0,156.0,73,0
351094,Male,59,1,50.0,0,> 2 Years,Yes,2630.0,124.0,102,0
172624,Male,42,1,37.0,0,1-2 Year,Yes,33140.0,26.0,60,0
298880,Female,25,1,18.0,1,< 1 Year,No,20742.0,152.0,297,0
104432,Female,47,1,28.0,0,1-2 Year,Yes,48254.0,26.0,272,0
371041,Male,47,1,28.0,1,1-2 Year,No,37361.0,124.0,290,0
55123,Male,24,1,28.0,0,< 1 Year,Yes,51939.0,153.0,153,0
362736,Female,20,1,9.0,1,< 1 Year,No,29230.0,160.0,194,0
346171,Female,27,1,6.0,1,< 1 Year,No,24648.0,152.0,212,0
348520,Male,24,1,29.0,1,< 1 Year,No,27536.0,152.0,204,0
122439,Female,21,1,17.0,1,< 1 Year,No,35330.0,152.0,42,0
40911,Male,49,1,11.0,0,1-2 Year,No,26163.0,124.0,95,0
676,Female,48,1,28.0,1,1-2 Year,No,45148.0,124.0,240,0
44928,Male,23,1,47.0,0,< 1 Year,Yes,43707.0,152.0,129,0
300347,Female,30,1,36.0,1,< 1 Year,No,25382.0,152.0,279,0
240419,Female,71,1,15.0,0,1-2 Year,No,35238.0,124.0,100,0
54501,Male,51,1,46.0,1,1-2 Year,No,57971.0,120.0,103,0
315465,Male,60,1,41.0,1,1-2 Year,No,36913.0,152.0,40,0
355002,Male,22,1,38.0,1,< 1 Year,No,2630.0,152.0,97,0
124019,Male,44,1,8.0,0,1-2 Year,No,54997.0,26.0,265,0
374856,Female,24,1,18.0,1,< 1 Year,No,40085.0,152.0,148,0
294879,Male,70,1,11.0,0,1-2 Year,Yes,42890.0,26.0,280,0
378834,Female,63,1,3.0,1,1-2 Year,No,26955.0,26.0,60,0
224577,Male,66,1,8.0,0,1-2 Year,Yes,37909.0,26.0,86,0
209555,Female,22,1,32.0,0,< 1 Year,Yes,22803.0,152.0,274,0
371930,Female,25,1,11.0,1,< 1 Year,No,28671.0,152.0,136,0
2510,Female,22,1,30.0,0,< 1 Year,Yes,2630.0,152.0,64,0
65328,Female,73,1,28.0,1,1-2 Year,No,49445.0,124.0,226,0
92841,Male,55,1,8.0,0,1-2 Year,Yes,39950.0,154.0,140,0
52184,Female,27,1,28.0,1,1-2 Year,Yes,2630.0,157.0,31,0
38564,Male,23,1,8.0,0,< 1 Year,Yes,38738.0,152.0,198,0
370649,Female,23,1,28.0,1,< 1 Year,No,41271.0,152.0,79,0
373213,Male,64,1,28.0,0,> 2 Years,Yes,41196.0,155.0,220,0
56268,Male,53,1,39.0,0,1-2 Year,Yes,2630.0,124.0,43,0
110558,Male,23,1,8.0,1,< 1 Year,No,120595.0,152.0,267,0
154521,Female,44,1,28.0,1,1-2 Year,No,35707.0,124.0,269,0
50985,Female,24,1,27.0,1,< 1 Year,No,39869.0,152.0,95,0
24257,Female,22,1,10.0,0,< 1 Year,Yes,32861.0,152.0,167,0
308380,Female,47,1,7.0,0,1-2 Year,Yes,37119.0,124.0,45,0
182843,Female,29,1,35.0,1,< 1 Year,No,21483.0,152.0,27,0
312910,Male,72,1,28.0,1,1-2 Year,No,46365.0,13.0,134,0
76157,Female,46,1,28.0,1,1-2 Year,No,58379.0,52.0,18,0
50445,Male,43,1,0.0,0,1-2 Year,Yes,2630.0,55.0,231,0
308434,Female,24,1,45.0,1,< 1 Year,No,25174.0,152.0,86,0
113201,Male,31,1,8.0,0,< 1 Year,Yes,30744.0,124.0,127,0
17640,Female,72,1,43.0,0,1-2 Year,Yes,35003.0,26.0,19,0
63715,Female,47,1,28.0,1,1-2 Year,No,34151.0,26.0,179,0
368413,Female,69,1,28.0,1,1-2 Year,Yes,34735.0,26.0,262,0
47029,Male,22,1,41.0,1,< 1 Year,No,53909.0,152.0,99,0
278744,Male,55,1,28.0,0,1-2 Year,Yes,42555.0,124.0,296,0
345142,Male,25,1,32.0,1,< 1 Year,No,32326.0,152.0,33,0
156851,Female,27,1,29.0,1,< 1 Year,No,26127.0,152.0,288,0
65039,Male,26,1,16.0,1,< 1 Year,No,26972.0,152.0,62,0
195449,Male,48,1,8.0,0,1-2 Year,Yes,43237.0,154.0,95,0
328010,Male,59,1,7.0,1,1-2 Year,No,46958.0,26.0,198,0
316660,Female,23,1,43.0,1,< 1 Year,No,36311.0,26.0,268,0
36053,Male,21,1,35.0,0,< 1 Year,No,31881.0,160.0,162,0
19397,Male,58,1,46.0,1,1-2 Year,No,32144.0,26.0,17,0
297095,Female,25,1,36.0,1,< 1 Year,No,33664.0,152.0,117,0
310435,Male,63,1,28.0,0,1-2 Year,Yes,42120.0,122.0,276,0
63911,Female,21,1,50.0,0,< 1 Year,No,27735.0,160.0,76,0
178274,Female,30,1,47.0,0,< 1 Year,No,27433.0,152.0,46,0
358997,Male,23,1,8.0,1,< 1 Year,No,59377.0,152.0,263,0
173509,Female,40,1,28.0,0,1-2 Year,Yes,42711.0,13.0,22,0
237203,Male,47,1,28.0,0,1-2 Year,Yes,34954.0,124.0,245,0
86461,Male,57,1,7.0,1,1-2 Year,No,2630.0,124.0,106,0
50278,Male,50,1,28.0,0,1-2 Year,Yes,32622.0,122.0,291,0
332777,Female,48,1,11.0,1,1-2 Year,No,2630.0,26.0,205,0
88341,Male,22,1,3.0,1,< 1 Year,No,26138.0,152.0,210,0
309430,Male,30,1,28.0,0,1-2 Year,Yes,97510.0,157.0,114,0
13137,Female,24,1,27.0,0,< 1 Year,No,31601.0,152.0,86,0
121118,Male,59,1,3.0,0,1-2 Year,Yes,2630.0,157.0,216,0
31050,Male,25,1,10.0,1,< 1 Year,No,29417.0,152.0,232,0
155866,Female,50,1,30.0,1,1-2 Year,No,22790.0,152.0,183,0
199371,Male,21,1,37.0,0,< 1 Year,Yes,21776.0,160.0,61,0
380418,Female,63,1,29.0,1,1-2 Year,No,22756.0,124.0,236,0
11246,Male,28,1,8.0,0,< 1 Year,Yes,2630.0,160.0,237,0
211297,Male,48,1,36.0,0,1-2 Year,Yes,46615.0,26.0,295,0
334566,Male,24,1,39.0,1,< 1 Year,No,37527.0,152.0,67,0
123233,Female,41,1,31.0,0,1-2 Year,Yes,2630.0,26.0,105,0
347407,Female,45,1,28.0,0,1-2 Year,Yes,2630.0,124.0,144,0
120267,Male,24,1,15.0,0,< 1 Year,No,33425.0,152.0,148,0
69223,Male,27,1,46.0,1,< 1 Year,No,28324.0,152.0,209,0
281878,Male,35,1,28.0,0,1-2 Year,Yes,45134.0,122.0,298,0
181283,Male,30,1,50.0,0,1-2 Year,Yes,27650.0,8.0,119,0
203125,Male,71,1,28.0,1,1-2 Year,No,29459.0,124.0,228,0
143279,Female,24,1,13.0,1,< 1 Year,No,29110.0,152.0,203,0
337430,Female,24,1,34.0,1,< 1 Year,No,30658.0,152.0,83,0
202125,Female,22,1,50.0,0,< 1 Year,Yes,35577.0,152.0,197,0
70649,Male,35,1,3.0,1,1-2 Year,No,24446.0,124.0,166,0
6611,Male,40,1,28.0,0,1-2 Year,Yes,35058.0,124.0,167,0
234840,Male,45,1,8.0,0,1-2 Year,Yes,35549.0,124.0,141,0
176054,Female,25,1,46.0,1,< 1 Year,No,25818.0,152.0,75,0
147692,Female,22,1,8.0,0,< 1 Year,Yes,67817.0,152.0,157,0
378702,Male,23,1,11.0,0,< 1 Year,Yes,2630.0,152.0,281,0
374165,Male,52,1,28.0,0,> 2 Years,Yes,44663.0,124.0,139,0
130942,Female,22,1,12.0,1,< 1 Year,No,26745.0,160.0,153,0
174579,Male,27,1,28.0,1,< 1 Year,No,39552.0,152.0,228,0
245187,Female,44,1,8.0,0,1-2 Year,Yes,37134.0,7.0,59,0
275293,Male,69,1,23.0,0,1-2 Year,Yes,33446.0,26.0,206,0
318098,Female,27,1,11.0,1,< 1 Year,No,53655.0,152.0,213,0
179982,Male,59,1,30.0,1,1-2 Year,No,26720.0,26.0,235,0
77915,Female,46,1,28.0,1,1-2 Year,Yes,43625.0,26.0,245,0
371262,Female,36,1,18.0,0,1-2 Year,Yes,33508.0,156.0,228,0
138548,Female,21,1,41.0,1,< 1 Year,No,42990.0,152.0,34,0
117162,Female,33,1,11.0,1,< 1 Year,No,32777.0,152.0,276,0
202893,Female,26,1,10.0,1,< 1 Year,No,24569.0,152.0,180,0
29239,Female,20,1,13.0,1,< 1 Year,No,26459.0,160.0,222,0
49121,Female,23,1,6.0,1,< 1 Year,No,20634.0,152.0,59,0
98098,Male,41,1,37.0,0,1-2 Year,Yes,2630.0,156.0,187,0
188334,Male,50,1,28.0,0,1-2 Year,Yes,31625.0,26.0,41,0
167946,Female,33,1,28.0,0,1-2 Year,Yes,41677.0,154.0,83,0
162975,Male,45,1,28.0,1,1-2 Year,No,35430.0,124.0,90,0
202385,Male,67,1,28.0,0,> 2 Years,Yes,34005.0,124.0,221,0
253936,Female,62,1,20.0,1,1-2 Year,No,2630.0,26.0,283,0
366926,Male,42,1,29.0,0,1-2 Year,Yes,33387.0,124.0,27,0
219872,Female,69,1,28.0,0,1-2 Year,Yes,37539.0,124.0,102,0
306972,Male,60,1,28.0,0,1-2 Year,Yes,42538.0,124.0,133,0
367162,Female,68,1,28.0,0,1-2 Year,Yes,47655.0,122.0,253,0
156383,Male,49,1,47.0,1,1-2 Year,Yes,24524.0,124.0,161,0
128632,Male,29,1,28.0,1,< 1 Year,No,30911.0,152.0,46,0
55367,Male,60,1,28.0,1,1-2 Year,No,51888.0,124.0,92,0
59277,Female,37,1,28.0,0,1-2 Year,No,33743.0,26.0,49,0
194634,Male,52,1,28.0,0,1-2 Year,Yes,39237.0,26.0,167,0
95884,Female,51,1,28.0,0,1-2 Year,Yes,2630.0,124.0,148,0
367045,Male,58,1,11.0,0,1-2 Year,Yes,26312.0,124.0,246,0
315076,Female,25,1,28.0,1,< 1 Year,No,2630.0,152.0,71,0
244138,Male,22,1,30.0,1,< 1 Year,No,23096.0,152.0,67,0
305482,Male,62,1,41.0,1,1-2 Year,No,28125.0,124.0,72,0
155244,Female,43,1,28.0,0,1-2 Year,Yes,30303.0,26.0,270,0
130172,Male,60,1,8.0,1,1-2 Year,No,40873.0,124.0,276,0
50881,Male,80,1,11.0,0,1-2 Year,Yes,29394.0,124.0,298,0
168700,Male,22,1,47.0,0,< 1 Year,Yes,38644.0,152.0,99,0
66463,Female,24,1,30.0,1,< 1 Year,No,2630.0,152.0,161,0
152806,Male,58,1,28.0,0,> 2 Years,Yes,58857.0,26.0,103,0
223585,Female,53,1,0.0,0,1-2 Year,Yes,2630.0,122.0,292,0
245449,Male,22,1,47.0,0,< 1 Year,Yes,39533.0,152.0,15,0
353545,Female,70,1,28.0,1,1-2 Year,No,97068.0,26.0,217,0
256983,Female,24,1,2.0,1,< 1 Year,No,18846.0,152.0,256,0
366946,Male,48,1,28.0,0,> 2 Years,Yes,73950.0,26.0,223,0
6109,Male,28,1,30.0,1,< 1 Year,No,21902.0,152.0,93,0
1358,Female,21,1,39.0,0,< 1 Year,Yes,29923.0,152.0,259,0
41591,Male,28,1,30.0,1,< 1 Year,No,41836.0,152.0,256,0
72730,Female,24,1,39.0,1,< 1 Year,No,2630.0,152.0,226,0
119351,Male,23,1,29.0,1,< 1 Year,No,39701.0,152.0,172,0
218005,Female,50,1,46.0,0,1-2 Year,Yes,35636.0,154.0,75,0
374978,Male,70,1,28.0,0,> 2 Years,Yes,2630.0,26.0,113,0
263617,Male,56,1,48.0,1,1-2 Year,No,2630.0,26.0,180,0
245392,Male,30,1,45.0,1,< 1 Year,No,25068.0,152.0,192,0
369395,Male,27,1,30.0,1,< 1 Year,Yes,30451.0,152.0,254,0
246605,Male,50,1,28.0,0,1-2 Year,Yes,36592.0,154.0,101,0
35489,Male,37,1,11.0,1,1-2 Year,Yes,36373.0,124.0,74,0
249265,Male,67,1,28.0,0,1-2 Year,Yes,26557.0,13.0,162,0
325503,Male,23,1,6.0,1,< 1 Year,No,17200.0,152.0,58,0
1787,Male,61,1,28.0,0,> 2 Years,Yes,47651.0,150.0,18,0
331781,Male,38,1,28.0,1,1-2 Year,No,2630.0,26.0,51,0
287522,Male,29,1,39.0,0,< 1 Year,Yes,35895.0,124.0,271,0
141245,Female,54,1,15.0,0,1-2 Year,Yes,37827.0,124.0,26,0
176440,Male,58,1,28.0,0,1-2 Year,Yes,37968.0,124.0,287,0
341787,Female,21,1,16.0,1,< 1 Year,Yes,2630.0,163.0,134,0
62882,Male,40,1,45.0,1,1-2 Year,No,50499.0,124.0,108,0
46268,Female,25,1,2.0,1,< 1 Year,No,2630.0,152.0,164,0
167897,Male,39,1,35.0,1,1-2 Year,No,46151.0,124.0,261,0
227222,Male,71,1,28.0,0,1-2 Year,Yes,38352.0,122.0,151,0
4053,Female,24,1,8.0,1,< 1 Year,No,84142.0,26.0,49,0
121124,Male,46,1,28.0,0,> 2 Years,Yes,50238.0,26.0,207,0
358235,Male,68,1,28.0,0,1-2 Year,Yes,42314.0,26.0,105,0
243806,Female,65,1,15.0,0,> 2 Years,Yes,46406.0,14.0,257,0
322051,Male,46,1,28.0,0,1-2 Year,No,38036.0,26.0,66,0
165604,Male,54,1,28.0,0,1-2 Year,Yes,70208.0,24.0,278,0
263219,Female,21,1,30.0,1,< 1 Year,No,31807.0,152.0,207,0
122797,Male,46,1,34.0,1,1-2 Year,No,2630.0,124.0,90,0
302409,Male,25,1,28.0,0,< 1 Year,Yes,27525.0,152.0,266,0
38577,Male,42,1,41.0,0,1-2 Year,Yes,28177.0,31.0,213,0
90281,Male,22,1,28.0,1,< 1 Year,No,39452.0,152.0,133,0
88756,Female,24,1,50.0,0,< 1 Year,No,2630.0,160.0,148,0
77118,Female,26,1,29.0,1,< 1 Year,No,34555.0,152.0,101,0
24585,Female,25,1,3.0,1,1-2 Year,No,19104.0,124.0,213,0
293606,Female,23,1,16.0,0,< 1 Year,Yes,28719.0,152.0,72,0
226301,Female,25,1,28.0,1,< 1 Year,No,2630.0,152.0,143,0
112373,Male,72,1,33.0,0,1-2 Year,Yes,43841.0,26.0,38,0
102618,Male,31,1,28.0,1,1-2 Year,No,30275.0,61.0,114,0
48528,Female,24,1,35.0,1,< 1 Year,No,37132.0,152.0,288,0
89260,Male,28,1,28.0,0,< 1 Year,Yes,39339.0,152.0,199,0
161892,Male,72,1,28.0,0,1-2 Year,Yes,61689.0,124.0,136,0
95368,Female,75,1,47.0,1,1-2 Year,No,31614.0,16.0,166,0
297231,Male,43,1,28.0,0,1-2 Year,Yes,45179.0,124.0,64,0
71725,Male,38,1,50.0,0,1-2 Year,No,35341.0,124.0,250,0
296710,Male,41,1,32.0,0,1-2 Year,Yes,32563.0,26.0,168,0
207693,Female,43,1,42.0,1,1-2 Year,No,43484.0,26.0,149,0
271120,Female,21,1,15.0,1,< 1 Year,No,38113.0,152.0,219,0
321517,Male,20,1,34.0,1,< 1 Year,No,33389.0,160.0,99,0
147345,Female,38,1,28.0,0,> 2 Years,Yes,2630.0,156.0,111,0
65568,Female,26,1,48.0,1,< 1 Year,No,2630.0,152.0,100,0
149950,Male,57,1,28.0,0,1-2 Year,Yes,59044.0,124.0,232,0
63281,Female,23,1,5.0,1,< 1 Year,No,34910.0,153.0,159,0
75242,Male,41,1,50.0,0,1-2 Year,No,30508.0,29.0,95,0
20670,Female,36,1,3.0,0,1-2 Year,Yes,2630.0,156.0,125,0
198008,Female,24,1,41.0,1,< 1 Year,No,44750.0,152.0,121,0
403,Female,27,1,33.0,0,< 1 Year,Yes,2630.0,152.0,125,0
253000,Male,49,1,28.0,1,1-2 Year,No,2630.0,26.0,158,0
176628,Male,24,1,27.0,0,< 1 Year,Yes,28544.0,152.0,233,0
138174,Male,28,1,30.0,1,< 1 Year,No,2630.0,152.0,139,0
169832,Female,20,1,8.0,0,< 1 Year,Yes,38809.0,160.0,112,0
9431,Male,47,1,28.0,0,1-2 Year,Yes,28670.0,124.0,171,0
202220,Female,22,1,36.0,0,< 1 Year,Yes,2630.0,160.0,143,0
9751,Male,23,1,29.0,1,< 1 Year,No,23309.0,152.0,59,0
306903,Male,51,1,41.0,0,1-2 Year,Yes,33844.0,124.0,118,0
366245,Female,41,1,29.0,0,1-2 Year,Yes,33881.0,124.0,298,0
313753,Female,60,1,50.0,0,1-2 Year,No,33813.0,26.0,41,0
361465,Male,37,1,30.0,0,1-2 Year,Yes,28553.0,124.0,27,0
311181,Female,31,1,23.0,1,1-2 Year,No,24032.0,120.0,119,0
265055,Male,45,1,28.0,0,1-2 Year,Yes,35348.0,124.0,77,0
2599,Male,50,1,33.0,0,1-2 Year,Yes,33347.0,124.0,75,0
347076,Male,54,1,28.0,0,1-2 Year,Yes,46834.0,122.0,108,0
357118,Male,45,1,46.0,1,1-2 Year,Yes,2630.0,95.0,219,0
350424,Male,55,1,41.0,1,1-2 Year,No,41671.0,124.0,184,0
352077,Male,22,1,44.0,1,< 1 Year,No,30413.0,152.0,132,0
196233,Male,21,1,50.0,0,< 1 Year,Yes,43791.0,152.0,100,0
245244,Male,65,1,38.0,1,1-2 Year,Yes,34358.0,26.0,33,0
307946,Male,48,1,8.0,0,1-2 Year,No,46384.0,124.0,161,0
82855,Female,24,1,41.0,0,< 1 Year,Yes,37126.0,26.0,262,0
169915,Female,56,1,28.0,1,1-2 Year,No,61104.0,52.0,139,0
191243,Female,22,1,15.0,0,< 1 Year,Yes,53906.0,152.0,242,0
110113,Male,49,1,28.0,0,1-2 Year,Yes,2630.0,139.0,249,0
69803,Female,50,1,28.0,0,1-2 Year,Yes,46165.0,26.0,213,0
356763,Female,74,1,31.0,1,1-2 Year,No,2630.0,26.0,92,0
160376,Male,38,1,28.0,0,1-2 Year,Yes,45542.0,55.0,15,0
332498,Male,69,1,28.0,0,1-2 Year,Yes,41506.0,122.0,43,0
157597,Female,27,1,42.0,1,< 1 Year,No,27193.0,152.0,248,0
40143,Female,56,1,28.0,1,1-2 Year,No,28388.0,124.0,274,0
91922,Male,40,1,47.0,0,1-2 Year,Yes,33205.0,124.0,176,0
22162,Male,23,1,8.0,1,< 1 Year,Yes,40145.0,152.0,16,0
118142,Female,23,1,14.0,1,< 1 Year,No,39175.0,152.0,136,0
366791,Female,21,1,15.0,0,< 1 Year,Yes,26961.0,152.0,258,0
102666,Male,23,1,4.0,1,< 1 Year,No,33974.0,152.0,109,0
56150,Male,43,1,8.0,1,1-2 Year,No,43674.0,152.0,182,0
316920,Female,22,1,46.0,1,< 1 Year,No,25498.0,160.0,123,0
58919,Female,22,1,8.0,1,< 1 Year,No,68804.0,152.0,179,0
35637,Male,58,1,8.0,1,1-2 Year,No,79915.0,124.0,298,0
164052,Female,40,1,41.0,0,1-2 Year,Yes,36922.0,26.0,250,0
203682,Male,55,1,28.0,1,1-2 Year,No,45078.0,26.0,27,0
171378,Female,64,1,12.0,1,1-2 Year,No,2630.0,152.0,279,0
330384,Female,23,1,11.0,1,< 1 Year,No,24547.0,152.0,108,0
60279,Female,23,1,15.0,0,< 1 Year,No,36715.0,152.0,275,0
4758,Male,70,1,20.0,1,1-2 Year,No,2630.0,124.0,298,0
72684,Female,23,1,10.0,1,< 1 Year,No,22561.0,152.0,190,0
199346,Female,56,1,28.0,0,> 2 Years,Yes,41697.0,124.0,149,0
274658,Male,42,1,15.0,0,1-2 Year,Yes,37161.0,124.0,248,0
287664,Female,20,1,12.0,1,< 1 Year,No,21984.0,160.0,36,0
63840,Male,22,1,4.0,0,< 1 Year,Yes,21995.0,152.0,90,0
56155,Female,22,1,44.0,1,< 1 Year,No,27147.0,152.0,180,0
275879,Female,23,1,30.0,1,< 1 Year,No,21224.0,152.0,90,0
119138,Male,59,1,41.0,0,1-2 Year,Yes,43286.0,154.0,189,0
3972,Male,43,1,28.0,1,1-2 Year,No,33923.0,124.0,252,0
212696,Male,26,1,8.0,1,< 1 Year,No,26423.0,152.0,69,0
353009,Female,28,1,8.0,1,< 1 Year,No,40287.0,152.0,114,0
30144,Male,59,1,28.0,0,> 2 Years,Yes,41313.0,124.0,169,0
262984,Male,29,1,21.0,1,< 1 Year,No,34566.0,152.0,242,0
114939,Female,21,1,33.0,1,< 1 Year,No,28765.0,152.0,83,0
167401,Female,40,1,12.0,0,1-2 Year,Yes,26777.0,156.0,238,0
215710,Male,27,1,28.0,1,< 1 Year,No,63983.0,152.0,196,0
243404,Female,39,1,5.0,0,1-2 Year,No,38068.0,124.0,158,0
210909,Female,73,1,28.0,1,1-2 Year,No,62207.0,122.0,49,0
209971,Female,25,1,6.0,1,< 1 Year,No,31064.0,152.0,276,0
168326,Female,25,1,37.0,1,< 1 Year,Yes,31185.0,26.0,162,0
351095,Female,26,1,11.0,1,< 1 Year,No,27201.0,152.0,98,0
49341,Female,21,1,46.0,1,< 1 Year,No,38238.0,152.0,93,0
351607,Female,29,1,21.0,1,< 1 Year,No,22097.0,152.0,244,0
112985,Male,25,1,3.0,1,< 1 Year,No,34999.0,152.0,23,0
116274,Female,28,1,4.0,1,< 1 Year,No,35437.0,152.0,98,0
123512,Male,56,1,36.0,0,1-2 Year,Yes,35551.0,26.0,14,0
278802,Female,20,1,25.0,1,< 1 Year,No,27130.0,160.0,137,0
109070,Male,24,1,11.0,0,< 1 Year,Yes,35527.0,152.0,247,0
284825,Male,23,1,28.0,1,< 1 Year,No,52391.0,152.0,256,0
51692,Female,24,1,15.0,1,< 1 Year,No,27204.0,151.0,18,0
35208,Female,25,1,5.0,1,< 1 Year,No,35348.0,152.0,249,0
126035,Male,25,1,47.0,1,< 1 Year,No,7670.0,152.0,193,0
298993,Male,21,1,37.0,1,< 1 Year,No,36373.0,152.0,149,0
39440,Male,60,1,28.0,1,1-2 Year,Yes,27480.0,38.0,107,0
185636,Female,21,1,13.0,0,< 1 Year,Yes,29871.0,152.0,59,0
222336,Female,21,1,13.0,1,1-2 Year,Yes,2630.0,156.0,254,0
269875,Male,47,1,0.0,1,1-2 Year,No,2630.0,124.0,269,0
296437,Female,43,1,28.0,0,1-2 Year,Yes,47863.0,124.0,245,0
355540,Female,71,1,28.0,1,1-2 Year,No,37794.0,122.0,98,0
355987,Male,42,1,28.0,1,1-2 Year,No,38766.0,26.0,63,0
247131,Male,59,1,28.0,0,1-2 Year,No,40964.0,26.0,161,0
326427,Male,23,1,10.0,1,< 1 Year,No,33209.0,154.0,258,0
225117,Male,50,1,35.0,0,1-2 Year,Yes,24955.0,154.0,176,0
129732,Male,43,1,29.0,0,1-2 Year,Yes,43444.0,26.0,277,0
37372,Male,28,1,33.0,1,< 1 Year,No,38364.0,152.0,24,0
351868,Female,21,1,41.0,1,< 1 Year,No,30964.0,152.0,196,0
43005,Male,21,1,48.0,0,< 1 Year,Yes,2630.0,160.0,183,0
316800,Female,26,1,21.0,1,< 1 Year,Yes,32307.0,160.0,55,0
346418,Male,47,1,35.0,1,1-2 Year,No,44088.0,124.0,183,0
201348,Female,23,1,3.0,1,< 1 Year,No,32598.0,152.0,259,0
222265,Male,68,1,0.0,0,1-2 Year,Yes,2630.0,122.0,226,0
209463,Male,80,1,8.0,0,1-2 Year,Yes,39480.0,7.0,144,0
320948,Female,23,1,36.0,0,< 1 Year,Yes,41954.0,152.0,107,0
102078,Female,26,1,11.0,1,< 1 Year,No,31170.0,152.0,257,0
127298,Male,23,1,30.0,1,< 1 Year,No,28850.0,152.0,293,0
46526,Female,29,1,28.0,0,1-2 Year,Yes,42393.0,26.0,112,0
94225,Female,22,1,50.0,1,< 1 Year,No,2630.0,160.0,184,0
259506,Female,62,1,24.0,0,1-2 Year,Yes,2630.0,124.0,214,0
55558,Male,47,1,28.0,1,1-2 Year,No,53193.0,52.0,120,0
79174,Female,37,1,11.0,0,1-2 Year,Yes,38589.0,124.0,161,0
337471,Female,42,1,33.0,1,1-2 Year,No,42918.0,124.0,26,0
89720,Female,40,1,28.0,0,1-2 Year,Yes,26312.0,13.0,28,0
198367,Female,29,1,31.0,0,< 1 Year,No,2630.0,152.0,249,0
253241,Male,52,1,28.0,0,> 2 Years,Yes,37556.0,124.0,35,0
155784,Male,22,1,9.0,0,< 1 Year,Yes,47246.0,152.0,168,0
177,Male,25,1,28.0,1,< 1 Year,No,101021.0,152.0,49,0
4736,Male,57,1,26.0,0,1-2 Year,Yes,31264.0,22.0,238,0
227768,Male,66,1,23.0,1,1-2 Year,No,29744.0,26.0,252,0
48101,Male,45,1,41.0,0,1-2 Year,Yes,20522.0,26.0,57,0
317851,Female,41,1,16.0,1,1-2 Year,No,34613.0,152.0,222,0
303430,Female,35,1,8.0,0,1-2 Year,Yes,34447.0,124.0,170,0
209409,Male,28,1,28.0,1,< 1 Year,No,38694.0,152.0,39,0
204140,Male,61,1,50.0,0,1-2 Year,Yes,37075.0,26.0,17,0
373776,Female,37,1,8.0,0,1-2 Year,Yes,38942.0,152.0,168,0
181952,Female,27,1,28.0,1,< 1 Year,No,72393.0,152.0,220,0
139508,Female,22,1,14.0,1,< 1 Year,No,30455.0,152.0,247,0
146938,Male,26,1,4.0,1,< 1 Year,No,27245.0,152.0,14,0
158348,Male,23,1,8.0,1,< 1 Year,Yes,56488.0,152.0,163,0
196208,Female,25,1,41.0,1,< 1 Year,No,50023.0,152.0,208,0
110710,Female,48,1,12.0,1,1-2 Year,No,2630.0,124.0,79,0
141154,Male,42,1,50.0,1,1-2 Year,No,40411.0,152.0,87,0
50207,Female,23,1,8.0,1,< 1 Year,No,38086.0,152.0,13,0
332080,Female,43,1,8.0,0,1-2 Year,Yes,30801.0,124.0,26,0
175754,Male,25,1,27.0,0,< 1 Year,Yes,58631.0,152.0,45,0
168803,Female,62,1,12.0,0,1-2 Year,Yes,2630.0,156.0,33,0
348505,Female,23,1,46.0,1,< 1 Year,No,24476.0,160.0,223,0
70873,Male,24,1,36.0,1,< 1 Year,Yes,2630.0,152.0,57,0
375487,Male,26,1,33.0,1,< 1 Year,No,37651.0,152.0,261,0
51553,Female,26,1,37.0,1,< 1 Year,No,34408.0,152.0,58,0
150397,Male,60,1,28.0,0,1-2 Year,No,39196.0,26.0,144,0
233076,Female,72,1,28.0,1,1-2 Year,No,51899.0,124.0,167,0
357664,Male,38,1,33.0,1,1-2 Year,No,28782.0,138.0,241,0
351672,Male,65,1,15.0,1,1-2 Year,No,2630.0,29.0,83,0
117282,Male,41,1,46.0,1,1-2 Year,No,2630.0,124.0,126,0
370815,Male,48,1,18.0,0,1-2 Year,Yes,35578.0,124.0,70,0
316325,Female,70,1,8.0,1,1-2 Year,No,61626.0,7.0,75,0
330766,Male,60,1,39.0,0,1-2 Year,Yes,2630.0,26.0,103,0
209204,Male,23,1,30.0,1,< 1 Year,Yes,2630.0,152.0,144,0
33952,Female,25,1,8.0,0,< 1 Year,Yes,37107.0,152.0,193,0
333328,Male,73,1,8.0,0,1-2 Year,Yes,45448.0,26.0,72,0
47863,Female,48,1,28.0,0,> 2 Years,Yes,49677.0,26.0,260,0
2356,Female,66,1,28.0,1,1-2 Year,Yes,40916.0,124.0,102,0
217958,Male,25,1,12.0,1,< 1 Year,No,47148.0,152.0,98,0
156011,Female,69,1,50.0,0,1-2 Year,Yes,32645.0,124.0,239,0
58412,Male,57,1,28.0,0,1-2 Year,Yes,40263.0,26.0,61,0
145612,Male,51,1,8.0,1,1-2 Year,No,2630.0,124.0,154,0
224712,Female,26,1,29.0,1,< 1 Year,No,30126.0,152.0,31,0
36507,Male,46,1,15.0,1,1-2 Year,No,44555.0,14.0,155,0
337824,Male,55,1,48.0,0,1-2 Year,Yes,2630.0,26.0,257,0
359795,Male,44,1,41.0,1,1-2 Year,No,36226.0,124.0,254,0
111943,Male,39,1,48.0,1,1-2 Year,No,2630.0,152.0,123,0
322355,Female,49,1,27.0,0,1-2 Year,No,25212.0,152.0,145,0
97264,Male,23,1,36.0,1,< 1 Year,No,32253.0,152.0,20,0
161981,Male,24,1,30.0,1,< 1 Year,No,27823.0,152.0,149,0
23602,Female,24,1,28.0,1,< 1 Year,No,55858.0,152.0,268,0
362410,Female,26,1,46.0,1,< 1 Year,No,26296.0,152.0,110,0
58550,Male,24,1,32.0,1,< 1 Year,No,40100.0,152.0,284,0
333517,Female,47,1,28.0,1,1-2 Year,No,2630.0,26.0,42,0
82997,Male,43,1,28.0,0,1-2 Year,No,38066.0,124.0,105,0
133455,Female,27,1,13.0,1,< 1 Year,No,28425.0,152.0,22,0
73957,Male,55,1,28.0,1,1-2 Year,No,64301.0,122.0,86,0
375700,Female,23,1,8.0,1,< 1 Year,No,61293.0,26.0,138,0
201806,Female,54,1,28.0,0,1-2 Year,Yes,21235.0,26.0,83,0
285436,Female,53,1,37.0,0,1-2 Year,Yes,2630.0,124.0,161,0
219062,Female,21,1,8.0,1,< 1 Year,No,33212.0,160.0,293,0
284233,Male,59,1,28.0,0,1-2 Year,Yes,20566.0,13.0,173,0
359087,Male,42,1,41.0,0,1-2 Year,Yes,2630.0,12.0,196,0
158514,Female,23,1,11.0,1,< 1 Year,No,38194.0,152.0,112,0
154070,Female,29,1,9.0,1,< 1 Year,No,40234.0,152.0,256,0
84559,Male,23,1,50.0,1,< 1 Year,No,37469.0,152.0,24,0
108709,Male,43,1,46.0,0,> 2 Years,Yes,2630.0,156.0,269,0
338267,Male,65,1,28.0,0,1-2 Year,Yes,2630.0,157.0,181,0
104417,Male,25,1,15.0,0,< 1 Year,Yes,42453.0,152.0,138,0
165369,Female,45,1,50.0,1,1-2 Year,No,51435.0,8.0,179,0
361332,Female,29,1,29.0,1,< 1 Year,No,33725.0,152.0,261,0
307017,Female,23,1,8.0,0,< 1 Year,Yes,34614.0,152.0,132,0
45334,Female,24,1,45.0,0,< 1 Year,Yes,28215.0,152.0,128,0
349150,Male,25,1,46.0,1,< 1 Year,No,28946.0,152.0,160,0
168160,Female,32,1,34.0,0,1-2 Year,Yes,37157.0,26.0,116,0
125025,Male,26,1,28.0,1,< 1 Year,No,56226.0,152.0,87,0
82801,Male,40,1,8.0,0,1-2 Year,Yes,2630.0,26.0,154,0
235483,Male,24,1,50.0,0,< 1 Year,No,2630.0,152.0,132,0
51514,Female,23,1,9.0,1,< 1 Year,No,25739.0,152.0,65,0
21780,Male,52,1,8.0,1,1-2 Year,No,36573.0,124.0,107,0
288543,Female,27,1,27.0,1,< 1 Year,No,21583.0,152.0,55,0
18582,Female,22,1,30.0,1,< 1 Year,No,20731.0,152.0,166,0
192849,Female,35,1,24.0,0,1-2 Year,Yes,2630.0,157.0,198,0
130551,Female,29,1,30.0,1,< 1 Year,No,21548.0,152.0,245,0
373143,Male,39,1,29.0,0,1-2 Year,No,28519.0,26.0,55,0
368009,Female,41,1,28.0,0,1-2 Year,Yes,35544.0,124.0,261,0
230129,Male,22,1,6.0,1,< 1 Year,No,32349.0,152.0,251,0
316107,Male,25,1,33.0,1,< 1 Year,No,37523.0,152.0,194,0
317839,Female,25,1,8.0,0,< 1 Year,Yes,2630.0,26.0,157,0
180890,Male,65,1,28.0,0,> 2 Years,Yes,48217.0,26.0,147,0
78229,Female,68,1,28.0,1,1-2 Year,No,38781.0,55.0,236,0
365395,Male,21,1,28.0,0,< 1 Year,Yes,44681.0,160.0,122,0
25372,Female,42,1,8.0,0,1-2 Year,Yes,35764.0,124.0,207,0
346049,Male,60,1,8.0,0,1-2 Year,Yes,41039.0,26.0,35,0
337042,Male,27,1,50.0,1,< 1 Year,No,40892.0,152.0,137,0
323385,Male,42,1,28.0,1,1-2 Year,No,42067.0,124.0,212,0
204296,Female,74,1,24.0,1,1-2 Year,No,28533.0,26.0,39,0
75339,Male,23,1,28.0,1,< 1 Year,No,33250.0,152.0,143,0
166748,Female,25,1,2.0,1,< 1 Year,No,35474.0,152.0,240,0
195035,Female,24,1,29.0,0,< 1 Year,Yes,38541.0,152.0,114,0
177005,Female,30,1,41.0,1,< 1 Year,No,33099.0,152.0,11,0
204254,Male,25,1,41.0,1,< 1 Year,No,31564.0,152.0,31,0
200971,Male,44,1,28.0,0,1-2 Year,Yes,39069.0,124.0,156,0
215751,Male,40,1,8.0,0,1-2 Year,Yes,63938.0,124.0,160,0
179862,Male,41,1,28.0,0,< 1 Year,Yes,2630.0,124.0,289,0
312836,Female,43,1,28.0,1,1-2 Year,No,37465.0,25.0,144,0
306241,Female,26,1,46.0,1,< 1 Year,No,24306.0,152.0,106,0
90179,Female,40,1,49.0,1,1-2 Year,No,30905.0,152.0,244,0
279847,Female,77,1,28.0,0,1-2 Year,Yes,32616.0,122.0,186,0
56561,Female,32,1,39.0,0,< 1 Year,Yes,61885.0,154.0,67,0
168039,Male,51,1,15.0,1,1-2 Year,No,28770.0,124.0,146,0
64062,Male,25,1,41.0,1,< 1 Year,No,2630.0,160.0,186,0
194206,Female,24,1,28.0,1,< 1 Year,No,2630.0,152.0,296,0
180538,Female,21,1,50.0,0,< 1 Year,Yes,40042.0,152.0,105,0
359467,Male,43,1,28.0,0,1-2 Year,Yes,38711.0,52.0,45,0
126969,Female,79,1,46.0,0,> 2 Years,Yes,45200.0,11.0,272,0
251408,Female,29,1,41.0,0,< 1 Year,No,23679.0,152.0,245,0
367544,Male,23,1,8.0,0,< 1 Year,Yes,37855.0,26.0,98,0
113327,Male,46,1,8.0,0,1-2 Year,Yes,47648.0,154.0,50,0
164018,Male,52,1,50.0,0,1-2 Year,Yes,31043.0,26.0,273,0
126579,Male,57,1,18.0,1,1-2 Year,No,30611.0,124.0,193,0
128569,Female,35,1,28.0,0,1-2 Year,Yes,28587.0,154.0,261,0
98881,Female,22,1,36.0,0,< 1 Year,No,23693.0,152.0,26,0
110105,Male,28,1,28.0,1,< 1 Year,No,48614.0,152.0,287,0
226417,Male,26,1,8.0,0,< 1 Year,Yes,2630.0,152.0,88,0
65987,Female,41,1,28.0,0,1-2 Year,Yes,36278.0,61.0,78,0
271131,Female,40,1,28.0,0,1-2 Year,Yes,29652.0,26.0,72,0
205721,Female,66,1,8.0,0,> 2 Years,Yes,46086.0,7.0,285,0
38026,Male,25,1,28.0,0,1-2 Year,Yes,51550.0,124.0,222,0
271856,Male,23,1,3.0,1,< 1 Year,No,26944.0,152.0,31,0
133569,Male,24,1,29.0,1,< 1 Year,No,30436.0,152.0,137,0
136161,Male,24,1,10.0,1,< 1 Year,No,37324.0,152.0,206,0
132107,Male,22,1,28.0,1,< 1 Year,No,76849.0,152.0,100,0
214073,Female,23,1,28.0,1,< 1 Year,No,44991.0,152.0,148,0
355910,Male,24,1,41.0,1,< 1 Year,No,2630.0,152.0,298,0
85576,Male,67,1,48.0,0,1-2 Year,Yes,2630.0,26.0,230,0
207445,Male,64,1,28.0,0,1-2 Year,Yes,44705.0,26.0,158,0
165095,Female,22,1,3.0,0,< 1 Year,Yes,39376.0,152.0,252,0
61084,Male,30,1,46.0,1,< 1 Year,No,38275.0,152.0,67,0
29772,Male,22,1,6.0,0,< 1 Year,Yes,23780.0,152.0,15,0
158046,Female,38,1,28.0,0,1-2 Year,Yes,2630.0,124.0,269,0
198337,Male,21,1,46.0,1,< 1 Year,No,37138.0,160.0,288,0
299872,Male,47,1,8.0,0,1-2 Year,Yes,39605.0,124.0,94,0
13449,Male,23,1,6.0,1,< 1 Year,No,17144.0,152.0,51,0
240965,Male,23,1,29.0,1,< 1 Year,No,29214.0,152.0,236,0
176830,Male,29,1,30.0,1,< 1 Year,No,31182.0,152.0,32,0
312200,Male,62,1,36.0,1,1-2 Year,No,31149.0,26.0,170,0
173426,Male,20,1,8.0,0,< 1 Year,Yes,35072.0,160.0,239,0
40126,Male,55,1,28.0,0,1-2 Year,Yes,2630.0,157.0,281,0
99920,Male,41,1,41.0,0,> 2 Years,Yes,31461.0,26.0,219,0
178552,Female,27,1,21.0,1,< 1 Year,No,27343.0,152.0,182,0
357097,Male,43,1,37.0,1,1-2 Year,No,32574.0,152.0,61,0
261923,Male,25,1,30.0,1,< 1 Year,No,25328.0,152.0,209,0
296587,Male,53,1,8.0,0,1-2 Year,Yes,57652.0,26.0,79,0
377753,Male,47,1,11.0,0,1-2 Year,Yes,36131.0,124.0,174,0
167544,Female,56,1,39.0,0,1-2 Year,Yes,28469.0,124.0,70,0
58051,Female,20,1,46.0,1,< 1 Year,No,28650.0,160.0,278,0
54270,Male,26,1,45.0,1,< 1 Year,No,26326.0,152.0,51,0
224203,Female,27,1,8.0,1,< 1 Year,No,53599.0,152.0,123,0
18997,Female,43,1,30.0,1,1-2 Year,No,36882.0,154.0,281,0
276497,Female,31,1,36.0,1,< 1 Year,No,36184.0,152.0,183,0
225657,Male,46,1,1.0,0,> 2 Years,Yes,2630.0,124.0,222,0
282583,Male,48,1,28.0,1,1-2 Year,No,41635.0,26.0,178,0
135950,Female,27,1,46.0,1,< 1 Year,No,2630.0,151.0,14,0
298092,Female,49,1,28.0,0,1-2 Year,Yes,23781.0,156.0,144,0
70531,Female,34,1,47.0,0,1-2 Year,Yes,31117.0,16.0,241,0
71702,Male,60,1,23.0,0,1-2 Year,Yes,27596.0,26.0,195,0
210302,Male,26,1,28.0,0,< 1 Year,No,46061.0,152.0,280,0
178108,Male,58,1,25.0,0,1-2 Year,No,43242.0,124.0,22,0
371458,Female,23,1,6.0,1,< 1 Year,No,29417.0,152.0,143,0
160912,Male,80,0,0.0,0,1-2 Year,Yes,2630.0,25.0,164,0
376796,Male,51,1,8.0,1,1-2 Year,No,43410.0,124.0,184,0
276313,Male,55,1,28.0,0,1-2 Year,Yes,38682.0,156.0,261,0
103242,Male,76,1,29.0,0,> 2 Years,Yes,32935.0,135.0,140,0
290078,Male,54,1,7.0,0,1-2 Year,Yes,52964.0,124.0,280,0
139809,Male,21,1,28.0,1,< 1 Year,No,28556.0,152.0,75,0
262522,Male,23,1,14.0,1,< 1 Year,No,41122.0,26.0,203,0
240835,Male,45,1,14.0,0,1-2 Year,Yes,27646.0,124.0,154,0
347993,Male,36,1,8.0,1,1-2 Year,No,2630.0,152.0,224,0
207717,Male,62,1,28.0,0,1-2 Year,Yes,54033.0,124.0,253,0
58060,Female,30,1,30.0,1,< 1 Year,No,43832.0,152.0,239,0
260205,Male,48,1,41.0,1,1-2 Year,No,30685.0,124.0,151,0
288500,Female,20,1,15.0,0,< 1 Year,No,2630.0,160.0,255,0
114183,Female,24,1,8.0,1,< 1 Year,No,44712.0,152.0,172,0
179893,Male,63,1,50.0,1,1-2 Year,No,35576.0,8.0,260,0
61909,Female,53,1,28.0,0,1-2 Year,Yes,2630.0,26.0,155,0
353076,Female,22,1,25.0,1,< 1 Year,No,25435.0,152.0,284,0
175828,Male,57,1,28.0,0,1-2 Year,Yes,35693.0,26.0,193,0
147322,Female,23,1,8.0,1,< 1 Year,No,42307.0,160.0,298,0
228012,Male,65,1,18.0,0,> 2 Years,Yes,23989.0,124.0,282,0
174774,Female,25,1,18.0,1,< 1 Year,No,31307.0,152.0,253,0
244313,Female,31,1,6.0,1,< 1 Year,No,28951.0,152.0,233,0
175628,Female,23,1,11.0,1,< 1 Year,No,22214.0,152.0,243,0
308027,Male,34,1,13.0,0,1-2 Year,No,14325.0,152.0,96,0
148151,Male,34,1,11.0,0,1-2 Year,Yes,2630.0,157.0,108,0
72448,Female,22,1,30.0,1,< 1 Year,No,34858.0,153.0,250,0
161322,Female,63,1,28.0,0,1-2 Year,Yes,39807.0,122.0,139,0
316562,Female,23,1,28.0,1,< 1 Year,No,23228.0,152.0,217,0
76997,Male,21,1,47.0,0,< 1 Year,Yes,32379.0,160.0,129,0
85028,Male,55,1,8.0,0,1-2 Year,Yes,24032.0,25.0,82,0
137085,Female,22,1,46.0,1,< 1 Year,No,31508.0,160.0,244,0
183914,Female,36,1,29.0,0,> 2 Years,Yes,2630.0,157.0,131,0
85434,Male,25,1,17.0,1,< 1 Year,No,2630.0,152.0,255,0
74064,Female,32,1,8.0,0,1-2 Year,Yes,2630.0,157.0,123,0
208006,Female,23,1,41.0,1,< 1 Year,No,34436.0,152.0,293,0
100512,Male,35,1,28.0,1,< 1 Year,No,2630.0,1.0,133,0
202658,Female,25,1,47.0,1,< 1 Year,No,27731.0,152.0,89,0
57929,Male,46,1,39.0,1,1-2 Year,No,29931.0,26.0,54,0
239812,Male,24,1,50.0,1,< 1 Year,No,26045.0,152.0,261,0
183735,Male,41,1,28.0,0,1-2 Year,Yes,31946.0,124.0,199,0
67074,Male,24,1,6.0,1,< 1 Year,No,36600.0,152.0,63,0
81797,Male,56,1,36.0,0,1-2 Year,Yes,2630.0,26.0,192,0
222230,Female,46,1,28.0,0,1-2 Year,Yes,39470.0,26.0,281,0
80857,Male,30,1,8.0,0,1-2 Year,No,36801.0,31.0,108,0
203904,Male,35,1,6.0,1,1-2 Year,No,31490.0,152.0,66,0
47337,Male,39,1,48.0,0,1-2 Year,Yes,2630.0,124.0,17,0
185569,Female,25,1,10.0,1,< 1 Year,No,29201.0,152.0,13,0
29744,Male,75,1,28.0,0,> 2 Years,Yes,41227.0,124.0,158,0
35548,Female,23,1,33.0,1,< 1 Year,No,35746.0,152.0,50,0
53100,Female,22,1,15.0,0,< 1 Year,No,28368.0,152.0,72,0
376895,Female,24,1,28.0,0,< 1 Year,Yes,36933.0,152.0,235,0
284606,Female,23,1,8.0,1,< 1 Year,No,50054.0,152.0,120,0
295649,Female,30,1,8.0,0,1-2 Year,Yes,38557.0,156.0,254,0
184192,Male,42,1,11.0,0,1-2 Year,Yes,29168.0,120.0,41,0
85430,Female,28,1,3.0,1,< 1 Year,No,29509.0,152.0,211,0
259712,Female,22,1,36.0,0,< 1 Year,No,30634.0,152.0,167,0
108898,Female,23,1,41.0,1,< 1 Year,No,16024.0,152.0,158,0
65209,Male,22,1,12.0,1,< 1 Year,No,24756.0,152.0,143,0
24117,Male,33,1,46.0,1,1-2 Year,Yes,18428.0,156.0,40,0
66368,Female,25,1,27.0,1,< 1 Year,No,20128.0,152.0,131,0
79516,Female,26,1,3.0,1,< 1 Year,No,29326.0,152.0,19,0
92208,Female,23,1,18.0,1,< 1 Year,No,31461.0,152.0,249,0
32486,Male,21,1,39.0,1,< 1 Year,No,25695.0,152.0,199,0
312465,Male,23,1,47.0,0,< 1 Year,Yes,36576.0,152.0,30,0
280406,Female,25,1,41.0,1,< 1 Year,No,20275.0,152.0,118,0
153091,Male,24,1,27.0,1,< 1 Year,No,2630.0,151.0,298,0
110390,Female,49,1,28.0,0,1-2 Year,Yes,46417.0,26.0,99,0
179038,Male,27,1,35.0,0,< 1 Year,Yes,2630.0,160.0,123,0
117865,Female,64,1,31.0,0,1-2 Year,Yes,2630.0,116.0,242,0
77491,Male,50,1,28.0,0,1-2 Year,Yes,30509.0,124.0,62,0
198378,Female,27,1,15.0,1,< 1 Year,No,25334.0,152.0,264,0
324742,Female,33,1,0.0,1,1-2 Year,No,2630.0,26.0,278,0
25409,Female,24,1,24.0,1,< 1 Year,No,29486.0,152.0,15,0
260560,Male,22,1,30.0,1,< 1 Year,No,48525.0,152.0,92,0
260164,Male,35,1,32.0,0,1-2 Year,Yes,32352.0,124.0,277,0
323770,Female,24,1,21.0,1,< 1 Year,No,34000.0,152.0,256,0
133832,Female,38,1,41.0,0,1-2 Year,No,39105.0,124.0,169,0
197787,Male,28,1,7.0,0,< 1 Year,Yes,25024.0,160.0,103,0
299196,Male,58,1,35.0,1,1-2 Year,No,42640.0,124.0,120,0
238455,Female,23,1,17.0,1,< 1 Year,No,29361.0,152.0,86,0
12000,Female,46,1,28.0,0,1-2 Year,Yes,32621.0,124.0,24,0
26235,Male,36,1,23.0,0,1-2 Year,Yes,2630.0,156.0,119,0
94962,Male,33,1,8.0,1,1-2 Year,No,31944.0,26.0,150,0
218619,Male,23,1,6.0,1,< 1 Year,No,23984.0,152.0,142,0
244052,Female,24,1,47.0,0,< 1 Year,Yes,27793.0,152.0,104,0
125940,Male,76,1,28.0,0,1-2 Year,Yes,26984.0,26.0,265,0
343,Female,49,1,28.0,0,1-2 Year,Yes,48505.0,124.0,271,0
365068,Female,46,1,28.0,1,1-2 Year,No,40901.0,26.0,263,0
295829,Female,36,1,50.0,1,1-2 Year,Yes,46250.0,124.0,238,0
51995,Female,25,1,11.0,0,< 1 Year,No,36404.0,152.0,210,0
151415,Male,78,1,48.0,0,1-2 Year,Yes,2630.0,124.0,97,0
216340,Male,26,1,28.0,0,< 1 Year,Yes,35726.0,152.0,293,0
331746,Female,54,1,48.0,1,1-2 Year,Yes,2630.0,26.0,292,0
13831,Female,50,1,11.0,1,1-2 Year,No,28235.0,152.0,187,0
290530,Female,23,1,29.0,1,< 1 Year,No,26942.0,152.0,137,0
120387,Male,47,1,8.0,0,1-2 Year,Yes,44824.0,26.0,246,0
206594,Male,50,1,8.0,0,1-2 Year,Yes,62130.0,26.0,201,0
343731,Male,74,1,8.0,0,1-2 Year,Yes,40973.0,4.0,111,0
217606,Female,39,1,48.0,1,1-2 Year,No,2630.0,124.0,159,0
230958,Female,23,1,2.0,1,< 1 Year,No,29081.0,152.0,156,0
73486,Female,22,1,15.0,0,< 1 Year,Yes,28942.0,152.0,144,0
143136,Female,22,1,30.0,0,< 1 Year,Yes,30785.0,152.0,123,0
206407,Female,46,1,35.0,0,1-2 Year,Yes,2630.0,156.0,282,0
142390,Male,22,1,8.0,0,< 1 Year,No,21838.0,160.0,17,0
121089,Female,31,1,29.0,1,< 1 Year,No,2630.0,152.0,56,0
192356,Male,42,1,47.0,0,1-2 Year,Yes,2630.0,16.0,250,0
30806,Male,37,1,28.0,0,1-2 Year,Yes,27858.0,152.0,165,0
371551,Female,24,1,11.0,1,< 1 Year,No,32603.0,152.0,171,0
254740,Male,43,1,45.0,0,1-2 Year,Yes,29520.0,154.0,282,0
308441,Female,64,1,28.0,1,1-2 Year,No,2630.0,124.0,50,0
288045,Female,28,1,41.0,1,< 1 Year,No,29168.0,152.0,155,0
209764,Male,44,1,28.0,1,1-2 Year,No,28818.0,26.0,133,0
361751,Female,43,1,28.0,0,1-2 Year,Yes,61127.0,26.0,75,0
298495,Female,23,1,36.0,1,< 1 Year,No,2630.0,152.0,131,0
302138,Female,24,1,46.0,1,< 1 Year,No,30886.0,152.0,126,0
84238,Female,24,1,11.0,1,< 1 Year,No,37558.0,152.0,154,0
255766,Male,22,1,41.0,1,< 1 Year,No,29059.0,152.0,264,0
210635,Female,24,1,41.0,1,< 1 Year,No,2630.0,152.0,255,0
216019,Female,41,1,24.0,0,< 1 Year,No,2630.0,1.0,251,0
240809,Male,23,1,21.0,0,< 1 Year,Yes,31746.0,156.0,52,0
77483,Female,59,1,28.0,0,1-2 Year,Yes,32374.0,26.0,129,0
287103,Male,23,1,46.0,1,< 1 Year,No,47071.0,152.0,77,0
17695,Male,27,1,27.0,0,< 1 Year,Yes,27609.0,152.0,138,0
342406,Female,26,1,35.0,1,< 1 Year,No,2630.0,152.0,17,0
327123,Male,44,1,41.0,0,1-2 Year,No,25836.0,124.0,21,0
221823,Male,23,1,6.0,1,< 1 Year,No,23012.0,152.0,116,0
355311,Male,39,1,52.0,0,1-2 Year,Yes,2630.0,61.0,168,0
321270,Male,24,1,13.0,1,< 1 Year,No,2630.0,152.0,173,0
27244,Male,29,1,3.0,1,< 1 Year,No,2630.0,152.0,181,0
327036,Male,48,1,48.0,1,1-2 Year,No,2630.0,124.0,87,0
295250,Male,52,1,45.0,0,1-2 Year,Yes,17846.0,124.0,130,0
226717,Female,23,1,15.0,1,< 1 Year,No,2630.0,152.0,103,0
342293,Male,33,1,35.0,1,< 1 Year,No,27362.0,152.0,183,0
44196,Female,54,1,22.0,0,1-2 Year,Yes,23969.0,25.0,251,0
110846,Male,24,1,50.0,0,< 1 Year,Yes,35013.0,152.0,68,0
95271,Male,20,1,34.0,0,< 1 Year,Yes,2630.0,160.0,171,0
980,Male,48,1,27.0,0,1-2 Year,Yes,32645.0,152.0,182,0
37646,Female,27,1,19.0,1,< 1 Year,No,32808.0,152.0,295,0
104126,Female,53,1,4.0,0,> 2 Years,Yes,2630.0,157.0,191,0
213113,Male,27,1,50.0,1,< 1 Year,No,39400.0,152.0,153,0
356363,Female,31,1,41.0,1,< 1 Year,No,29690.0,152.0,234,0
113580,Female,25,1,8.0,1,< 1 Year,No,39657.0,152.0,71,0
238403,Male,54,1,11.0,0,1-2 Year,Yes,2630.0,156.0,137,0
11994,Female,23,1,46.0,1,< 1 Year,No,2630.0,26.0,89,0
305930,Male,59,1,24.0,1,1-2 Year,No,23497.0,124.0,23,0
68680,Male,22,1,49.0,1,< 1 Year,No,39829.0,152.0,249,0
116633,Male,51,1,28.0,0,1-2 Year,Yes,51137.0,124.0,181,0
101609,Female,22,1,17.0,1,< 1 Year,No,25891.0,160.0,77,0
304040,Female,35,1,1.0,0,1-2 Year,Yes,2630.0,124.0,65,0
249068,Male,52,1,8.0,0,> 2 Years,Yes,46595.0,26.0,265,0
206720,Female,66,1,28.0,1,1-2 Year,No,50557.0,122.0,248,0
276859,Female,35,1,10.0,1,1-2 Year,No,30800.0,152.0,107,0
222345,Male,41,1,28.0,0,1-2 Year,Yes,48311.0,124.0,97,0
375098,Male,50,1,35.0,0,> 2 Years,Yes,34857.0,88.0,194,0
70714,Male,60,1,46.0,0,1-2 Year,Yes,25746.0,26.0,58,0
182933,Female,51,1,33.0,0,1-2 Year,Yes,26844.0,124.0,265,0
174441,Female,24,1,46.0,1,< 1 Year,No,26003.0,152.0,83,0
251685,Male,71,1,33.0,1,1-2 Year,No,45381.0,124.0,249,0
115374,Female,63,1,10.0,0,1-2 Year,Yes,2630.0,152.0,120,0
38936,Female,28,1,36.0,0,< 1 Year,No,52374.0,152.0,169,0
290822,Female,57,1,8.0,0,1-2 Year,Yes,48490.0,124.0,259,0
150497,Male,31,1,3.0,1,< 1 Year,No,30810.0,152.0,122,0
53752,Female,29,1,15.0,0,< 1 Year,Yes,33758.0,152.0,292,0
243182,Male,28,1,35.0,1,< 1 Year,No,37535.0,152.0,121,0
262620,Male,43,1,45.0,1,1-2 Year,No,39924.0,26.0,81,0
178788,Female,33,1,41.0,1,< 1 Year,No,34498.0,152.0,214,0
142859,Male,25,1,6.0,1,< 1 Year,No,2630.0,152.0,291,0
290310,Male,22,1,36.0,1,< 1 Year,No,25424.0,152.0,272,0
139965,Male,59,1,8.0,1,1-2 Year,Yes,38402.0,26.0,170,0
110263,Female,48,1,8.0,0,1-2 Year,Yes,2630.0,120.0,30,0
211385,Male,27,1,14.0,1,< 1 Year,No,21050.0,152.0,139,0
106840,Female,29,1,41.0,1,< 1 Year,No,39101.0,152.0,182,0
62606,Female,22,1,6.0,1,< 1 Year,No,2630.0,152.0,100,0
354539,Female,29,1,28.0,1,< 1 Year,No,36028.0,152.0,108,0
351430,Female,21,1,50.0,0,< 1 Year,Yes,34591.0,160.0,42,0
194427,Female,43,1,33.0,0,1-2 Year,Yes,36995.0,124.0,76,0
16389,Female,50,1,8.0,1,1-2 Year,No,28449.0,26.0,188,0
46343,Female,34,1,14.0,0,1-2 Year,Yes,2630.0,124.0,25,0
87612,Male,62,1,28.0,0,1-2 Year,Yes,50397.0,152.0,13,0
310713,Female,36,1,15.0,0,1-2 Year,Yes,33464.0,152.0,243,0
124897,Female,28,1,14.0,1,< 1 Year,No,28965.0,152.0,176,0
301500,Female,62,1,28.0,0,> 2 Years,Yes,47123.0,124.0,79,0
108959,Female,50,1,28.0,1,1-2 Year,No,32073.0,26.0,10,0
102958,Male,29,1,21.0,0,< 1 Year,Yes,2630.0,160.0,298,0
38375,Female,24,1,47.0,1,< 1 Year,No,33192.0,152.0,49,0
174831,Female,24,1,17.0,0,< 1 Year,Yes,37554.0,152.0,182,0
193488,Male,24,1,36.0,1,< 1 Year,Yes,29381.0,152.0,227,0
73819,Male,23,1,46.0,1,< 1 Year,No,35448.0,152.0,112,0
8787,Female,26,1,16.0,0,< 1 Year,No,32444.0,152.0,213,0
380916,Female,21,1,43.0,1,< 1 Year,No,49513.0,160.0,54,0
221801,Male,44,1,39.0,0,1-2 Year,Yes,31625.0,26.0,125,0
78092,Female,23,1,8.0,1,< 1 Year,No,70335.0,152.0,64,0
269250,Male,20,1,47.0,0,< 1 Year,Yes,35975.0,160.0,151,0
69086,Male,37,1,46.0,1,1-2 Year,No,25736.0,152.0,44,0
15834,Male,50,1,28.0,0,1-2 Year,Yes,32232.0,26.0,287,0
61520,Female,22,1,28.0,1,< 1 Year,No,30162.0,152.0,17,0
340319,Male,25,1,28.0,1,< 1 Year,No,24789.0,152.0,63,0
123226,Female,24,1,8.0,0,1-2 Year,Yes,33810.0,124.0,50,0
85681,Female,34,1,46.0,0,1-2 Year,Yes,2630.0,124.0,293,0
272392,Female,23,1,46.0,1,< 1 Year,No,30367.0,152.0,263,0
182460,Female,30,1,50.0,1,< 1 Year,No,29659.0,152.0,160,0
149681,Male,25,1,35.0,1,< 1 Year,No,35316.0,152.0,199,0
297255,Female,21,1,6.0,0,< 1 Year,Yes,29740.0,160.0,219,0
219490,Male,23,1,11.0,1,< 1 Year,No,27437.0,152.0,216,0
16036,Female,27,1,28.0,1,< 1 Year,No,46886.0,152.0,78,0
204094,Female,62,1,28.0,1,1-2 Year,No,32309.0,24.0,218,0
41475,Male,42,1,13.0,0,1-2 Year,Yes,21167.0,124.0,67,0
156913,Female,30,1,42.0,1,< 1 Year,Yes,27050.0,152.0,205,0
40379,Male,53,1,28.0,0,> 2 Years,Yes,57820.0,26.0,270,0
164433,Male,32,1,37.0,1,< 1 Year,No,31044.0,152.0,188,0
325150,Female,43,1,28.0,0,1-2 Year,Yes,40815.0,26.0,22,0
62540,Male,24,1,8.0,0,< 1 Year,Yes,2630.0,160.0,204,0
204761,Female,26,1,28.0,1,< 1 Year,No,45285.0,152.0,207,0
167746,Female,44,1,41.0,1,1-2 Year,No,33233.0,124.0,135,0
307492,Male,60,1,30.0,1,1-2 Year,No,2630.0,26.0,99,0
341370,Male,75,1,28.0,0,> 2 Years,Yes,34209.0,26.0,42,0
320938,Female,40,1,46.0,0,1-2 Year,Yes,26958.0,124.0,134,0
4766,Female,45,1,46.0,0,1-2 Year,Yes,33384.0,124.0,62,0
373654,Male,24,1,33.0,0,< 1 Year,Yes,36320.0,160.0,127,0
209997,Male,62,1,15.0,0,1-2 Year,Yes,28531.0,26.0,60,0
328092,Female,69,1,28.0,0,> 2 Years,Yes,40645.0,26.0,174,0
333570,Female,23,1,6.0,0,< 1 Year,Yes,24449.0,152.0,218,0
294155,Female,33,1,28.0,1,1-2 Year,No,41570.0,55.0,286,0
149019,Male,38,1,31.0,0,1-2 Year,No,2630.0,124.0,176,0
216104,Female,31,1,29.0,1,1-2 Year,Yes,25876.0,163.0,81,0
17087,Female,75,1,28.0,0,1-2 Year,Yes,28470.0,26.0,176,0
133589,Female,27,1,35.0,1,< 1 Year,No,25630.0,152.0,164,0
224534,Male,51,1,28.0,0,1-2 Year,Yes,52013.0,124.0,76,0
248382,Male,25,1,45.0,1,< 1 Year,No,2630.0,152.0,155,0
111393,Male,48,1,28.0,0,1-2 Year,Yes,52214.0,122.0,56,0
159932,Female,24,1,45.0,0,< 1 Year,No,68302.0,152.0,245,0
245995,Female,78,1,50.0,1,1-2 Year,No,33463.0,8.0,167,0
601,Male,21,1,29.0,1,< 1 Year,No,28450.0,152.0,17,0
284895,Male,46,1,33.0,0,1-2 Year,Yes,29262.0,124.0,182,0
144259,Male,39,1,42.0,0,1-2 Year,Yes,2630.0,156.0,55,0
339016,Male,57,1,41.0,0,1-2 Year,Yes,44289.0,26.0,159,0
118275,Male,47,1,28.0,1,1-2 Year,No,2630.0,26.0,113,0
54034,Female,39,1,28.0,1,1-2 Year,No,37071.0,124.0,54,0
163810,Female,72,1,28.0,0,> 2 Years,Yes,30723.0,122.0,241,0
31230,Male,56,1,28.0,0,1-2 Year,Yes,46211.0,124.0,53,0
6588,Female,28,1,7.0,0,1-2 Year,Yes,37511.0,124.0,86,0
268783,Female,77,1,27.0,0,1-2 Year,Yes,21986.0,124.0,239,0
181519,Male,22,1,30.0,1,< 1 Year,No,28269.0,152.0,145,0
40971,Male,39,1,30.0,0,1-2 Year,Yes,29274.0,26.0,161,0
350954,Female,25,1,13.0,1,< 1 Year,No,24335.0,152.0,177,0
276202,Male,63,1,28.0,1,1-2 Year,No,32525.0,26.0,82,0
278165,Female,54,1,28.0,0,1-2 Year,Yes,43893.0,26.0,224,0
44005,Female,43,1,19.0,1,1-2 Year,No,27258.0,124.0,251,0
11542,Male,65,1,28.0,0,1-2 Year,Yes,51194.0,26.0,33,0
38244,Male,26,1,47.0,0,< 1 Year,Yes,34780.0,26.0,239,0
184425,Female,40,1,14.0,0,1-2 Year,Yes,26547.0,154.0,151,0
213574,Male,25,1,28.0,1,< 1 Year,No,24035.0,152.0,276,0
9771,Female,69,1,21.0,1,1-2 Year,No,2630.0,124.0,258,0
195563,Male,43,1,36.0,0,1-2 Year,Yes,55454.0,124.0,215,0
57550,Female,53,1,40.0,1,1-2 Year,No,29942.0,124.0,296,0
92365,Male,50,1,9.0,0,1-2 Year,No,27840.0,26.0,158,0
247525,Female,36,1,28.0,1,1-2 Year,No,87101.0,124.0,232,0
343242,Male,56,1,45.0,0,1-2 Year,No,28117.0,124.0,122,0
43022,Male,77,1,28.0,1,1-2 Year,No,43502.0,29.0,126,0
25291,Male,73,1,28.0,1,1-2 Year,Yes,65921.0,26.0,269,0
270613,Female,43,1,28.0,0,1-2 Year,Yes,36873.0,124.0,73,0
262982,Female,21,1,3.0,1,< 1 Year,No,22004.0,152.0,101,0
137178,Male,51,1,46.0,1,1-2 Year,No,21294.0,124.0,254,0
32797,Female,26,1,8.0,0,< 1 Year,Yes,2630.0,151.0,102,0
359706,Male,40,1,13.0,1,> 2 Years,Yes,45374.0,26.0,267,0
48935,Male,35,1,4.0,1,1-2 Year,No,2630.0,152.0,107,0
103554,Male,20,1,4.0,0,1-2 Year,Yes,2630.0,156.0,14,0
362378,Male,24,1,8.0,0,< 1 Year,Yes,2630.0,160.0,36,0
180481,Male,25,1,10.0,1,< 1 Year,No,43954.0,152.0,18,0
158485,Male,51,1,28.0,0,1-2 Year,Yes,31881.0,124.0,205,0
47922,Male,39,1,46.0,0,1-2 Year,Yes,28349.0,156.0,53,0
56999,Male,45,1,28.0,0,1-2 Year,No,58055.0,124.0,122,0
315464,Female,24,1,2.0,0,< 1 Year,No,33535.0,152.0,52,0
178488,Male,59,1,29.0,0,1-2 Year,Yes,33678.0,26.0,173,0
231341,Male,50,1,1.0,1,1-2 Year,No,2630.0,124.0,247,0
19172,Female,47,1,46.0,0,1-2 Year,Yes,32922.0,124.0,223,0
352746,Female,24,1,11.0,1,< 1 Year,No,21604.0,152.0,183,0
266765,Male,54,1,28.0,1,1-2 Year,No,34183.0,42.0,195,0
152893,Male,47,1,28.0,0,1-2 Year,Yes,28801.0,124.0,80,0
338253,Male,28,1,28.0,1,< 1 Year,No,31521.0,152.0,93,0
145614,Female,33,1,28.0,1,1-2 Year,No,25146.0,124.0,33,0
121286,Female,27,1,36.0,0,< 1 Year,Yes,2630.0,152.0,207,0
120983,Female,24,1,46.0,1,< 1 Year,No,30660.0,152.0,294,0
314471,Male,51,1,46.0,0,1-2 Year,Yes,2630.0,26.0,299,0
336302,Male,51,1,1.0,0,1-2 Year,Yes,2630.0,26.0,255,0
315816,Male,60,1,41.0,1,1-2 Year,No,25825.0,152.0,120,0
330958,Female,26,1,13.0,1,< 1 Year,No,22288.0,152.0,120,0
123523,Male,50,1,28.0,1,1-2 Year,No,45312.0,122.0,164,0
192198,Female,24,1,8.0,0,< 1 Year,Yes,39125.0,152.0,290,0
88846,Male,24,1,15.0,0,< 1 Year,Yes,50673.0,152.0,61,0
6738,Female,30,1,8.0,0,< 1 Year,Yes,26767.0,152.0,40,0
131862,Female,24,1,49.0,1,< 1 Year,No,26275.0,152.0,35,0
102938,Female,23,1,21.0,1,< 1 Year,No,2630.0,152.0,59,0
290570,Male,26,1,47.0,1,< 1 Year,No,31510.0,152.0,175,0
314291,Male,41,1,3.0,0,1-2 Year,Yes,24443.0,124.0,249,0
213633,Male,23,1,28.0,0,< 1 Year,Yes,41073.0,152.0,130,0
276473,Male,29,1,15.0,0,< 1 Year,Yes,2630.0,151.0,297,0
192361,Male,57,1,8.0,0,1-2 Year,Yes,2630.0,124.0,113,0
181956,Male,44,1,8.0,0,1-2 Year,Yes,29583.0,124.0,46,0
135746,Male,57,1,28.0,0,> 2 Years,Yes,27336.0,158.0,23,0
37567,Male,60,1,28.0,0,1-2 Year,Yes,65063.0,124.0,23,0
218183,Female,45,1,47.0,0,> 2 Years,Yes,38025.0,124.0,104,0
246315,Female,25,1,46.0,1,< 1 Year,No,24627.0,160.0,136,0
10761,Female,43,1,8.0,0,1-2 Year,Yes,2630.0,157.0,31,0
287131,Male,59,1,28.0,1,1-2 Year,No,63534.0,24.0,28,0
253008,Male,66,1,2.0,1,1-2 Year,No,21839.0,26.0,143,0
229537,Male,26,1,50.0,1,< 1 Year,No,32792.0,152.0,64,0
357582,Male,25,1,30.0,1,< 1 Year,No,30348.0,152.0,172,0
152299,Female,62,1,41.0,1,1-2 Year,No,37429.0,136.0,106,0
227850,Female,44,1,27.0,0,1-2 Year,Yes,2630.0,124.0,298,0
191709,Male,67,1,8.0,0,1-2 Year,Yes,29641.0,29.0,94,0
157284,Female,24,1,28.0,0,1-2 Year,Yes,53129.0,26.0,210,0
328084,Female,24,1,2.0,0,< 1 Year,Yes,24579.0,152.0,65,0
273684,Male,54,1,39.0,0,1-2 Year,Yes,31439.0,124.0,117,0
97572,Female,42,1,28.0,1,1-2 Year,No,33955.0,152.0,61,0
53458,Male,23,1,29.0,1,< 1 Year,Yes,2630.0,160.0,77,0
76863,Male,23,1,28.0,1,< 1 Year,No,47508.0,152.0,94,0
42635,Female,23,1,28.0,0,< 1 Year,No,47411.0,152.0,70,0
44573,Female,24,1,12.0,1,< 1 Year,No,37702.0,160.0,113,0
261019,Male,55,1,28.0,0,1-2 Year,Yes,33977.0,23.0,154,0
344169,Female,24,1,8.0,1,< 1 Year,No,28293.0,160.0,204,0
240220,Male,65,1,47.0,0,1-2 Year,Yes,35437.0,26.0,122,0
36987,Female,66,1,11.0,0,1-2 Year,Yes,28479.0,124.0,270,0
296812,Male,38,1,33.0,0,1-2 Year,Yes,36287.0,26.0,221,0
158010,Female,35,1,43.0,0,1-2 Year,Yes,2630.0,160.0,244,0
154474,Male,25,1,24.0,1,< 1 Year,No,46571.0,152.0,291,0
304737,Female,27,1,8.0,1,< 1 Year,No,39752.0,160.0,253,0
355588,Female,26,1,41.0,0,< 1 Year,Yes,23671.0,152.0,23,0
356495,Female,21,1,50.0,0,< 1 Year,Yes,18453.0,152.0,123,0
241681,Male,24,1,36.0,0,< 1 Year,Yes,41170.0,152.0,250,0
227232,Female,64,1,46.0,1,1-2 Year,No,21253.0,122.0,161,0
340512,Male,21,1,47.0,0,< 1 Year,No,31490.0,152.0,57,0
169794,Male,21,1,50.0,1,< 1 Year,No,41963.0,160.0,293,0
56335,Female,23,1,30.0,1,< 1 Year,No,18012.0,152.0,190,0
191834,Male,73,1,28.0,0,> 2 Years,Yes,40149.0,157.0,198,0
225121,Male,46,1,8.0,1,1-2 Year,No,36173.0,19.0,14,0
275863,Male,54,1,28.0,0,1-2 Year,Yes,78136.0,124.0,125,0
91391,Male,71,1,39.0,1,1-2 Year,No,2630.0,124.0,142,0
56787,Male,21,1,17.0,0,< 1 Year,Yes,48602.0,160.0,133,0
62984,Male,42,1,35.0,1,1-2 Year,No,30057.0,124.0,255,0
274681,Male,54,1,50.0,0,> 2 Years,Yes,20042.0,26.0,21,0
26046,Female,26,1,28.0,1,< 1 Year,No,55310.0,152.0,84,0
172049,Female,28,1,5.0,0,< 1 Year,Yes,31141.0,152.0,142,0
193471,Male,60,1,28.0,1,1-2 Year,No,33679.0,152.0,273,0
147131,Male,46,1,28.0,0,1-2 Year,Yes,39107.0,152.0,279,0
285688,Female,74,1,28.0,1,1-2 Year,No,25386.0,124.0,10,0
365690,Female,30,1,28.0,1,< 1 Year,No,25970.0,152.0,21,0
23799,Male,22,1,38.0,1,< 1 Year,No,42389.0,152.0,54,0
327949,Female,29,1,10.0,0,< 1 Year,Yes,2630.0,160.0,20,0
39310,Female,46,1,28.0,0,1-2 Year,No,65879.0,26.0,289,0
299268,Female,21,1,15.0,1,< 1 Year,No,27970.0,160.0,52,0
17308,Female,27,1,34.0,1,< 1 Year,No,24993.0,152.0,33,0
332075,Female,24,1,28.0,0,1-2 Year,Yes,2630.0,124.0,189,0
330114,Male,22,1,28.0,0,< 1 Year,Yes,64082.0,152.0,80,0
44334,Female,38,1,6.0,0,1-2 Year,No,21158.0,124.0,159,0
250519,Female,21,1,30.0,1,< 1 Year,No,29951.0,160.0,221,0
377552,Male,28,1,35.0,0,< 1 Year,Yes,25652.0,152.0,182,0
367788,Female,20,1,30.0,1,< 1 Year,Yes,2630.0,160.0,103,0
165751,Male,51,1,8.0,0,1-2 Year,Yes,83151.0,26.0,110,0
290034,Male,28,1,28.0,1,< 1 Year,No,40312.0,152.0,201,0
234731,Male,24,1,41.0,1,< 1 Year,No,17654.0,152.0,35,0
57491,Male,24,1,28.0,0,< 1 Year,Yes,35650.0,152.0,142,0
282011,Female,72,1,28.0,0,1-2 Year,Yes,46679.0,122.0,193,0
60549,Male,22,1,21.0,1,< 1 Year,No,36860.0,152.0,279,0
98126,Female,22,1,41.0,1,< 1 Year,No,28361.0,152.0,246,0
197085,Male,23,1,21.0,1,< 1 Year,No,23602.0,152.0,265,0
108530,Male,69,1,3.0,1,1-2 Year,No,2630.0,124.0,151,0
370787,Male,30,1,41.0,1,< 1 Year,No,29870.0,152.0,118,0
314838,Male,22,1,10.0,0,< 1 Year,Yes,30163.0,152.0,182,0
240060,Female,21,1,14.0,1,< 1 Year,No,27629.0,152.0,273,0
56625,Female,79,1,15.0,0,1-2 Year,Yes,34209.0,124.0,98,0
232766,Female,64,1,33.0,0,1-2 Year,Yes,30810.0,132.0,167,0
11099,Male,23,1,49.0,1,< 1 Year,No,31337.0,26.0,195,0
30996,Male,35,1,38.0,1,1-2 Year,No,28904.0,154.0,217,0
108216,Male,55,1,28.0,0,1-2 Year,Yes,35221.0,124.0,122,0
111215,Male,65,1,46.0,1,1-2 Year,No,36217.0,26.0,272,0
273226,Male,25,1,8.0,1,< 1 Year,No,38816.0,152.0,60,0
296893,Female,21,1,11.0,0,< 1 Year,Yes,20161.0,152.0,298,0
112338,Female,22,1,8.0,1,< 1 Year,No,22881.0,152.0,259,0
341093,Female,62,1,28.0,1,1-2 Year,No,84219.0,124.0,208,0
328493,Female,41,1,46.0,1,1-2 Year,No,26392.0,124.0,33,0
299814,Female,29,1,35.0,1,< 1 Year,No,27259.0,152.0,146,0
43521,Male,49,1,33.0,0,1-2 Year,Yes,47787.0,26.0,95,0
138692,Male,24,1,21.0,1,< 1 Year,No,29247.0,152.0,162,0
51724,Female,74,1,41.0,1,1-2 Year,No,39508.0,26.0,264,0
377220,Female,51,1,0.0,0,1-2 Year,Yes,2630.0,26.0,151,0
241517,Female,23,1,29.0,1,< 1 Year,No,30382.0,152.0,172,0
374644,Male,43,1,28.0,0,1-2 Year,Yes,2630.0,124.0,50,0
109007,Female,23,1,41.0,1,< 1 Year,No,21514.0,152.0,237,0
255717,Female,31,1,50.0,1,1-2 Year,No,36141.0,8.0,267,0
101635,Male,25,1,28.0,1,< 1 Year,No,60084.0,152.0,265,0
285501,Female,68,1,36.0,0,1-2 Year,Yes,26118.0,157.0,151,0
290038,Female,28,1,21.0,1,< 1 Year,No,28786.0,152.0,173,0
115189,Female,53,1,8.0,0,1-2 Year,Yes,67700.0,7.0,106,0
7100,Male,44,1,28.0,1,1-2 Year,No,26654.0,124.0,91,0
179051,Female,41,1,26.0,0,1-2 Year,Yes,36055.0,124.0,230,0
263201,Male,25,1,45.0,0,< 1 Year,Yes,27256.0,152.0,51,0
277200,Male,21,1,46.0,1,< 1 Year,No,33267.0,152.0,137,0
333474,Female,21,1,15.0,0,< 1 Year,No,31594.0,160.0,103,0
231395,Male,23,1,3.0,1,1-2 Year,No,2630.0,156.0,193,0
129946,Male,29,1,8.0,0,< 1 Year,Yes,34600.0,124.0,252,0
11055,Female,22,1,30.0,1,< 1 Year,No,29802.0,152.0,117,0
101595,Female,27,1,28.0,1,< 1 Year,No,48801.0,152.0,77,0
221183,Male,46,1,28.0,1,1-2 Year,Yes,45824.0,26.0,278,0
153566,Female,30,1,21.0,1,< 1 Year,No,48712.0,152.0,282,0
181820,Female,43,1,2.0,1,1-2 Year,No,24767.0,154.0,273,0
220438,Female,24,1,41.0,1,< 1 Year,No,21858.0,152.0,237,0
75245,Female,48,1,28.0,0,> 2 Years,Yes,43191.0,124.0,118,0
88410,Male,24,1,12.0,1,< 1 Year,No,24497.0,152.0,292,0
256307,Female,23,1,41.0,1,< 1 Year,No,26006.0,152.0,197,0
123044,Female,43,1,50.0,0,1-2 Year,Yes,2630.0,26.0,42,0
271793,Female,29,1,6.0,0,< 1 Year,No,33809.0,152.0,239,0
217156,Female,20,1,28.0,0,< 1 Year,Yes,50638.0,160.0,53,0
374795,Male,50,1,41.0,1,1-2 Year,No,32200.0,12.0,283,0
347175,Female,54,1,28.0,0,1-2 Year,Yes,32888.0,124.0,163,0
279964,Male,51,1,28.0,0,1-2 Year,Yes,2630.0,124.0,136,0
52849,Female,22,1,28.0,0,1-2 Year,Yes,48524.0,157.0,278,0
235329,Female,53,1,28.0,1,1-2 Year,No,31248.0,26.0,163,0
319767,Female,53,1,21.0,0,1-2 Year,Yes,2630.0,157.0,24,0
358454,Male,31,1,41.0,1,1-2 Year,No,36982.0,124.0,12,0
282871,Male,79,1,46.0,0,1-2 Year,No,24878.0,124.0,285,0
365549,Female,57,1,25.0,1,1-2 Year,No,25284.0,26.0,204,0
69261,Female,29,1,33.0,1,< 1 Year,No,29772.0,152.0,119,0
222087,Male,24,1,17.0,1,< 1 Year,No,35760.0,152.0,119,0
315145,Male,22,1,12.0,1,< 1 Year,No,36360.0,152.0,181,0
244164,Female,27,1,37.0,1,< 1 Year,Yes,34079.0,152.0,191,0
211964,Female,24,1,37.0,1,< 1 Year,No,37048.0,152.0,131,0
328232,Male,22,1,8.0,1,< 1 Year,No,73228.0,152.0,294,0
64677,Male,36,1,10.0,1,1-2 Year,No,38327.0,152.0,168,0
181980,Male,58,1,3.0,0,1-2 Year,Yes,29772.0,26.0,11,0
201858,Male,63,1,8.0,0,1-2 Year,Yes,2630.0,124.0,164,0
250170,Female,25,1,28.0,1,< 1 Year,No,45350.0,152.0,295,0
19846,Male,56,1,3.0,1,1-2 Year,No,44014.0,26.0,44,0
1106,Female,33,1,28.0,1,1-2 Year,No,32211.0,124.0,242,0
246559,Female,49,1,47.0,0,1-2 Year,Yes,49113.0,124.0,27,0
131555,Male,21,1,28.0,0,< 1 Year,Yes,48137.0,160.0,278,0
92624,Female,25,1,46.0,1,< 1 Year,No,28081.0,152.0,10,0
300215,Female,48,1,28.0,1,1-2 Year,No,27371.0,124.0,36,0
173527,Female,46,1,28.0,0,1-2 Year,Yes,36585.0,26.0,154,0
342176,Female,44,1,28.0,1,1-2 Year,No,32850.0,124.0,90,0
99508,Male,21,1,44.0,1,< 1 Year,No,31696.0,152.0,127,0
280856,Male,41,1,3.0,0,1-2 Year,Yes,2630.0,157.0,220,0
173010,Female,25,1,25.0,0,< 1 Year,Yes,2630.0,152.0,262,0
84725,Female,20,1,35.0,0,< 1 Year,Yes,42445.0,160.0,26,0
225721,Male,54,1,41.0,0,1-2 Year,Yes,40879.0,124.0,63,0
107432,Male,76,1,28.0,1,1-2 Year,No,51776.0,124.0,184,0
224532,Male,60,1,28.0,0,> 2 Years,Yes,53111.0,13.0,273,0
184522,Female,27,1,8.0,1,< 1 Year,No,37208.0,152.0,57,0
158906,Female,68,1,28.0,0,1-2 Year,Yes,37297.0,13.0,105,0
97674,Male,25,1,28.0,1,< 1 Year,No,22219.0,152.0,204,0
84952,Male,71,1,28.0,0,1-2 Year,No,31943.0,26.0,65,0
336179,Male,21,1,8.0,1,< 1 Year,No,56428.0,160.0,266,0
172779,Male,24,1,8.0,0,< 1 Year,No,42567.0,152.0,154,0
327616,Male,48,1,46.0,1,1-2 Year,No,38691.0,11.0,85,0
202532,Female,74,1,46.0,0,> 2 Years,Yes,55753.0,11.0,192,0
110469,Male,56,1,28.0,0,1-2 Year,Yes,36554.0,26.0,23,0
244418,Female,70,1,28.0,0,1-2 Year,Yes,30281.0,124.0,147,0
296568,Male,71,1,28.0,1,1-2 Year,No,42813.0,124.0,144,0
64218,Female,60,1,28.0,0,1-2 Year,Yes,33002.0,124.0,287,0
153415,Male,28,1,46.0,1,< 1 Year,No,31872.0,152.0,53,0
194129,Female,50,1,46.0,1,1-2 Year,No,27684.0,122.0,136,0
269077,Male,21,1,8.0,0,< 1 Year,No,42133.0,152.0,64,0
277358,Male,30,1,11.0,1,< 1 Year,No,32378.0,152.0,262,0
131005,Female,60,1,28.0,0,1-2 Year,Yes,35558.0,26.0,14,0
147338,Female,73,1,28.0,0,1-2 Year,Yes,39133.0,124.0,116,0
323140,Male,53,1,28.0,1,1-2 Year,No,52321.0,26.0,285,0
35184,Male,53,1,28.0,0,1-2 Year,No,2630.0,157.0,68,0
97359,Female,25,1,39.0,1,< 1 Year,No,29610.0,152.0,72,0
363227,Female,48,1,50.0,0,1-2 Year,No,32105.0,152.0,264,0
32503,Male,46,1,22.0,0,1-2 Year,No,34584.0,154.0,153,0
207734,Male,81,1,28.0,1,1-2 Year,No,25444.0,124.0,296,0
207262,Female,36,1,20.0,1,1-2 Year,No,2630.0,26.0,223,0
165028,Female,47,1,28.0,0,1-2 Year,Yes,48184.0,26.0,76,0
286383,Male,27,1,41.0,1,< 1 Year,No,34365.0,151.0,126,0
328877,Male,48,1,46.0,1,1-2 Year,No,2630.0,124.0,77,0
139526,Female,36,1,28.0,0,1-2 Year,Yes,20686.0,26.0,82,0
334324,Female,43,1,41.0,0,> 2 Years,Yes,2630.0,156.0,288,0
163269,Male,28,1,11.0,1,< 1 Year,No,23801.0,152.0,275,0
161689,Male,23,1,18.0,1,< 1 Year,No,26725.0,152.0,199,0
105406,Female,47,1,28.0,0,1-2 Year,No,2630.0,26.0,155,0
67245,Female,59,1,28.0,0,1-2 Year,Yes,26932.0,26.0,161,0
319882,Male,32,1,20.0,0,1-2 Year,Yes,2630.0,124.0,55,0
147804,Female,37,1,28.0,0,1-2 Year,Yes,2630.0,122.0,232,0
245553,Female,20,1,29.0,0,< 1 Year,Yes,2630.0,160.0,148,0
127491,Male,41,1,28.0,1,1-2 Year,No,47363.0,26.0,30,0
192887,Male,22,1,47.0,1,< 1 Year,No,37314.0,152.0,189,0
31297,Female,43,1,41.0,0,1-2 Year,No,28992.0,26.0,116,0
114883,Male,51,1,8.0,0,1-2 Year,Yes,48085.0,26.0,192,0
103660,Male,29,1,28.0,0,< 1 Year,Yes,45636.0,152.0,168,0
212314,Female,45,1,28.0,1,1-2 Year,No,37577.0,124.0,56,0
334317,Male,29,1,30.0,1,< 1 Year,No,30991.0,152.0,40,0
188068,Female,45,1,28.0,1,1-2 Year,No,48833.0,26.0,95,0
35245,Female,24,1,16.0,1,< 1 Year,No,22654.0,152.0,48,0
247248,Male,23,1,8.0,1,< 1 Year,No,26320.0,152.0,178,0
302958,Female,37,1,28.0,1,1-2 Year,No,27803.0,124.0,182,0
151685,Male,23,1,28.0,1,< 1 Year,Yes,55073.0,124.0,296,0
347682,Female,26,1,15.0,1,< 1 Year,No,36616.0,152.0,136,0
5815,Female,26,1,41.0,1,< 1 Year,No,23710.0,152.0,175,0
338701,Male,37,1,28.0,1,1-2 Year,No,38973.0,152.0,34,0
157976,Female,32,1,36.0,0,< 1 Year,Yes,29927.0,152.0,211,0
181508,Male,26,1,46.0,1,< 1 Year,No,22874.0,152.0,124,0
195201,Male,23,1,28.0,0,< 1 Year,Yes,35831.0,153.0,47,0
259280,Male,37,1,17.0,1,1-2 Year,No,2630.0,152.0,91,0
73460,Female,22,1,28.0,1,< 1 Year,No,43606.0,152.0,44,0
178322,Male,62,1,50.0,1,1-2 Year,No,42506.0,8.0,27,0
328750,Female,67,1,28.0,0,1-2 Year,No,22901.0,26.0,131,0
312749,Male,50,1,41.0,1,1-2 Year,No,32651.0,26.0,40,0
7373,Male,49,1,48.0,1,1-2 Year,No,2630.0,124.0,297,0
340575,Female,25,1,15.0,0,< 1 Year,Yes,2630.0,151.0,200,0
380319,Male,44,1,8.0,1,1-2 Year,No,34102.0,26.0,65,0
245329,Female,31,1,8.0,0,< 1 Year,Yes,27349.0,152.0,225,0
2927,Female,26,1,30.0,1,< 1 Year,No,2630.0,152.0,221,0
103781,Female,22,1,8.0,0,< 1 Year,Yes,60429.0,152.0,29,0
323443,Male,38,1,28.0,0,1-2 Year,Yes,32633.0,26.0,20,0
284225,Female,25,1,32.0,0,< 1 Year,Yes,26179.0,152.0,209,0
15319,Female,78,1,33.0,0,1-2 Year,Yes,35443.0,26.0,35,0
129196,Male,24,1,16.0,1,< 1 Year,No,27164.0,152.0,137,0
226222,Female,40,1,6.0,0,1-2 Year,Yes,23685.0,124.0,103,0
218279,Male,20,1,32.0,1,< 1 Year,Yes,2630.0,160.0,64,0
228809,Male,72,1,28.0,0,1-2 Year,Yes,33801.0,26.0,114,0
83444,Female,23,1,46.0,1,< 1 Year,No,2630.0,160.0,192,0
162877,Male,38,1,32.0,0,1-2 Year,Yes,35905.0,163.0,19,0
106226,Male,30,1,46.0,1,< 1 Year,Yes,29734.0,154.0,169,0
124008,Male,56,1,46.0,0,1-2 Year,Yes,30150.0,26.0,256,0
39804,Female,28,1,24.0,1,< 1 Year,No,27172.0,124.0,195,0
178494,Female,60,1,28.0,0,1-2 Year,Yes,30462.0,26.0,227,0
75742,Male,80,1,28.0,0,> 2 Years,Yes,44787.0,26.0,49,0
238554,Female,21,1,6.0,1,< 1 Year,No,31128.0,152.0,167,0
71939,Male,21,1,37.0,1,< 1 Year,No,30833.0,152.0,184,0
244527,Female,23,1,25.0,1,< 1 Year,No,25541.0,160.0,111,0
275174,Female,48,1,28.0,0,1-2 Year,Yes,35497.0,26.0,39,0
319847,Male,23,1,30.0,1,< 1 Year,No,29673.0,152.0,274,0
285382,Female,24,1,30.0,1,< 1 Year,No,23584.0,152.0,188,0
211008,Female,53,1,48.0,0,1-2 Year,Yes,2630.0,15.0,287,0
203831,Female,41,1,2.0,1,1-2 Year,No,29163.0,152.0,269,0
947,Male,22,1,15.0,1,< 1 Year,No,38356.0,152.0,258,0
214921,Male,25,1,14.0,1,< 1 Year,No,30282.0,152.0,195,0
188178,Male,31,1,10.0,1,< 1 Year,No,26888.0,152.0,45,0
130307,Male,26,1,47.0,1,< 1 Year,No,36631.0,152.0,197,0
67530,Female,46,1,38.0,1,1-2 Year,No,24967.0,124.0,142,0
60524,Female,49,1,31.0,0,> 2 Years,Yes,2630.0,26.0,118,0
356343,Male,24,1,11.0,1,< 1 Year,No,35290.0,152.0,138,0
2409,Female,58,1,28.0,0,> 2 Years,Yes,29127.0,26.0,146,0
163177,Male,72,1,28.0,0,1-2 Year,Yes,45983.0,26.0,290,0
245323,Male,63,1,28.0,0,1-2 Year,Yes,52861.0,26.0,109,0
151591,Female,35,1,39.0,0,1-2 Year,Yes,2630.0,156.0,177,0
248265,Female,23,1,37.0,0,< 1 Year,Yes,41623.0,152.0,275,0
144828,Male,57,1,28.0,0,> 2 Years,Yes,44281.0,124.0,178,0
129763,Male,25,1,29.0,1,< 1 Year,Yes,39168.0,152.0,42,0
68012,Female,25,1,25.0,1,< 1 Year,No,83228.0,152.0,168,0
227296,Male,31,1,11.0,0,< 1 Year,Yes,28626.0,152.0,231,0
16133,Male,24,1,2.0,0,< 1 Year,Yes,28417.0,152.0,249,0
120369,Male,27,1,5.0,1,< 1 Year,No,36215.0,160.0,108,0
87981,Female,27,1,21.0,0,< 1 Year,Yes,35154.0,157.0,252,0
371976,Male,49,1,8.0,0,1-2 Year,Yes,28306.0,26.0,185,0
164539,Male,30,1,11.0,0,< 1 Year,No,2630.0,1.0,65,0
283808,Female,22,1,46.0,1,< 1 Year,No,32712.0,152.0,106,0
328726,Female,23,1,8.0,1,< 1 Year,No,63298.0,26.0,123,0
277124,Female,73,1,28.0,1,1-2 Year,No,54558.0,26.0,41,0
123190,Female,55,1,28.0,0,> 2 Years,Yes,45897.0,26.0,157,0
104769,Male,49,1,38.0,1,1-2 Year,No,20193.0,152.0,61,0
91451,Female,31,1,47.0,1,1-2 Year,No,26509.0,124.0,74,0
362494,Female,24,1,30.0,1,< 1 Year,No,27021.0,152.0,268,0
184544,Male,25,1,29.0,1,< 1 Year,No,41894.0,152.0,190,0
23256,Female,25,1,50.0,0,< 1 Year,Yes,2630.0,156.0,200,0
4978,Male,34,1,47.0,1,1-2 Year,No,46130.0,152.0,16,0
123000,Female,28,1,45.0,1,< 1 Year,No,27886.0,152.0,30,0
190239,Female,25,1,34.0,1,< 1 Year,No,30605.0,152.0,223,0
337308,Female,28,1,50.0,1,< 1 Year,No,20532.0,152.0,24,0
345478,Male,24,1,30.0,1,< 1 Year,Yes,27764.0,152.0,231,0
193079,Male,29,1,3.0,0,< 1 Year,Yes,45911.0,152.0,219,0
218798,Female,23,1,13.0,1,< 1 Year,No,24834.0,152.0,134,0
241513,Male,40,1,30.0,0,1-2 Year,Yes,22327.0,124.0,230,0
254225,Male,39,1,32.0,1,1-2 Year,No,26496.0,152.0,270,0
182233,Male,29,1,41.0,1,< 1 Year,No,35203.0,152.0,126,0
354480,Female,44,1,30.0,1,1-2 Year,No,27095.0,154.0,250,0
62775,Female,23,1,12.0,1,< 1 Year,No,26954.0,152.0,284,0
6800,Male,30,1,11.0,0,< 1 Year,Yes,26931.0,154.0,213,0
163772,Male,59,1,28.0,0,1-2 Year,Yes,53263.0,147.0,165,0
256534,Female,44,1,28.0,1,1-2 Year,No,40039.0,26.0,88,0
226029,Male,24,1,10.0,1,< 1 Year,No,36271.0,152.0,267,0
276435,Male,26,1,41.0,1,< 1 Year,No,50999.0,152.0,145,0
283416,Female,20,1,10.0,1,< 1 Year,No,25450.0,160.0,257,0
73706,Male,21,1,36.0,1,< 1 Year,Yes,30921.0,160.0,227,0
188375,Female,24,1,25.0,1,< 1 Year,No,31548.0,152.0,236,0
326385,Female,23,1,47.0,0,< 1 Year,Yes,37966.0,151.0,159,0
33719,Male,57,1,46.0,0,1-2 Year,Yes,25486.0,156.0,262,0
126489,Male,42,1,33.0,0,1-2 Year,Yes,2630.0,156.0,291,0
41787,Female,37,1,50.0,0,1-2 Year,Yes,39223.0,124.0,214,0
78178,Female,54,1,41.0,0,1-2 Year,Yes,25564.0,26.0,108,0
262147,Female,31,1,46.0,1,< 1 Year,No,25056.0,160.0,247,0
241727,Male,53,1,36.0,0,1-2 Year,Yes,51541.0,26.0,204,0
91749,Male,45,1,38.0,0,1-2 Year,Yes,33938.0,124.0,176,0
97279,Male,72,1,28.0,1,1-2 Year,No,35191.0,30.0,176,0
347384,Female,34,1,29.0,1,1-2 Year,No,31618.0,152.0,98,0
31300,Male,20,1,46.0,0,< 1 Year,Yes,2630.0,160.0,188,0
100704,Female,23,1,9.0,0,< 1 Year,No,2630.0,152.0,79,0
53924,Male,55,1,27.0,0,1-2 Year,Yes,31721.0,26.0,98,0
62036,Male,59,1,24.0,0,> 2 Years,Yes,43084.0,124.0,48,0
97227,Male,62,1,28.0,0,1-2 Year,Yes,49729.0,61.0,111,0
71812,Female,23,1,28.0,0,< 1 Year,Yes,40977.0,152.0,252,0
251728,Male,77,1,28.0,1,1-2 Year,No,33582.0,26.0,259,0
12596,Male,26,1,39.0,1,< 1 Year,No,19269.0,152.0,165,0
172884,Female,25,1,15.0,1,< 1 Year,No,40506.0,152.0,155,0
45216,Male,27,1,15.0,0,< 1 Year,No,24108.0,152.0,91,0
363595,Male,32,1,24.0,0,1-2 Year,Yes,51645.0,154.0,157,0
213705,Female,22,1,35.0,1,< 1 Year,No,35535.0,152.0,273,0
82538,Female,24,1,11.0,1,< 1 Year,No,30174.0,152.0,201,0
106101,Female,42,1,22.0,1,1-2 Year,No,28975.0,63.0,175,0
357504,Male,53,1,28.0,0,1-2 Year,Yes,49287.0,26.0,202,0
192190,Female,69,1,28.0,0,> 2 Years,Yes,31120.0,124.0,263,0
179941,Male,47,1,46.0,0,1-2 Year,Yes,47935.0,26.0,64,0
211144,Male,52,1,35.0,1,1-2 Year,No,24509.0,26.0,32,0
120888,Female,30,1,17.0,0,< 1 Year,No,2630.0,152.0,58,0
324483,Female,51,1,41.0,0,1-2 Year,Yes,62158.0,26.0,164,0
27507,Male,47,1,28.0,1,1-2 Year,No,29445.0,124.0,51,0
349547,Female,40,1,28.0,0,1-2 Year,No,39509.0,26.0,196,0
233778,Male,43,1,24.0,1,1-2 Year,No,29459.0,124.0,103,0
185199,Female,25,1,46.0,0,< 1 Year,No,25716.0,152.0,142,0
30914,Female,28,1,9.0,0,< 1 Year,Yes,45199.0,152.0,61,0
225942,Male,56,1,28.0,0,> 2 Years,Yes,66181.0,26.0,15,0
174000,Female,49,1,48.0,0,1-2 Year,Yes,2630.0,124.0,256,0
20450,Female,58,1,28.0,1,1-2 Year,No,27056.0,23.0,284,0
334252,Male,24,1,46.0,1,< 1 Year,No,28557.0,160.0,61,0
339764,Female,28,1,11.0,1,< 1 Year,No,44349.0,152.0,209,0
90468,Male,47,1,8.0,0,1-2 Year,Yes,30157.0,124.0,108,0
293713,Female,44,1,28.0,0,1-2 Year,Yes,30880.0,26.0,203,0
110037,Female,50,1,28.0,0,1-2 Year,Yes,60383.0,55.0,209,0
275469,Female,77,1,14.0,0,1-2 Year,Yes,31388.0,124.0,213,0
371973,Female,22,1,45.0,1,< 1 Year,No,29457.0,152.0,211,0
47672,Female,24,1,6.0,0,< 1 Year,Yes,23838.0,152.0,203,0
8080,Male,42,1,46.0,0,1-2 Year,Yes,38951.0,124.0,297,0
147211,Female,23,1,25.0,0,< 1 Year,Yes,21926.0,152.0,48,0
259891,Male,43,1,48.0,0,1-2 Year,No,2630.0,122.0,63,0
247028,Male,24,1,3.0,1,< 1 Year,No,30384.0,152.0,176,0
261702,Male,28,1,10.0,0,< 1 Year,Yes,53382.0,152.0,125,0
198137,Female,56,1,28.0,1,1-2 Year,No,49039.0,124.0,191,0
164479,Male,22,1,50.0,1,< 1 Year,No,38262.0,152.0,284,0
328171,Female,26,1,29.0,1,< 1 Year,No,25694.0,152.0,213,0
368534,Male,50,1,8.0,1,1-2 Year,No,40058.0,26.0,177,0
216309,Female,24,1,34.0,0,< 1 Year,Yes,42158.0,152.0,171,0
109588,Female,41,1,28.0,0,1-2 Year,Yes,28924.0,26.0,132,0
76033,Male,21,1,47.0,0,< 1 Year,Yes,27614.0,160.0,126,0
334278,Female,24,1,3.0,1,< 1 Year,No,32490.0,152.0,135,0
137772,Male,41,1,28.0,0,1-2 Year,Yes,24168.0,124.0,58,0
170090,Male,61,1,8.0,0,1-2 Year,Yes,2630.0,160.0,16,0
270894,Female,27,1,28.0,0,< 1 Year,Yes,41073.0,152.0,145,0
241185,Female,43,1,28.0,0,1-2 Year,No,25531.0,124.0,232,0
98657,Male,33,1,28.0,1,1-2 Year,No,36864.0,124.0,114,0
14412,Female,24,1,21.0,0,< 1 Year,Yes,2630.0,160.0,161,0
323954,Female,43,1,0.0,1,1-2 Year,No,2630.0,26.0,51,0
206683,Male,31,1,28.0,1,< 1 Year,No,76275.0,152.0,238,0
295460,Female,22,1,15.0,1,< 1 Year,No,23116.0,152.0,171,0
126512,Male,21,1,49.0,1,< 1 Year,No,23404.0,152.0,156,0
349563,Male,26,1,8.0,0,< 1 Year,No,48620.0,152.0,70,0
221844,Male,30,1,45.0,1,< 1 Year,No,18403.0,152.0,296,0
46209,Male,37,1,22.0,0,1-2 Year,Yes,36311.0,122.0,255,0
284294,Male,44,1,8.0,0,1-2 Year,Yes,49241.0,122.0,68,0
360907,Female,25,1,8.0,1,< 1 Year,No,32930.0,152.0,40,0
127984,Male,23,1,47.0,1,< 1 Year,No,36234.0,152.0,134,0
250617,Male,36,1,35.0,1,1-2 Year,No,31053.0,152.0,200,0
229439,Female,51,1,8.0,0,1-2 Year,Yes,40992.0,152.0,127,0
4925,Male,37,1,50.0,1,1-2 Year,No,27812.0,124.0,116,0
35541,Male,24,1,41.0,1,< 1 Year,No,22146.0,152.0,271,0
245330,Male,72,1,0.0,0,1-2 Year,Yes,2630.0,122.0,214,0
330992,Female,25,1,21.0,1,< 1 Year,No,24748.0,152.0,101,0
275867,Male,41,1,2.0,0,1-2 Year,Yes,47106.0,8.0,137,0
83232,Male,58,1,28.0,0,1-2 Year,Yes,21883.0,26.0,119,0
65046,Male,25,1,12.0,1,< 1 Year,No,26937.0,152.0,63,0
256047,Male,21,1,10.0,1,< 1 Year,No,20934.0,152.0,14,0
299230,Male,49,1,28.0,1,1-2 Year,No,2630.0,26.0,121,0
261626,Male,54,1,29.0,1,1-2 Year,No,26815.0,26.0,200,0
290811,Male,41,1,8.0,0,1-2 Year,Yes,34364.0,124.0,279,0
252110,Female,65,1,33.0,1,1-2 Year,No,25674.0,157.0,187,0
248670,Female,45,1,41.0,0,1-2 Year,Yes,38077.0,124.0,71,0
114754,Male,27,1,12.0,0,< 1 Year,Yes,38999.0,124.0,170,0
246332,Male,50,1,28.0,0,1-2 Year,Yes,44940.0,26.0,175,0
125085,Male,48,1,28.0,0,1-2 Year,Yes,38192.0,26.0,28,0
230057,Female,45,1,9.0,0,1-2 Year,Yes,35170.0,26.0,101,0
112070,Female,80,1,28.0,1,1-2 Year,No,37882.0,122.0,148,0
172303,Male,58,1,41.0,1,1-2 Year,Yes,42204.0,124.0,117,0
91777,Female,47,1,27.0,0,1-2 Year,No,29431.0,124.0,47,0
185033,Female,23,1,8.0,1,< 1 Year,No,39642.0,152.0,285,0
92084,Male,75,1,50.0,1,1-2 Year,No,36940.0,69.0,298,0
68020,Male,45,1,8.0,1,1-2 Year,No,43990.0,7.0,166,0
215967,Female,27,1,50.0,1,< 1 Year,No,36836.0,152.0,220,0
189798,Female,48,1,8.0,0,> 2 Years,Yes,32698.0,26.0,74,0
359545,Male,24,1,29.0,1,< 1 Year,No,31024.0,152.0,106,0
374502,Male,61,1,28.0,0,1-2 Year,Yes,41612.0,26.0,172,0
21266,Male,47,1,47.0,1,1-2 Year,No,35841.0,124.0,60,0
163890,Female,22,1,25.0,1,< 1 Year,No,22972.0,152.0,249,0
188615,Male,23,1,8.0,1,< 1 Year,No,26232.0,160.0,71,0
272906,Female,21,1,50.0,0,< 1 Year,Yes,38841.0,160.0,264,0
34096,Female,24,1,8.0,1,< 1 Year,No,37460.0,160.0,281,0
33413,Male,55,1,28.0,0,1-2 Year,Yes,54446.0,124.0,260,0
323233,Female,41,1,28.0,0,1-2 Year,Yes,39734.0,124.0,275,0
15770,Male,21,1,30.0,0,< 1 Year,Yes,29924.0,152.0,30,0
320367,Male,22,1,3.0,1,< 1 Year,No,38917.0,152.0,147,0
298724,Male,25,1,41.0,1,< 1 Year,No,48796.0,152.0,31,0
91330,Female,24,1,14.0,1,< 1 Year,No,18341.0,152.0,53,0
21330,Female,38,1,41.0,0,1-2 Year,Yes,47581.0,26.0,131,0
197947,Male,44,1,50.0,0,1-2 Year,Yes,2630.0,156.0,275,0
113086,Female,25,1,29.0,1,< 1 Year,No,31759.0,152.0,122,0
43940,Male,70,1,40.0,0,1-2 Year,Yes,26039.0,26.0,75,0
126241,Female,44,1,30.0,1,1-2 Year,No,26948.0,152.0,74,0
24791,Female,22,1,50.0,1,< 1 Year,No,30160.0,160.0,97,0
143788,Male,28,1,50.0,1,< 1 Year,No,30536.0,152.0,208,0
322534,Male,24,1,41.0,1,< 1 Year,No,45394.0,152.0,160,0
55529,Male,24,1,41.0,1,< 1 Year,Yes,37700.0,152.0,211,0
168845,Female,51,1,36.0,1,1-2 Year,No,32186.0,124.0,46,0
68021,Male,54,1,28.0,1,1-2 Year,No,43998.0,124.0,61,0
86466,Male,37,1,46.0,0,1-2 Year,Yes,20907.0,124.0,123,0
270365,Female,26,1,28.0,1,< 1 Year,No,37140.0,152.0,168,0
266014,Male,41,1,28.0,0,1-2 Year,No,57936.0,124.0,206,0
351653,Male,22,1,29.0,0,1-2 Year,Yes,2630.0,156.0,295,0
273262,Male,46,1,8.0,0,1-2 Year,Yes,37601.0,26.0,280,0
90542,Male,37,1,15.0,1,1-2 Year,No,29686.0,152.0,140,0
28863,Female,43,1,28.0,0,1-2 Year,Yes,42344.0,124.0,188,0
285361,Female,31,1,30.0,0,< 1 Year,No,2630.0,152.0,103,0
307334,Male,59,1,41.0,1,1-2 Year,No,36418.0,26.0,226,0
159069,Female,46,1,28.0,1,1-2 Year,No,37545.0,52.0,253,0
248891,Male,36,1,3.0,1,1-2 Year,No,2630.0,124.0,83,0
359072,Male,51,1,28.0,0,1-2 Year,Yes,47476.0,59.0,69,0
78723,Male,33,1,11.0,1,< 1 Year,No,24738.0,152.0,129,0
260731,Male,38,1,28.0,0,1-2 Year,Yes,37461.0,158.0,37,0
39760,Female,41,1,29.0,1,1-2 Year,No,2630.0,26.0,224,0
63180,Male,24,1,25.0,1,< 1 Year,No,33081.0,152.0,224,0
264529,Male,35,1,21.0,1,1-2 Year,No,2630.0,152.0,78,0
79619,Male,27,1,11.0,1,< 1 Year,No,52042.0,152.0,67,0
98772,Female,20,1,30.0,0,< 1 Year,No,33090.0,156.0,165,0
74115,Female,24,1,36.0,1,< 1 Year,No,28030.0,152.0,109,0
363241,Female,24,1,47.0,1,< 1 Year,No,28787.0,152.0,139,0
5,Female,29,1,41.0,1,< 1 Year,No,27496.0,152.0,39,0
19236,Female,22,1,41.0,1,< 1 Year,No,35168.0,160.0,129,0
265834,Female,68,1,43.0,0,1-2 Year,Yes,77341.0,124.0,43,0
121846,Male,24,1,15.0,1,< 1 Year,No,39952.0,152.0,284,0
314369,Male,48,1,28.0,0,> 2 Years,Yes,29840.0,26.0,85,0
69592,Male,23,1,41.0,1,< 1 Year,No,22606.0,152.0,245,0
42121,Male,29,1,15.0,0,< 1 Year,Yes,29858.0,152.0,225,0
180147,Male,67,1,46.0,0,1-2 Year,Yes,2630.0,157.0,201,0
263934,Male,27,1,30.0,1,< 1 Year,No,28843.0,152.0,164,0
162748,Male,49,1,5.0,0,1-2 Year,No,33480.0,124.0,118,0
27804,Female,62,1,50.0,0,> 2 Years,Yes,33284.0,30.0,199,0
307005,Female,27,1,36.0,1,< 1 Year,No,2630.0,152.0,193,0
340496,Male,67,1,36.0,1,1-2 Year,No,33402.0,124.0,57,0
231989,Female,62,1,28.0,0,1-2 Year,Yes,38997.0,11.0,272,0
98321,Male,55,1,0.0,1,1-2 Year,No,2630.0,124.0,11,0
196461,Male,25,1,5.0,1,< 1 Year,No,26783.0,152.0,269,0
147476,Male,36,1,24.0,1,1-2 Year,No,26922.0,124.0,33,0
58225,Male,62,1,28.0,1,1-2 Year,No,42436.0,11.0,237,0
59563,Female,64,1,28.0,0,> 2 Years,Yes,30793.0,122.0,242,0
187135,Female,21,1,30.0,1,< 1 Year,No,26814.0,152.0,276,0
177253,Female,24,1,14.0,1,< 1 Year,No,21240.0,152.0,134,0
265870,Male,42,1,28.0,1,1-2 Year,No,47545.0,124.0,278,0
78320,Male,70,1,11.0,1,1-2 Year,No,36362.0,26.0,283,0
228139,Male,23,1,35.0,1,< 1 Year,No,43637.0,152.0,136,0
100061,Male,48,1,32.0,0,1-2 Year,Yes,36234.0,124.0,232,0
99120,Female,66,1,28.0,0,1-2 Year,Yes,40888.0,124.0,252,0
317907,Male,30,1,28.0,0,< 1 Year,Yes,63931.0,152.0,51,0
173534,Male,48,1,8.0,0,1-2 Year,Yes,26597.0,124.0,248,0
245929,Male,23,1,8.0,0,< 1 Year,Yes,30008.0,152.0,175,0
188364,Male,36,1,8.0,0,1-2 Year,Yes,38487.0,124.0,103,0
217207,Female,23,1,36.0,0,< 1 Year,Yes,2630.0,152.0,92,0
94449,Female,24,1,15.0,1,< 1 Year,No,39922.0,152.0,215,0
211949,Female,21,1,28.0,0,< 1 Year,Yes,45372.0,152.0,247,0
8163,Male,23,1,28.0,1,< 1 Year,No,41915.0,152.0,122,0
254097,Male,45,1,48.0,1,1-2 Year,No,2630.0,15.0,14,0
374560,Female,26,1,41.0,1,< 1 Year,No,31255.0,152.0,206,0
201388,Male,34,1,28.0,1,1-2 Year,No,70672.0,152.0,60,0
4674,Male,25,1,29.0,1,< 1 Year,No,32473.0,152.0,251,0
48134,Female,33,1,17.0,0,1-2 Year,Yes,27635.0,157.0,102,0
102027,Male,25,1,49.0,1,< 1 Year,No,35014.0,160.0,90,0
372719,Male,21,1,15.0,1,< 1 Year,No,32665.0,160.0,67,0
69841,Male,22,1,50.0,0,< 1 Year,Yes,26012.0,152.0,208,0
287343,Male,51,1,28.0,1,1-2 Year,Yes,48680.0,26.0,283,0
221245,Male,75,1,26.0,0,> 2 Years,Yes,33229.0,122.0,224,0
21246,Male,24,1,28.0,1,< 1 Year,No,23979.0,152.0,286,0
332221,Female,30,1,45.0,0,< 1 Year,Yes,35465.0,151.0,172,0
278370,Female,26,1,25.0,0,< 1 Year,No,21736.0,152.0,150,0
330141,Male,56,1,28.0,0,1-2 Year,Yes,38402.0,124.0,161,0
15483,Female,21,1,28.0,0,1-2 Year,Yes,31455.0,154.0,249,0
223816,Male,26,1,37.0,0,< 1 Year,Yes,2630.0,152.0,147,0
172020,Female,22,1,35.0,0,< 1 Year,Yes,30580.0,157.0,232,0
131253,Female,38,1,28.0,0,1-2 Year,No,30847.0,152.0,128,0
6332,Female,47,1,28.0,0,1-2 Year,Yes,42695.0,124.0,84,0
377249,Male,25,1,28.0,0,< 1 Year,Yes,2630.0,152.0,187,0
332039,Male,27,1,28.0,1,< 1 Year,No,42323.0,152.0,144,0
276920,Male,23,1,8.0,1,< 1 Year,No,43261.0,152.0,294,0
36328,Female,68,1,47.0,1,1-2 Year,No,39447.0,16.0,31,0
142893,Male,57,1,28.0,0,1-2 Year,Yes,34680.0,26.0,44,0
142304,Female,23,1,44.0,0,< 1 Year,No,37020.0,26.0,285,0
1146,Male,42,1,28.0,0,1-2 Year,Yes,25231.0,13.0,246,0
69202,Female,23,1,30.0,0,< 1 Year,Yes,25070.0,152.0,29,0
145178,Male,23,1,36.0,0,< 1 Year,Yes,38612.0,152.0,22,0
191261,Male,30,1,28.0,1,< 1 Year,No,2630.0,1.0,270,0
23670,Female,38,1,28.0,0,1-2 Year,Yes,48815.0,26.0,271,0
165587,Male,60,1,2.0,0,1-2 Year,Yes,41577.0,124.0,223,0
33186,Female,52,1,35.0,0,1-2 Year,No,24906.0,154.0,143,0
317899,Female,31,1,8.0,1,< 1 Year,No,33584.0,152.0,152,0
350455,Female,21,1,46.0,1,< 1 Year,No,33259.0,152.0,17,0
247266,Female,25,1,34.0,1,< 1 Year,No,31631.0,152.0,112,0
4575,Female,74,1,7.0,0,1-2 Year,Yes,2630.0,163.0,148,0
359400,Male,63,1,8.0,1,1-2 Year,No,38504.0,19.0,53,0
278586,Female,25,1,41.0,1,< 1 Year,No,46054.0,152.0,101,0
210967,Female,49,1,28.0,0,1-2 Year,No,26781.0,61.0,255,0
246118,Female,24,1,10.0,1,< 1 Year,No,20607.0,152.0,76,0
225234,Male,46,1,41.0,1,1-2 Year,No,33530.0,26.0,215,0
154320,Female,57,1,4.0,1,1-2 Year,No,45633.0,26.0,193,0
364034,Female,69,1,13.0,1,1-2 Year,No,30457.0,26.0,177,0
25663,Female,25,1,47.0,1,< 1 Year,Yes,34409.0,152.0,195,0
271565,Female,61,1,37.0,1,1-2 Year,No,32102.0,128.0,76,0
360695,Male,50,1,28.0,0,1-2 Year,Yes,41451.0,26.0,142,0
115601,Male,67,1,35.0,1,1-2 Year,No,31906.0,124.0,294,0
215902,Female,25,1,3.0,1,< 1 Year,No,2630.0,26.0,16,0
266259,Male,24,1,50.0,1,< 1 Year,No,43269.0,152.0,225,0
309426,Male,65,1,50.0,0,1-2 Year,Yes,2630.0,156.0,159,0
84234,Female,57,1,8.0,0,1-2 Year,Yes,45476.0,26.0,218,0
128652,Female,42,1,28.0,0,1-2 Year,No,32768.0,26.0,46,0
295937,Male,36,1,28.0,1,1-2 Year,No,66183.0,124.0,99,0
161576,Male,23,1,41.0,1,< 1 Year,Yes,26960.0,26.0,92,0
21290,Male,50,1,46.0,0,1-2 Year,Yes,62534.0,26.0,225,0
110778,Male,23,1,29.0,1,< 1 Year,No,32906.0,152.0,132,0
173746,Male,27,1,45.0,1,< 1 Year,No,2630.0,152.0,296,0
107943,Male,45,1,36.0,1,1-2 Year,No,30809.0,124.0,73,0
70936,Male,50,1,48.0,0,1-2 Year,No,2630.0,124.0,202,0
328687,Female,51,1,28.0,0,1-2 Year,Yes,61722.0,124.0,147,0
283745,Male,65,1,28.0,0,1-2 Year,No,37330.0,26.0,90,0
252376,Male,21,1,12.0,1,< 1 Year,No,35280.0,160.0,144,0
145669,Female,24,1,46.0,1,< 1 Year,No,25424.0,152.0,47,0
253838,Male,56,1,37.0,0,1-2 Year,Yes,2630.0,26.0,38,0
37345,Male,25,1,28.0,1,< 1 Year,No,51453.0,152.0,280,0
40167,Male,21,1,2.0,1,< 1 Year,No,2630.0,152.0,198,0
253200,Female,27,1,28.0,1,1-2 Year,No,36292.0,24.0,266,0
91460,Female,47,1,28.0,0,> 2 Years,Yes,42945.0,26.0,77,0
189060,Female,24,1,8.0,1,< 1 Year,No,46895.0,152.0,62,0
248226,Male,24,1,42.0,1,< 1 Year,No,21265.0,160.0,199,0
344142,Female,24,1,50.0,1,< 1 Year,No,33521.0,152.0,36,0
103295,Male,22,1,11.0,1,< 1 Year,No,25940.0,152.0,264,0
223692,Female,78,1,28.0,0,1-2 Year,Yes,24842.0,156.0,233,0
23795,Male,21,1,28.0,0,1-2 Year,Yes,35707.0,124.0,258,0
132466,Male,21,1,30.0,1,< 1 Year,No,30421.0,152.0,102,0
369841,Female,21,1,8.0,0,< 1 Year,Yes,45529.0,152.0,263,0
42101,Female,22,1,24.0,0,< 1 Year,Yes,47029.0,152.0,96,0
54666,Male,28,1,7.0,1,< 1 Year,No,2630.0,152.0,276,0
43678,Male,24,1,8.0,1,< 1 Year,No,55764.0,151.0,86,0
182444,Male,54,1,28.0,1,1-2 Year,No,37667.0,124.0,243,0
274820,Male,52,1,29.0,0,1-2 Year,No,33375.0,124.0,121,0
111116,Female,33,1,48.0,0,1-2 Year,Yes,2630.0,154.0,229,0
138047,Male,50,1,28.0,0,1-2 Year,Yes,62336.0,26.0,95,0
367130,Female,36,1,46.0,0,1-2 Year,Yes,2630.0,156.0,88,0
138805,Male,24,1,35.0,1,< 1 Year,No,27396.0,152.0,21,0
124291,Female,80,1,50.0,0,1-2 Year,Yes,2630.0,160.0,279,0
197125,Male,22,1,8.0,0,< 1 Year,Yes,30425.0,152.0,131,0
36250,Male,20,1,15.0,1,< 1 Year,No,41777.0,160.0,52,0
5000,Male,63,1,2.0,1,1-2 Year,No,30791.0,26.0,40,0
374986,Female,22,1,3.0,0,< 1 Year,Yes,22270.0,152.0,128,0
48290,Female,80,1,28.0,0,> 2 Years,Yes,38237.0,122.0,74,0
270570,Male,48,1,48.0,0,> 2 Years,Yes,2630.0,124.0,109,0
296616,Male,46,1,15.0,0,1-2 Year,Yes,34707.0,124.0,206,0
132014,Male,20,1,46.0,0,< 1 Year,Yes,28557.0,152.0,213,0
207911,Female,23,1,37.0,0,< 1 Year,Yes,25592.0,26.0,177,0
180482,Female,23,1,41.0,1,< 1 Year,No,32294.0,152.0,20,0
278192,Female,21,1,41.0,1,< 1 Year,No,2630.0,160.0,110,0
117212,Female,61,1,28.0,0,1-2 Year,Yes,40728.0,124.0,65,0
10861,Female,23,1,48.0,0,< 1 Year,Yes,2630.0,152.0,74,0
221259,Female,22,1,30.0,1,< 1 Year,No,26979.0,152.0,79,0
237731,Female,76,1,15.0,1,1-2 Year,No,22243.0,26.0,243,0
289699,Male,56,1,50.0,1,1-2 Year,No,37859.0,8.0,10,0
376331,Male,56,1,28.0,0,1-2 Year,No,49323.0,26.0,86,0
145531,Male,23,1,8.0,0,< 1 Year,No,31188.0,152.0,179,0
214906,Female,23,1,8.0,0,< 1 Year,Yes,29358.0,160.0,254,0
283181,Male,41,1,28.0,0,1-2 Year,No,33976.0,26.0,188,0
275265,Female,23,1,46.0,1,< 1 Year,No,33973.0,26.0,152,0
246560,Male,64,1,28.0,0,1-2 Year,Yes,2630.0,26.0,149,0
98842,Male,20,1,50.0,0,< 1 Year,Yes,12867.0,160.0,61,0
307259,Female,28,1,22.0,1,< 1 Year,No,24729.0,152.0,266,0
59202,Female,53,1,12.0,1,1-2 Year,No,21313.0,119.0,272,0
192330,Female,32,1,3.0,0,< 1 Year,Yes,29972.0,124.0,227,0
33613,Male,23,1,11.0,1,< 1 Year,No,33640.0,152.0,64,0
221140,Female,52,1,8.0,1,1-2 Year,No,43860.0,26.0,80,0
43739,Female,41,1,29.0,1,1-2 Year,No,32007.0,124.0,253,0
193822,Male,66,0,8.0,0,1-2 Year,No,62421.0,124.0,103,0
35596,Male,20,1,3.0,1,< 1 Year,No,31941.0,160.0,276,0
356526,Male,44,1,3.0,1,1-2 Year,No,2630.0,152.0,280,0
113713,Female,39,1,28.0,1,1-2 Year,No,27133.0,124.0,59,0
269596,Female,76,1,46.0,0,1-2 Year,No,21314.0,16.0,90,0
276700,Male,24,1,29.0,1,< 1 Year,No,37633.0,152.0,29,0
342545,Female,30,1,29.0,1,< 1 Year,No,29593.0,152.0,82,0
24916,Male,26,1,47.0,1,< 1 Year,No,47254.0,152.0,244,0
33996,Male,23,1,33.0,1,< 1 Year,No,31497.0,152.0,40,0
113836,Female,64,1,28.0,1,1-2 Year,No,34368.0,26.0,245,0
148587,Female,30,1,26.0,0,< 1 Year,Yes,22261.0,152.0,126,0
19295,Male,68,1,8.0,0,1-2 Year,Yes,43655.0,7.0,142,0
312687,Female,74,1,46.0,0,1-2 Year,No,2630.0,26.0,92,0
82633,Female,25,1,33.0,1,< 1 Year,No,38087.0,152.0,236,0
300618,Female,21,1,8.0,1,< 1 Year,No,62041.0,160.0,202,0
196145,Male,56,1,46.0,1,1-2 Year,No,32114.0,26.0,168,0
356479,Female,27,1,41.0,1,< 1 Year,No,71018.0,152.0,236,0
136717,Male,78,1,19.0,0,> 2 Years,Yes,2630.0,156.0,10,0
27265,Male,21,1,50.0,0,< 1 Year,Yes,50847.0,160.0,282,0
377540,Female,23,1,29.0,1,< 1 Year,No,39339.0,152.0,144,0
375059,Male,54,1,28.0,0,1-2 Year,Yes,29257.0,47.0,139,0
19138,Male,22,1,29.0,1,< 1 Year,No,26974.0,152.0,260,0
181247,Male,37,1,28.0,0,1-2 Year,Yes,49160.0,26.0,227,0
205538,Female,20,1,46.0,0,< 1 Year,Yes,27545.0,160.0,195,0
12969,Female,31,1,8.0,1,< 1 Year,No,70217.0,152.0,152,0
224794,Male,46,1,6.0,0,1-2 Year,Yes,22318.0,26.0,19,0
195476,Male,80,1,46.0,1,1-2 Year,No,2630.0,122.0,256,0
308715,Male,46,1,47.0,0,1-2 Year,Yes,2630.0,124.0,145,0
194289,Female,29,1,36.0,0,< 1 Year,No,29028.0,152.0,78,0
226761,Male,26,1,8.0,0,< 1 Year,Yes,2630.0,152.0,172,0
108559,Male,39,1,7.0,1,1-2 Year,No,41484.0,124.0,121,0
246316,Female,37,1,28.0,1,1-2 Year,No,44005.0,122.0,207,0
3342,Female,63,1,46.0,1,1-2 Year,Yes,40310.0,156.0,195,0
296765,Female,67,1,50.0,1,1-2 Year,No,37234.0,26.0,36,0
20123,Female,22,1,17.0,1,< 1 Year,No,42930.0,152.0,77,0
176203,Male,71,1,8.0,1,1-2 Year,No,45094.0,124.0,49,0
296247,Female,43,1,28.0,0,1-2 Year,No,53793.0,124.0,134,0
255145,Female,38,1,12.0,1,1-2 Year,No,27756.0,124.0,41,0
157095,Female,28,1,6.0,1,1-2 Year,No,22660.0,124.0,299,0
359122,Male,46,1,28.0,0,1-2 Year,Yes,27015.0,163.0,218,0
136207,Female,75,1,28.0,1,1-2 Year,No,44733.0,26.0,288,0
142185,Male,24,1,11.0,1,< 1 Year,No,33115.0,152.0,131,0
288159,Male,40,1,19.0,1,1-2 Year,Yes,2630.0,157.0,147,0
63770,Female,47,1,23.0,0,1-2 Year,No,29475.0,124.0,22,0
1957,Male,29,1,46.0,1,< 1 Year,No,19635.0,152.0,47,0
222258,Female,46,1,48.0,1,1-2 Year,No,2630.0,124.0,243,0
316843,Male,23,1,8.0,1,< 1 Year,No,71836.0,152.0,224,0
328933,Female,23,1,28.0,1,< 1 Year,No,27295.0,152.0,45,0
91772,Female,68,1,48.0,1,1-2 Year,Yes,2630.0,26.0,188,0
141109,Female,74,1,8.0,0,1-2 Year,Yes,2630.0,124.0,123,0
32397,Female,34,1,42.0,0,1-2 Year,Yes,30937.0,156.0,13,0
72004,Male,48,1,28.0,1,1-2 Year,Yes,29527.0,26.0,217,0
236341,Female,29,1,28.0,1,< 1 Year,No,40989.0,152.0,251,0
160226,Female,47,1,39.0,0,1-2 Year,Yes,36714.0,124.0,84,0
214833,Female,23,1,47.0,0,< 1 Year,Yes,43588.0,152.0,283,0
253544,Male,43,1,40.0,0,1-2 Year,Yes,36219.0,124.0,152,0
157683,Male,73,1,28.0,0,1-2 Year,No,31152.0,124.0,31,0
351615,Male,44,1,3.0,1,1-2 Year,No,23489.0,122.0,243,0
57665,Female,26,1,46.0,1,< 1 Year,No,24903.0,160.0,247,0
247388,Male,24,1,15.0,0,< 1 Year,Yes,2630.0,152.0,172,0
163611,Female,69,1,31.0,0,1-2 Year,Yes,2630.0,154.0,199,0
246840,Male,33,1,47.0,0,1-2 Year,Yes,30944.0,155.0,101,0
334971,Male,25,1,14.0,1,< 1 Year,No,2630.0,152.0,127,0
159461,Female,48,1,28.0,0,1-2 Year,Yes,27373.0,26.0,275,0
264932,Female,22,1,37.0,0,< 1 Year,No,33914.0,152.0,12,0
358149,Female,21,1,8.0,0,< 1 Year,No,41056.0,160.0,100,0
323755,Female,24,1,10.0,1,< 1 Year,No,23377.0,152.0,239,0
47793,Female,25,1,32.0,1,< 1 Year,No,21015.0,152.0,288,0
25114,Male,23,1,41.0,1,< 1 Year,No,27351.0,152.0,180,0
28800,Male,27,1,17.0,1,< 1 Year,No,31885.0,152.0,134,0
203180,Male,41,1,8.0,0,1-2 Year,Yes,43571.0,124.0,175,0
296073,Female,30,1,3.0,1,< 1 Year,No,16228.0,152.0,222,0
225687,Male,24,1,8.0,1,< 1 Year,No,38397.0,152.0,263,0
38668,Male,30,1,25.0,0,< 1 Year,No,29954.0,152.0,209,0
92638,Male,27,1,26.0,0,< 1 Year,Yes,31428.0,152.0,80,0
166583,Female,47,1,25.0,0,1-2 Year,No,2630.0,160.0,119,0
179318,Male,28,1,18.0,0,1-2 Year,Yes,41336.0,124.0,249,0
299896,Female,22,1,33.0,1,< 1 Year,No,34702.0,152.0,99,0
154372,Female,26,1,15.0,0,< 1 Year,No,2630.0,152.0,227,0
329334,Female,27,1,28.0,1,< 1 Year,No,32215.0,152.0,229,0
296516,Male,38,1,28.0,0,1-2 Year,Yes,64376.0,26.0,205,0
330763,Male,50,1,38.0,0,1-2 Year,Yes,33018.0,26.0,12,0
275609,Male,29,1,21.0,1,< 1 Year,No,2630.0,152.0,277,0
162949,Female,62,1,28.0,0,> 2 Years,Yes,51507.0,124.0,293,0
198962,Male,31,1,28.0,0,1-2 Year,Yes,31981.0,124.0,298,0
366928,Female,30,1,50.0,1,< 1 Year,No,28987.0,152.0,93,0
239715,Male,45,1,48.0,0,1-2 Year,Yes,2630.0,124.0,70,0
245656,Female,25,1,33.0,1,< 1 Year,No,22798.0,152.0,91,0
4369,Female,41,1,28.0,1,1-2 Year,No,32515.0,19.0,250,0
324379,Male,34,1,16.0,0,1-2 Year,Yes,21879.0,152.0,233,0
230157,Female,55,1,21.0,1,1-2 Year,No,21680.0,152.0,285,0
358885,Female,34,1,28.0,1,1-2 Year,No,21866.0,26.0,244,0
204327,Male,24,1,43.0,0,1-2 Year,No,2630.0,156.0,10,0
86401,Female,22,1,33.0,1,< 1 Year,No,35248.0,152.0,37,0
368222,Female,31,1,41.0,0,1-2 Year,Yes,2630.0,156.0,242,0
176009,Female,34,1,46.0,1,1-2 Year,No,27180.0,124.0,13,0
135528,Female,23,1,36.0,1,< 1 Year,No,30269.0,152.0,181,0
173105,Female,33,1,15.0,0,< 1 Year,Yes,2630.0,152.0,226,0
381040,Female,75,1,28.0,0,> 2 Years,Yes,60958.0,26.0,256,0
88433,Male,25,1,38.0,0,1-2 Year,Yes,29338.0,156.0,259,0
286362,Male,49,1,47.0,0,1-2 Year,Yes,39998.0,124.0,250,0
347753,Female,75,1,11.0,1,1-2 Year,No,41979.0,124.0,298,0
323193,Female,26,1,3.0,1,< 1 Year,No,41199.0,152.0,216,0
54354,Female,27,1,30.0,1,< 1 Year,No,30414.0,152.0,289,0
158834,Male,22,1,32.0,1,< 1 Year,No,36689.0,152.0,78,0
272167,Female,24,1,36.0,0,< 1 Year,Yes,33413.0,152.0,104,0
43707,Male,47,1,39.0,0,1-2 Year,Yes,30266.0,156.0,70,0
84815,Male,21,1,2.0,1,< 1 Year,No,26987.0,152.0,237,0
368053,Female,25,1,30.0,1,< 1 Year,No,38000.0,152.0,120,0
83901,Female,30,1,28.0,0,1-2 Year,Yes,39524.0,154.0,29,0
86052,Female,35,1,47.0,1,1-2 Year,No,28495.0,152.0,229,0
163183,Female,24,1,28.0,1,< 1 Year,No,40259.0,152.0,150,0
313215,Male,23,1,15.0,0,< 1 Year,No,37798.0,152.0,253,0
195109,Female,24,1,47.0,0,< 1 Year,Yes,32887.0,151.0,251,0
307468,Male,30,1,45.0,0,< 1 Year,Yes,41608.0,124.0,236,0
346297,Male,39,1,18.0,1,1-2 Year,No,31439.0,131.0,95,0
108703,Female,25,1,35.0,1,< 1 Year,No,32671.0,152.0,39,0
243914,Female,38,1,49.0,0,1-2 Year,Yes,2630.0,156.0,18,0
179402,Female,61,1,28.0,0,1-2 Year,Yes,31624.0,124.0,77,0
142542,Female,28,1,15.0,1,< 1 Year,No,31701.0,152.0,281,0
108649,Male,45,1,11.0,1,1-2 Year,No,2630.0,120.0,50,0
180465,Female,51,1,3.0,1,1-2 Year,No,38583.0,124.0,207,0
197090,Male,44,1,1.0,0,1-2 Year,No,2630.0,26.0,226,0
205110,Male,24,1,14.0,1,< 1 Year,No,17472.0,152.0,86,0
360915,Female,48,1,8.0,0,1-2 Year,Yes,47501.0,124.0,80,0
199003,Male,50,1,28.0,0,1-2 Year,Yes,35664.0,26.0,260,0
251843,Male,70,1,28.0,0,1-2 Year,No,45450.0,26.0,267,0
153716,Female,31,1,30.0,1,< 1 Year,No,23337.0,152.0,108,0
156403,Female,57,1,7.0,0,1-2 Year,Yes,22938.0,124.0,269,0
147756,Female,22,1,28.0,1,< 1 Year,No,42385.0,152.0,288,0
65251,Male,48,1,28.0,1,1-2 Year,No,50666.0,124.0,166,0
194531,Female,29,1,7.0,1,< 1 Year,No,40261.0,152.0,294,0
35414,Male,41,1,19.0,1,1-2 Year,No,28885.0,26.0,192,0
298741,Female,64,1,33.0,0,1-2 Year,Yes,26273.0,152.0,65,0
330247,Male,24,1,11.0,1,< 1 Year,No,28498.0,152.0,287,0
224126,Male,41,1,39.0,0,1-2 Year,Yes,40488.0,124.0,253,0
197661,Female,48,1,7.0,1,1-2 Year,No,2630.0,26.0,259,0
226695,Male,21,1,6.0,1,< 1 Year,No,27577.0,152.0,271,0
83948,Female,27,1,28.0,1,< 1 Year,No,30175.0,152.0,80,0
134771,Female,42,1,28.0,0,1-2 Year,Yes,39226.0,26.0,176,0
326105,Female,24,1,42.0,1,< 1 Year,No,30208.0,152.0,119,0
217041,Female,24,1,46.0,1,< 1 Year,No,34736.0,152.0,159,0
144522,Male,64,1,28.0,0,1-2 Year,Yes,31618.0,13.0,188,0
372740,Female,51,1,39.0,0,1-2 Year,Yes,36530.0,124.0,89,0
29868,Female,25,1,45.0,1,< 1 Year,No,23888.0,152.0,75,0
80944,Female,59,1,28.0,1,1-2 Year,No,62314.0,122.0,59,0
120112,Male,29,1,47.0,1,< 1 Year,No,22876.0,152.0,18,0
243540,Male,58,1,28.0,0,1-2 Year,Yes,49351.0,124.0,73,0
139157,Female,31,1,6.0,1,< 1 Year,No,24377.0,124.0,122,0
92676,Male,63,1,50.0,1,1-2 Year,No,2630.0,30.0,285,0
249879,Male,54,1,46.0,0,1-2 Year,Yes,27816.0,124.0,293,0
110644,Male,27,1,8.0,1,< 1 Year,No,26851.0,152.0,179,0
380170,Male,56,1,28.0,1,1-2 Year,Yes,42083.0,25.0,88,0
113898,Male,26,1,41.0,1,< 1 Year,No,29098.0,152.0,203,0
297384,Male,65,1,13.0,1,1-2 Year,No,23104.0,152.0,15,0
219651,Female,22,1,25.0,1,< 1 Year,No,26739.0,152.0,106,0
20374,Female,48,1,28.0,0,> 2 Years,Yes,29203.0,157.0,214,0
228932,Female,34,1,12.0,1,1-2 Year,No,2630.0,124.0,270,0
222248,Male,47,1,35.0,1,1-2 Year,No,48219.0,26.0,213,0
313020,Female,25,1,28.0,1,< 1 Year,No,59045.0,26.0,29,0
218720,Male,21,1,6.0,1,< 1 Year,No,23057.0,160.0,259,0
308740,Male,26,1,29.0,1,< 1 Year,No,66938.0,152.0,292,0
204698,Male,27,1,30.0,0,< 1 Year,Yes,2630.0,152.0,200,0
349648,Male,27,1,36.0,1,< 1 Year,No,50475.0,152.0,64,0
1149,Male,55,1,41.0,0,1-2 Year,Yes,22757.0,136.0,77,0
353137,Male,23,1,21.0,1,< 1 Year,No,29295.0,152.0,227,0
285970,Female,49,1,28.0,0,1-2 Year,No,58672.0,26.0,251,0
257819,Female,32,1,31.0,1,1-2 Year,No,2630.0,26.0,278,0
282292,Male,70,1,46.0,0,1-2 Year,Yes,2630.0,156.0,258,0
371562,Male,48,1,28.0,0,1-2 Year,Yes,37893.0,26.0,111,0
160362,Female,68,1,46.0,1,1-2 Year,No,28065.0,26.0,168,0
198232,Male,23,1,15.0,1,< 1 Year,No,31413.0,152.0,170,0
353225,Male,60,1,28.0,1,1-2 Year,No,24574.0,49.0,49,0
309031,Female,23,1,8.0,1,< 1 Year,No,43686.0,152.0,71,0
361659,Male,42,1,28.0,0,1-2 Year,Yes,43308.0,13.0,162,0
56180,Female,25,1,41.0,1,< 1 Year,No,21522.0,152.0,125,0
55834,Male,42,1,28.0,0,1-2 Year,Yes,27850.0,124.0,39,0
174561,Female,29,1,50.0,1,< 1 Year,No,38483.0,152.0,200,0
180192,Female,31,1,37.0,0,< 1 Year,Yes,32234.0,124.0,249,0
129148,Female,30,1,28.0,0,< 1 Year,Yes,30983.0,152.0,113,0
379197,Female,57,1,18.0,0,1-2 Year,Yes,2630.0,156.0,106,0
97002,Female,24,1,17.0,0,< 1 Year,Yes,27742.0,152.0,24,0
129597,Female,69,1,36.0,0,1-2 Year,No,30814.0,26.0,291,0
334306,Male,70,1,46.0,1,1-2 Year,No,32506.0,122.0,13,0
254716,Female,74,1,28.0,0,> 2 Years,Yes,31962.0,26.0,157,0
322095,Female,43,1,28.0,0,1-2 Year,Yes,33453.0,124.0,35,0
93598,Male,25,1,8.0,1,< 1 Year,No,52768.0,152.0,284,0
335273,Male,52,1,41.0,1,1-2 Year,No,30121.0,136.0,68,0
10785,Female,73,1,28.0,0,> 2 Years,Yes,84943.0,26.0,155,0
52606,Male,28,1,46.0,1,< 1 Year,No,31695.0,152.0,23,0
241157,Male,36,1,28.0,0,1-2 Year,No,46797.0,26.0,224,0
176485,Female,34,1,28.0,0,1-2 Year,Yes,43655.0,152.0,284,0
137726,Male,40,1,3.0,0,1-2 Year,Yes,26337.0,152.0,83,0
84672,Female,34,1,3.0,0,1-2 Year,Yes,2630.0,124.0,45,0
268811,Female,44,1,4.0,0,1-2 Year,Yes,34404.0,26.0,31,0
262456,Female,23,1,3.0,1,< 1 Year,No,2630.0,152.0,151,0
378876,Male,53,1,28.0,0,1-2 Year,Yes,33893.0,26.0,96,0
167962,Male,27,1,28.0,0,< 1 Year,No,2630.0,160.0,24,0
364690,Male,28,1,18.0,1,< 1 Year,No,41654.0,152.0,234,0
136475,Male,46,1,28.0,0,> 2 Years,Yes,2630.0,26.0,136,0
197421,Male,26,1,8.0,1,< 1 Year,No,39926.0,152.0,226,0
95196,Male,29,1,10.0,1,< 1 Year,No,27758.0,152.0,129,0
96849,Female,41,1,8.0,0,1-2 Year,Yes,31043.0,124.0,226,0
159213,Female,41,1,5.0,1,1-2 Year,No,28190.0,26.0,69,0
310399,Female,24,1,6.0,1,< 1 Year,No,27656.0,152.0,73,0
343306,Male,34,1,8.0,1,1-2 Year,No,34239.0,152.0,295,0
321659,Male,29,1,16.0,0,< 1 Year,Yes,2630.0,151.0,164,0
264075,Female,52,1,8.0,0,1-2 Year,Yes,53038.0,124.0,242,0
213837,Female,22,1,8.0,1,< 1 Year,No,39912.0,152.0,223,0
18146,Male,27,1,18.0,0,< 1 Year,Yes,36041.0,26.0,290,0
231339,Male,26,1,15.0,1,< 1 Year,No,2630.0,152.0,290,0
239864,Male,41,1,10.0,0,> 2 Years,Yes,46170.0,26.0,148,0
253385,Female,24,1,13.0,1,< 1 Year,No,29808.0,152.0,271,0
348661,Female,24,1,8.0,1,< 1 Year,No,65877.0,152.0,291,0
122247,Female,24,1,9.0,1,< 1 Year,Yes,43685.0,152.0,32,0
298672,Male,62,1,7.0,0,1-2 Year,No,36468.0,124.0,56,0
18445,Male,50,1,28.0,0,1-2 Year,Yes,39612.0,26.0,63,0
171511,Female,46,1,15.0,1,1-2 Year,No,34150.0,153.0,206,0
49986,Male,25,1,29.0,1,< 1 Year,No,23259.0,152.0,238,0
335337,Female,23,1,29.0,0,< 1 Year,Yes,2630.0,152.0,236,0
290927,Female,42,1,36.0,0,1-2 Year,Yes,30686.0,26.0,100,0
112209,Female,39,1,32.0,1,1-2 Year,No,2630.0,152.0,71,0
84970,Male,26,1,36.0,1,< 1 Year,No,28629.0,152.0,204,0
38950,Male,54,1,28.0,0,1-2 Year,Yes,50045.0,26.0,225,0
297737,Male,73,1,11.0,1,1-2 Year,No,29745.0,152.0,149,0
110255,Male,31,1,28.0,1,< 1 Year,No,28073.0,152.0,10,0
238852,Male,53,1,3.0,0,1-2 Year,Yes,41261.0,26.0,288,0
6386,Male,53,1,30.0,1,1-2 Year,No,31979.0,152.0,250,0
120128,Female,43,1,48.0,0,> 2 Years,Yes,2630.0,124.0,41,0
117958,Female,31,1,28.0,0,< 1 Year,No,2630.0,1.0,194,0
250634,Male,21,1,11.0,1,< 1 Year,No,33824.0,152.0,64,0
16778,Male,27,1,13.0,0,< 1 Year,Yes,34194.0,152.0,19,0
359992,Male,49,1,35.0,1,1-2 Year,No,29312.0,124.0,81,0
246473,Male,65,1,28.0,0,> 2 Years,Yes,41590.0,55.0,204,0
203015,Female,51,1,28.0,0,1-2 Year,Yes,45972.0,26.0,67,0
62604,Female,26,1,28.0,0,< 1 Year,Yes,34737.0,152.0,98,0
349597,Male,50,1,28.0,1,1-2 Year,No,47712.0,26.0,120,0
148259,Female,46,1,28.0,0,1-2 Year,Yes,2630.0,156.0,160,0
285813,Male,47,1,28.0,0,1-2 Year,Yes,43102.0,124.0,238,0
361510,Female,23,1,30.0,1,< 1 Year,No,31240.0,152.0,62,0
249370,Female,47,1,28.0,0,1-2 Year,Yes,46491.0,32.0,299,0
276927,Female,43,1,46.0,0,1-2 Year,Yes,33382.0,152.0,275,0
108343,Female,68,1,8.0,1,1-2 Year,No,31730.0,124.0,32,0
365171,Female,59,1,11.0,0,1-2 Year,No,40084.0,26.0,60,0
217019,Female,22,1,37.0,1,< 1 Year,No,34702.0,152.0,189,0
54433,Male,44,1,28.0,1,1-2 Year,No,42537.0,124.0,238,0
185088,Female,21,1,8.0,1,< 1 Year,No,37827.0,160.0,56,0
34439,Male,24,1,8.0,0,1-2 Year,Yes,34745.0,154.0,252,0
331649,Male,40,1,11.0,0,1-2 Year,Yes,30378.0,155.0,50,0
9561,Female,53,1,11.0,0,1-2 Year,Yes,41701.0,26.0,290,0
288478,Male,52,1,28.0,0,1-2 Year,Yes,53049.0,26.0,172,0
87587,Male,69,1,15.0,0,1-2 Year,Yes,23571.0,26.0,69,0
119988,Female,43,1,28.0,0,1-2 Year,Yes,55440.0,26.0,11,0
48226,Female,22,1,15.0,0,< 1 Year,Yes,25683.0,160.0,287,0
109028,Female,29,1,46.0,0,1-2 Year,No,2630.0,154.0,129,0
56404,Male,42,1,28.0,0,1-2 Year,No,36865.0,26.0,269,0
8133,Male,47,1,43.0,0,1-2 Year,Yes,48194.0,26.0,72,0
59723,Female,33,1,46.0,1,< 1 Year,No,25693.0,152.0,254,0
53566,Female,24,1,2.0,1,< 1 Year,No,29377.0,152.0,227,0
204912,Female,29,1,29.0,1,< 1 Year,No,37579.0,152.0,174,0
371465,Female,23,1,15.0,0,< 1 Year,No,24180.0,152.0,112,0
121327,Male,69,1,15.0,1,1-2 Year,No,43749.0,152.0,120,0
153046,Male,51,1,46.0,0,1-2 Year,Yes,29797.0,26.0,50,0
253263,Male,25,1,12.0,1,< 1 Year,No,33455.0,152.0,280,0
129027,Female,21,1,6.0,1,< 1 Year,No,32608.0,152.0,260,0
238337,Male,26,1,16.0,0,< 1 Year,Yes,29709.0,152.0,205,0
193900,Male,35,1,35.0,1,1-2 Year,No,39734.0,152.0,222,0
370512,Female,31,1,41.0,1,< 1 Year,No,2630.0,152.0,143,0
342137,Female,32,1,12.0,1,< 1 Year,No,28993.0,152.0,199,0
292946,Female,53,1,28.0,1,1-2 Year,No,2630.0,160.0,139,0
277725,Female,27,1,29.0,1,< 1 Year,No,30832.0,152.0,85,0
266964,Female,28,1,11.0,0,< 1 Year,Yes,37103.0,152.0,176,0
216149,Male,35,1,12.0,1,1-2 Year,No,27525.0,20.0,84,0
237748,Male,46,1,27.0,1,1-2 Year,No,31735.0,124.0,194,0
349325,Female,37,1,29.0,0,1-2 Year,Yes,30020.0,124.0,90,0
172403,Female,51,1,28.0,1,1-2 Year,No,2630.0,121.0,46,0
252148,Male,59,1,5.0,1,1-2 Year,No,33952.0,124.0,49,0
355518,Male,22,1,2.0,1,< 1 Year,No,27573.0,152.0,191,0
334756,Male,30,1,29.0,0,< 1 Year,Yes,2630.0,156.0,164,0
228774,Female,44,1,28.0,0,1-2 Year,No,41469.0,26.0,123,0
327717,Male,47,1,9.0,1,1-2 Year,No,2630.0,124.0,165,0
286476,Male,50,1,8.0,1,1-2 Year,No,47734.0,124.0,23,0
96894,Male,23,1,36.0,0,< 1 Year,Yes,27611.0,152.0,186,0
181553,Female,67,1,36.0,1,1-2 Year,No,32144.0,26.0,122,0
190141,Female,24,1,14.0,1,< 1 Year,No,31815.0,152.0,51,0
297030,Male,64,1,28.0,0,1-2 Year,Yes,38094.0,156.0,20,0
117577,Male,56,1,37.0,0,1-2 Year,Yes,33758.0,26.0,219,0
42492,Female,51,1,28.0,1,1-2 Year,No,38535.0,122.0,65,0
219973,Male,51,1,36.0,0,1-2 Year,No,38407.0,26.0,74,0
159352,Female,22,1,1.0,0,< 1 Year,Yes,2630.0,152.0,161,0
171830,Male,47,1,41.0,1,1-2 Year,No,2630.0,12.0,223,0
332688,Male,38,1,45.0,0,1-2 Year,Yes,2630.0,157.0,198,0
50051,Female,25,1,30.0,1,< 1 Year,No,35247.0,152.0,91,0
366759,Female,36,1,2.0,1,1-2 Year,No,38283.0,152.0,238,0
259673,Male,61,1,28.0,1,1-2 Year,No,86182.0,124.0,88,0
307951,Male,26,1,38.0,1,< 1 Year,No,2630.0,152.0,31,0
126995,Male,54,1,35.0,1,1-2 Year,No,30516.0,124.0,15,0
61735,Female,44,1,28.0,0,> 2 Years,Yes,41401.0,124.0,59,0
192073,Female,24,1,15.0,1,< 1 Year,No,35075.0,152.0,93,0
365117,Female,24,1,29.0,1,< 1 Year,No,40705.0,152.0,179,0
137156,Male,50,1,8.0,0,1-2 Year,Yes,2630.0,26.0,37,0
32274,Male,52,1,33.0,0,1-2 Year,Yes,31802.0,157.0,53,0
292768,Male,42,1,28.0,0,1-2 Year,Yes,39008.0,124.0,46,0
155132,Female,41,1,15.0,0,1-2 Year,Yes,2630.0,160.0,173,0
189037,Female,23,1,3.0,1,< 1 Year,No,23954.0,152.0,210,0
250650,Female,22,1,15.0,0,< 1 Year,No,26967.0,152.0,191,0
190035,Male,41,1,28.0,0,1-2 Year,No,2630.0,156.0,123,0
204018,Female,22,1,45.0,0,< 1 Year,Yes,21847.0,152.0,218,0
156577,Female,25,1,41.0,1,< 1 Year,No,51733.0,152.0,273,0
76292,Female,46,1,15.0,1,1-2 Year,No,36512.0,152.0,179,0
164218,Male,26,1,41.0,1,< 1 Year,No,36506.0,152.0,230,0
313862,Female,61,1,46.0,1,1-2 Year,No,2630.0,124.0,217,0
200676,Female,31,1,15.0,1,< 1 Year,No,31642.0,152.0,153,0
195182,Male,79,1,28.0,0,> 2 Years,Yes,2630.0,158.0,28,0
201709,Female,24,1,32.0,1,< 1 Year,No,28550.0,152.0,173,0
54190,Female,25,1,8.0,1,< 1 Year,No,34412.0,152.0,63,0
119436,Female,40,1,28.0,0,1-2 Year,Yes,50106.0,124.0,263,0
292488,Male,28,1,13.0,1,< 1 Year,Yes,27656.0,160.0,27,0
127188,Female,30,1,33.0,0,1-2 Year,Yes,29309.0,156.0,167,0
90444,Female,30,1,46.0,1,< 1 Year,No,38400.0,152.0,168,0
380761,Female,31,1,28.0,1,1-2 Year,No,34871.0,26.0,69,0
357955,Male,42,1,8.0,0,1-2 Year,No,41063.0,124.0,52,0
25530,Female,21,1,29.0,1,< 1 Year,No,50369.0,152.0,264,0
332807,Male,28,1,41.0,0,< 1 Year,Yes,27949.0,156.0,141,0
313114,Female,23,1,46.0,1,< 1 Year,No,26782.0,152.0,256,0
135178,Male,50,1,28.0,0,> 2 Years,Yes,43535.0,26.0,179,0
31431,Female,54,1,8.0,0,1-2 Year,Yes,29948.0,26.0,253,0
286512,Male,43,1,11.0,0,1-2 Year,Yes,23668.0,124.0,298,0
229501,Female,33,1,47.0,1,< 1 Year,No,25760.0,152.0,250,0
361932,Female,41,1,21.0,1,1-2 Year,No,18149.0,152.0,118,0
132766,Female,20,1,11.0,0,< 1 Year,No,2630.0,157.0,268,0
380023,Male,39,1,28.0,1,1-2 Year,No,75631.0,26.0,105,0
313772,Female,67,1,41.0,0,1-2 Year,Yes,26740.0,12.0,77,0
332058,Male,41,1,28.0,0,1-2 Year,Yes,42716.0,26.0,198,0
342641,Male,23,1,15.0,0,< 1 Year,No,52696.0,152.0,28,0
191129,Male,21,1,14.0,1,< 1 Year,No,27934.0,152.0,179,0
211172,Male,23,1,45.0,1,< 1 Year,No,30596.0,152.0,282,0
350739,Male,47,1,28.0,1,1-2 Year,No,37028.0,26.0,24,0
135576,Male,57,1,25.0,0,1-2 Year,Yes,25377.0,152.0,284,0
140858,Male,43,1,50.0,0,1-2 Year,Yes,2630.0,156.0,57,0
124100,Female,28,1,5.0,1,< 1 Year,No,28774.0,152.0,27,0
142816,Female,20,1,25.0,1,< 1 Year,No,35652.0,160.0,192,0
205900,Female,43,1,28.0,0,1-2 Year,Yes,37549.0,124.0,298,0
64679,Female,29,1,38.0,0,1-2 Year,Yes,22441.0,156.0,42,0
223088,Female,60,1,28.0,0,1-2 Year,Yes,43979.0,122.0,205,0
194505,Male,20,1,47.0,0,< 1 Year,Yes,33845.0,160.0,57,0
165422,Female,28,1,11.0,1,< 1 Year,No,23519.0,152.0,204,0
88990,Female,71,1,28.0,0,1-2 Year,Yes,52651.0,37.0,273,0
77586,Female,28,1,50.0,1,< 1 Year,No,41638.0,152.0,54,0
187819,Male,37,1,43.0,0,1-2 Year,Yes,2630.0,152.0,72,0
121655,Male,55,1,48.0,0,> 2 Years,Yes,2630.0,26.0,172,0
322662,Female,77,1,48.0,1,1-2 Year,No,2630.0,26.0,63,0
316552,Female,33,1,28.0,1,1-2 Year,No,76218.0,124.0,109,0
143683,Male,39,1,25.0,1,1-2 Year,No,38124.0,152.0,42,0
344849,Female,22,1,10.0,1,< 1 Year,No,25156.0,152.0,208,0
132899,Female,26,1,28.0,0,1-2 Year,Yes,24518.0,154.0,101,0
218011,Male,44,1,8.0,0,1-2 Year,No,34841.0,124.0,50,0
248770,Female,29,1,14.0,1,< 1 Year,No,32711.0,152.0,213,0
272762,Female,29,1,6.0,1,< 1 Year,No,29410.0,152.0,77,0
102149,Male,24,1,8.0,1,< 1 Year,No,40636.0,152.0,208,0
349537,Female,26,1,32.0,1,< 1 Year,No,2630.0,160.0,195,0
171082,Male,40,1,28.0,0,1-2 Year,Yes,46757.0,61.0,105,0
476,Male,59,1,8.0,1,1-2 Year,No,34424.0,26.0,134,0
33019,Female,42,1,36.0,0,1-2 Year,Yes,2630.0,26.0,12,0
226266,Male,23,1,9.0,0,< 1 Year,Yes,25797.0,151.0,143,0
296230,Female,31,1,8.0,0,< 1 Year,Yes,39969.0,152.0,109,0
350667,Female,20,1,8.0,0,< 1 Year,Yes,46932.0,160.0,41,0
167277,Female,24,1,36.0,1,< 1 Year,No,34950.0,152.0,23,0
105151,Male,51,1,46.0,1,1-2 Year,No,25219.0,92.0,80,0
41320,Female,51,1,4.0,1,1-2 Year,No,27403.0,152.0,218,0
46185,Male,31,1,23.0,0,< 1 Year,Yes,26457.0,163.0,139,0
183216,Female,45,1,0.0,0,1-2 Year,Yes,2630.0,26.0,124,0
13926,Male,50,1,28.0,0,1-2 Year,Yes,36486.0,124.0,158,0
274569,Male,22,1,33.0,1,< 1 Year,No,35071.0,152.0,290,0
367285,Male,22,1,11.0,1,< 1 Year,Yes,2630.0,163.0,156,0
48452,Female,32,1,10.0,0,< 1 Year,Yes,2630.0,160.0,18,0
48380,Female,42,1,18.0,1,1-2 Year,No,47350.0,124.0,219,0
70480,Female,60,1,28.0,0,1-2 Year,Yes,28404.0,124.0,127,0
170313,Male,22,1,28.0,0,1-2 Year,Yes,38705.0,154.0,67,0
136000,Female,27,1,46.0,1,< 1 Year,No,15992.0,152.0,263,0
236877,Male,58,1,28.0,1,1-2 Year,Yes,54033.0,26.0,273,0
282876,Male,43,1,13.0,0,1-2 Year,Yes,30564.0,154.0,175,0
229589,Male,27,1,30.0,1,< 1 Year,No,21944.0,152.0,90,0
248938,Male,24,1,8.0,1,< 1 Year,No,32780.0,152.0,264,0
244608,Male,50,1,47.0,0,1-2 Year,Yes,38498.0,152.0,213,0
123172,Female,21,1,17.0,1,< 1 Year,No,31415.0,160.0,144,0
210691,Female,68,1,28.0,0,1-2 Year,Yes,44237.0,122.0,184,0
181056,Female,21,1,43.0,1,< 1 Year,No,23345.0,152.0,82,0
123193,Female,56,1,3.0,1,1-2 Year,No,35502.0,152.0,107,0
323237,Male,23,1,6.0,1,< 1 Year,No,21337.0,152.0,272,0
68049,Female,26,1,32.0,0,< 1 Year,Yes,2630.0,152.0,211,0
261622,Male,32,1,8.0,0,< 1 Year,Yes,35448.0,152.0,113,0
210729,Female,69,1,46.0,1,1-2 Year,No,32612.0,119.0,162,0
123210,Female,36,1,10.0,1,1-2 Year,No,2630.0,26.0,20,0
299007,Male,76,1,8.0,1,1-2 Year,No,46256.0,7.0,50,0
96770,Female,24,1,8.0,0,< 1 Year,No,39395.0,152.0,221,0
365130,Female,24,1,16.0,0,< 1 Year,Yes,20035.0,152.0,73,0
295236,Female,23,1,39.0,1,< 1 Year,No,43075.0,152.0,218,0
242477,Male,48,1,8.0,0,1-2 Year,Yes,38915.0,26.0,65,0
325164,Male,50,1,28.0,0,1-2 Year,Yes,45915.0,26.0,127,0
142502,Male,24,1,47.0,0,< 1 Year,Yes,28890.0,152.0,295,0
345147,Female,27,1,41.0,1,< 1 Year,No,2630.0,153.0,62,0
324101,Female,67,1,36.0,0,1-2 Year,Yes,62363.0,124.0,237,0
367129,Male,22,1,46.0,1,< 1 Year,No,29570.0,152.0,272,0
108219,Male,24,1,8.0,1,< 1 Year,No,30075.0,152.0,30,0
184574,Male,25,1,41.0,1,< 1 Year,No,34104.0,152.0,166,0
304160,Female,24,1,21.0,1,< 1 Year,No,40742.0,152.0,32,0
377135,Male,41,1,3.0,1,1-2 Year,Yes,21901.0,124.0,144,0
359840,Female,22,1,29.0,1,< 1 Year,No,27975.0,152.0,104,0
27000,Male,48,1,28.0,0,1-2 Year,Yes,28295.0,124.0,80,0
263886,Male,26,1,46.0,0,< 1 Year,Yes,23148.0,152.0,74,0
188091,Female,58,1,28.0,0,> 2 Years,Yes,40022.0,124.0,21,0
340502,Male,53,1,30.0,0,1-2 Year,Yes,2630.0,145.0,226,0
355884,Male,36,1,28.0,0,1-2 Year,Yes,2630.0,37.0,82,0
345944,Male,64,1,28.0,0,> 2 Years,Yes,34176.0,25.0,141,0
76327,Male,41,1,28.0,0,1-2 Year,Yes,49167.0,124.0,179,0
144472,Male,44,1,45.0,0,1-2 Year,Yes,33202.0,26.0,46,0
130939,Male,56,1,46.0,0,1-2 Year,Yes,38510.0,11.0,296,0
56677,Female,28,1,30.0,0,< 1 Year,Yes,2630.0,152.0,151,0
79963,Female,51,1,14.0,1,1-2 Year,No,31442.0,152.0,61,0
45994,Male,31,1,10.0,1,< 1 Year,No,26031.0,152.0,123,0
201184,Male,47,1,29.0,1,1-2 Year,No,38498.0,124.0,14,0
58403,Male,55,1,28.0,1,1-2 Year,No,42746.0,13.0,287,0
307330,Female,21,1,15.0,1,< 1 Year,No,28531.0,152.0,228,0
159052,Male,22,1,29.0,1,< 1 Year,No,38746.0,152.0,43,0
165385,Male,22,1,37.0,0,< 1 Year,Yes,21070.0,152.0,194,0
279652,Male,38,1,41.0,0,1-2 Year,Yes,25179.0,124.0,210,0
230238,Male,24,1,8.0,1,< 1 Year,No,43390.0,152.0,256,0
367132,Female,59,1,31.0,0,> 2 Years,Yes,2630.0,9.0,267,0
277562,Male,23,1,10.0,1,< 1 Year,No,45578.0,152.0,227,0
375678,Female,21,1,47.0,0,< 1 Year,No,31200.0,152.0,272,0
3969,Male,42,1,8.0,1,1-2 Year,No,45932.0,19.0,103,0
177227,Female,24,1,26.0,0,< 1 Year,Yes,35242.0,152.0,97,0
6312,Female,38,1,16.0,1,1-2 Year,No,33342.0,152.0,291,0
185348,Female,43,1,30.0,0,1-2 Year,No,2630.0,160.0,261,0
165237,Male,20,1,44.0,1,< 1 Year,Yes,2630.0,160.0,296,0
303608,Female,43,1,28.0,1,1-2 Year,No,44263.0,122.0,22,0
376815,Male,34,1,12.0,0,1-2 Year,No,26934.0,124.0,100,0
192442,Female,26,1,28.0,1,< 1 Year,No,36660.0,152.0,72,0
156634,Male,67,1,28.0,1,1-2 Year,No,42365.0,52.0,51,0
234124,Female,25,1,26.0,1,< 1 Year,No,2630.0,152.0,136,0
192603,Female,24,1,15.0,0,< 1 Year,No,31498.0,152.0,103,0
225546,Male,24,1,41.0,1,< 1 Year,No,2630.0,152.0,165,0
76649,Male,25,1,28.0,1,< 1 Year,No,50467.0,152.0,292,0
203915,Female,32,1,45.0,0,1-2 Year,No,2630.0,156.0,257,0
86940,Male,46,1,28.0,0,1-2 Year,Yes,52539.0,122.0,192,0
150669,Male,42,1,30.0,1,1-2 Year,No,2630.0,152.0,296,0
80678,Male,64,1,8.0,1,1-2 Year,No,38223.0,26.0,211,0
15299,Female,33,1,41.0,1,< 1 Year,No,39843.0,152.0,250,0
353349,Female,23,1,11.0,1,< 1 Year,No,24788.0,152.0,81,0
332217,Male,65,1,8.0,0,1-2 Year,No,35051.0,26.0,200,0
305827,Female,42,1,28.0,0,> 2 Years,Yes,2630.0,156.0,206,0
211438,Female,28,1,9.0,1,< 1 Year,No,25007.0,152.0,169,0
197113,Male,48,1,8.0,1,1-2 Year,No,39122.0,124.0,180,0
298680,Female,76,1,48.0,1,1-2 Year,No,2630.0,26.0,173,0
49588,Male,54,1,50.0,1,1-2 Year,No,84918.0,18.0,93,0
695,Female,48,1,10.0,0,1-2 Year,Yes,39818.0,26.0,180,0
16274,Male,32,1,30.0,0,< 1 Year,Yes,31716.0,152.0,292,0
77878,Female,25,1,41.0,0,< 1 Year,Yes,39151.0,152.0,146,0
274058,Female,45,1,28.0,1,1-2 Year,No,44327.0,26.0,77,0
107668,Female,28,1,30.0,1,< 1 Year,No,27098.0,152.0,42,0
305664,Male,48,1,28.0,0,1-2 Year,Yes,54788.0,26.0,115,0
49860,Female,31,1,33.0,1,< 1 Year,No,27368.0,152.0,118,0
310667,Female,23,1,30.0,1,< 1 Year,No,38449.0,152.0,78,0
280931,Male,44,1,28.0,0,> 2 Years,Yes,51568.0,26.0,127,0
34754,Male,21,1,36.0,0,< 1 Year,No,33748.0,152.0,294,0
23772,Male,54,1,28.0,0,1-2 Year,Yes,26790.0,26.0,299,0
302550,Female,61,1,8.0,1,1-2 Year,No,51043.0,26.0,206,0
87120,Female,24,1,28.0,1,< 1 Year,No,30754.0,152.0,134,0
375989,Female,45,1,46.0,0,1-2 Year,Yes,2630.0,124.0,61,0
299680,Male,66,1,39.0,1,1-2 Year,No,59589.0,124.0,263,0
84605,Female,32,1,33.0,1,< 1 Year,No,30831.0,152.0,298,0
68148,Male,50,1,48.0,1,1-2 Year,No,2630.0,124.0,69,0
267868,Male,23,1,8.0,1,< 1 Year,No,40625.0,152.0,195,0
268870,Male,30,1,45.0,0,< 1 Year,Yes,31126.0,154.0,297,0
36333,Female,23,1,28.0,1,< 1 Year,No,47432.0,152.0,257,0
139994,Male,47,1,28.0,1,1-2 Year,No,44910.0,26.0,180,0
203504,Male,63,1,3.0,0,1-2 Year,Yes,49804.0,124.0,73,0
277197,Female,52,1,28.0,0,1-2 Year,Yes,2630.0,124.0,245,0
298888,Female,22,1,46.0,1,< 1 Year,No,26897.0,152.0,75,0
292005,Male,24,1,30.0,0,< 1 Year,Yes,2630.0,154.0,59,0
162894,Female,55,1,8.0,0,1-2 Year,Yes,32289.0,124.0,182,0
99461,Male,65,1,24.0,0,1-2 Year,Yes,32138.0,26.0,10,0
301268,Female,34,1,8.0,0,1-2 Year,Yes,40509.0,124.0,78,0
276554,Female,24,1,28.0,1,< 1 Year,No,34226.0,152.0,60,0
53296,Female,78,1,47.0,0,1-2 Year,Yes,31218.0,26.0,282,0
50909,Female,49,1,8.0,0,1-2 Year,Yes,38125.0,155.0,216,0
309432,Male,36,1,38.0,0,1-2 Year,Yes,24207.0,26.0,106,0
260597,Male,58,1,41.0,0,1-2 Year,No,33565.0,124.0,283,0
314033,Male,64,1,28.0,1,1-2 Year,No,32858.0,122.0,28,0
335952,Male,20,1,9.0,0,< 1 Year,Yes,32616.0,160.0,33,0
8970,Female,40,1,33.0,0,1-2 Year,No,25924.0,124.0,250,0
98878,Male,45,1,38.0,0,1-2 Year,Yes,36169.0,124.0,43,0
37545,Male,25,1,15.0,1,< 1 Year,No,23252.0,160.0,45,0
297750,Female,26,1,14.0,1,< 1 Year,No,25243.0,152.0,151,0
309636,Female,22,1,30.0,0,< 1 Year,Yes,29489.0,152.0,164,0
51096,Female,25,1,12.0,1,< 1 Year,No,24230.0,152.0,246,0
317409,Male,28,1,28.0,1,< 1 Year,No,2630.0,152.0,107,0
210961,Female,27,1,33.0,1,< 1 Year,No,30219.0,152.0,67,0
291958,Female,20,1,50.0,0,< 1 Year,Yes,38767.0,160.0,72,0
85527,Male,23,1,11.0,1,< 1 Year,No,35864.0,152.0,24,0
78538,Female,23,1,12.0,1,< 1 Year,No,45560.0,152.0,232,0
371372,Male,46,1,28.0,0,1-2 Year,Yes,41848.0,26.0,25,0
208697,Male,23,1,33.0,1,< 1 Year,No,47794.0,152.0,211,0
307972,Male,28,1,41.0,1,< 1 Year,No,36391.0,152.0,87,0
262049,Female,59,1,28.0,0,1-2 Year,Yes,40883.0,26.0,136,0
77195,Male,23,1,29.0,1,< 1 Year,No,38417.0,151.0,193,0
105223,Male,49,1,46.0,1,1-2 Year,No,22091.0,91.0,133,0
74382,Male,25,1,10.0,0,< 1 Year,Yes,26829.0,124.0,142,0
83363,Male,45,1,8.0,1,1-2 Year,No,2630.0,124.0,178,0
190662,Male,24,1,29.0,1,< 1 Year,No,22651.0,152.0,281,0
208333,Male,61,1,22.0,1,1-2 Year,Yes,46072.0,30.0,65,0
34044,Male,44,1,33.0,1,1-2 Year,No,31400.0,25.0,91,0
101433,Female,27,1,12.0,0,1-2 Year,Yes,29820.0,157.0,204,0
337137,Male,45,1,28.0,0,1-2 Year,Yes,36976.0,124.0,20,0
121552,Female,75,1,28.0,0,> 2 Years,Yes,38659.0,122.0,244,0
58798,Male,62,1,28.0,0,> 2 Years,Yes,40022.0,26.0,131,0
361946,Male,46,1,28.0,0,1-2 Year,No,43553.0,26.0,222,0
314628,Female,68,1,28.0,0,1-2 Year,Yes,41847.0,124.0,271,0
151480,Male,42,1,28.0,0,1-2 Year,Yes,46050.0,124.0,131,0
348628,Female,25,1,27.0,1,< 1 Year,No,23257.0,152.0,188,0
137334,Female,23,1,36.0,0,< 1 Year,Yes,46065.0,152.0,206,0
116344,Male,54,1,28.0,0,1-2 Year,Yes,40994.0,26.0,170,0
221205,Male,26,1,41.0,1,< 1 Year,No,44667.0,152.0,18,0
236740,Male,33,1,15.0,1,< 1 Year,No,21966.0,152.0,37,0
88845,Male,25,1,28.0,1,1-2 Year,No,29639.0,26.0,249,0
80580,Male,21,1,28.0,0,< 1 Year,Yes,25619.0,152.0,100,0
181873,Male,21,1,15.0,1,< 1 Year,No,38218.0,152.0,55,0
225727,Female,37,1,0.0,1,1-2 Year,No,2630.0,122.0,48,0
157708,Female,35,1,28.0,0,1-2 Year,Yes,40216.0,26.0,185,0
76455,Male,42,1,37.0,0,1-2 Year,Yes,2630.0,156.0,23,0
332309,Female,42,1,28.0,1,1-2 Year,No,30289.0,26.0,201,0
9667,Female,21,1,14.0,1,< 1 Year,No,36277.0,152.0,147,0
93175,Female,44,1,28.0,0,> 2 Years,Yes,44841.0,26.0,207,0
222354,Male,60,1,46.0,0,1-2 Year,Yes,2630.0,11.0,189,0
336127,Male,46,1,28.0,0,1-2 Year,Yes,28410.0,26.0,299,0
258752,Female,46,1,9.0,0,1-2 Year,Yes,26694.0,26.0,225,0
379976,Male,22,1,46.0,0,1-2 Year,Yes,17578.0,163.0,94,0
360883,Female,56,1,46.0,1,1-2 Year,No,25307.0,26.0,139,0
56301,Female,42,1,8.0,1,1-2 Year,No,41698.0,124.0,183,0
236838,Female,32,1,28.0,1,< 1 Year,No,38605.0,152.0,225,0
246125,Female,24,1,26.0,0,< 1 Year,Yes,34185.0,152.0,200,0
263107,Male,60,1,46.0,1,1-2 Year,No,38364.0,26.0,154,0
212238,Male,25,1,6.0,1,< 1 Year,No,14558.0,152.0,277,0
81302,Male,35,1,10.0,0,1-2 Year,Yes,34490.0,124.0,59,0
307347,Male,52,1,35.0,0,1-2 Year,Yes,32892.0,124.0,56,0
288596,Female,33,1,28.0,1,< 1 Year,No,30702.0,152.0,127,0
277430,Male,51,1,17.0,0,1-2 Year,No,2630.0,26.0,80,0
175957,Male,23,1,11.0,0,< 1 Year,Yes,64202.0,151.0,92,0
245520,Female,44,1,36.0,0,1-2 Year,Yes,25666.0,154.0,174,0
233474,Female,44,1,28.0,0,1-2 Year,Yes,45859.0,122.0,66,0
114315,Male,21,1,28.0,0,< 1 Year,Yes,34427.0,163.0,125,0
18450,Male,31,1,28.0,1,1-2 Year,No,50256.0,124.0,176,0
61141,Male,57,1,33.0,0,> 2 Years,Yes,34791.0,26.0,63,0
285928,Male,26,1,15.0,0,< 1 Year,No,31760.0,152.0,266,0
102336,Female,67,1,28.0,0,1-2 Year,Yes,58982.0,26.0,111,0
15776,Female,39,1,24.0,0,1-2 Year,No,36780.0,124.0,31,0
327091,Male,25,1,21.0,1,< 1 Year,No,40649.0,152.0,196,0
273329,Female,69,1,28.0,1,1-2 Year,No,27336.0,124.0,171,0
5467,Male,73,1,8.0,1,1-2 Year,Yes,47456.0,7.0,140,0
331128,Male,21,1,33.0,1,< 1 Year,Yes,2630.0,160.0,150,0
48005,Male,27,1,29.0,0,< 1 Year,Yes,31217.0,156.0,181,0
129945,Male,22,1,47.0,0,< 1 Year,Yes,38103.0,152.0,168,0
229125,Male,25,1,50.0,1,< 1 Year,No,38790.0,152.0,185,0
103515,Male,26,1,24.0,0,< 1 Year,Yes,27139.0,152.0,54,0
266235,Female,39,1,28.0,0,1-2 Year,Yes,41772.0,26.0,67,0
214437,Male,24,1,28.0,0,< 1 Year,No,37789.0,152.0,212,0
195453,Male,40,1,3.0,0,1-2 Year,Yes,40007.0,156.0,45,0
199491,Male,28,1,28.0,1,< 1 Year,No,62321.0,152.0,63,0
10505,Female,23,1,50.0,1,< 1 Year,No,23402.0,152.0,174,0
314710,Female,28,1,8.0,1,< 1 Year,No,43685.0,152.0,70,0
32968,Male,26,1,3.0,1,< 1 Year,Yes,2630.0,160.0,153,0
93899,Male,36,1,41.0,1,1-2 Year,No,29965.0,152.0,180,0
339635,Male,42,1,0.0,1,1-2 Year,No,2630.0,122.0,69,0
76757,Female,28,1,8.0,1,< 1 Year,No,36305.0,152.0,225,0
291125,Male,42,1,41.0,1,1-2 Year,No,50663.0,152.0,246,0
371496,Male,22,1,14.0,1,< 1 Year,No,35275.0,152.0,114,0
86608,Male,21,1,8.0,1,< 1 Year,No,30400.0,160.0,138,0
324368,Male,23,1,28.0,1,< 1 Year,No,30625.0,152.0,150,0
281353,Female,26,1,14.0,1,< 1 Year,Yes,21551.0,152.0,161,0
320820,Male,38,1,28.0,0,1-2 Year,Yes,31277.0,124.0,256,0
248703,Male,35,1,28.0,1,1-2 Year,No,29970.0,26.0,299,0
354785,Female,38,1,28.0,0,1-2 Year,No,32545.0,152.0,238,0
139397,Female,22,1,6.0,1,< 1 Year,No,23528.0,152.0,122,0
136888,Female,34,1,6.0,0,1-2 Year,Yes,25285.0,152.0,205,0
358829,Female,46,1,28.0,0,1-2 Year,Yes,54365.0,124.0,188,0
183876,Male,63,1,14.0,1,1-2 Year,No,2630.0,124.0,196,0
76494,Female,49,1,28.0,1,1-2 Year,No,28233.0,124.0,113,0
65160,Male,50,1,28.0,1,1-2 Year,No,43448.0,147.0,62,0
172565,Female,29,1,28.0,0,< 1 Year,Yes,57184.0,152.0,39,0
109170,Female,23,1,6.0,1,< 1 Year,No,23832.0,152.0,138,0
271322,Male,31,1,10.0,1,1-2 Year,No,27211.0,124.0,44,0
207490,Male,20,1,46.0,1,< 1 Year,No,34866.0,160.0,60,0
325685,Female,31,1,0.0,0,1-2 Year,Yes,2630.0,26.0,114,0
331801,Female,40,1,29.0,0,1-2 Year,Yes,39578.0,156.0,65,0
198311,Female,29,1,44.0,0,< 1 Year,No,28365.0,152.0,88,0
262417,Male,77,1,20.0,0,> 2 Years,Yes,2630.0,15.0,139,0
27133,Female,29,1,41.0,1,< 1 Year,No,32905.0,152.0,134,0
94567,Male,42,1,28.0,0,1-2 Year,Yes,45914.0,124.0,281,0
152509,Male,21,1,28.0,0,1-2 Year,Yes,2630.0,157.0,122,0
90380,Female,47,1,28.0,1,1-2 Year,No,32552.0,26.0,164,0
244751,Female,29,1,8.0,1,< 1 Year,No,39792.0,152.0,111,0
147895,Female,26,1,6.0,1,1-2 Year,No,37423.0,26.0,66,0
129894,Male,21,1,47.0,0,< 1 Year,Yes,34773.0,152.0,181,0
365062,Male,67,1,28.0,1,1-2 Year,No,43949.0,122.0,269,0
286346,Male,52,1,48.0,1,1-2 Year,No,2630.0,124.0,45,0
270159,Female,65,1,28.0,0,1-2 Year,Yes,28514.0,122.0,42,0
226304,Male,43,1,28.0,1,1-2 Year,No,41842.0,26.0,98,0
13629,Female,64,1,28.0,1,1-2 Year,No,21031.0,122.0,63,0
93790,Male,47,1,39.0,0,1-2 Year,Yes,46669.0,124.0,176,0
98255,Male,21,1,25.0,0,< 1 Year,Yes,21532.0,160.0,126,0
342805,Female,25,1,25.0,0,< 1 Year,Yes,31707.0,152.0,201,0
224283,Male,24,1,28.0,0,< 1 Year,Yes,70941.0,152.0,237,0
111536,Male,25,1,32.0,1,< 1 Year,No,33737.0,152.0,269,0
57216,Female,25,1,28.0,0,< 1 Year,No,48618.0,152.0,189,0
134571,Male,25,1,37.0,0,< 1 Year,Yes,34743.0,152.0,65,0
235943,Female,55,1,28.0,0,1-2 Year,Yes,42028.0,122.0,111,0
68569,Female,25,1,39.0,1,< 1 Year,No,34464.0,152.0,155,0
117017,Female,74,1,28.0,0,> 2 Years,Yes,64823.0,124.0,182,0
231764,Male,20,1,33.0,1,< 1 Year,No,2630.0,160.0,46,0
128731,Male,20,1,19.0,1,< 1 Year,No,2630.0,160.0,211,0
186533,Female,23,1,30.0,1,< 1 Year,No,23890.0,152.0,34,0
300156,Male,44,1,33.0,0,1-2 Year,Yes,28605.0,124.0,139,0
11332,Female,39,1,28.0,1,1-2 Year,No,49875.0,124.0,112,0
29318,Female,25,1,36.0,0,< 1 Year,Yes,36832.0,152.0,87,0
362686,Male,23,1,9.0,0,< 1 Year,Yes,2630.0,152.0,157,0
63779,Female,36,1,33.0,1,1-2 Year,No,29115.0,152.0,240,0
342752,Female,58,1,16.0,0,1-2 Year,Yes,2630.0,26.0,215,0
359447,Female,21,1,47.0,1,< 1 Year,No,36766.0,152.0,89,0
344808,Male,25,1,21.0,0,< 1 Year,Yes,29199.0,26.0,144,0
315594,Male,39,1,28.0,0,1-2 Year,Yes,45007.0,26.0,26,0
29189,Male,75,1,38.0,1,1-2 Year,No,50728.0,154.0,84,0
270252,Male,57,1,8.0,1,1-2 Year,No,35002.0,26.0,180,0
299815,Female,23,1,47.0,1,< 1 Year,Yes,2630.0,152.0,75,0
104960,Female,23,1,37.0,0,< 1 Year,Yes,38140.0,152.0,180,0
284616,Female,26,1,28.0,0,< 1 Year,Yes,41051.0,152.0,291,0
186561,Female,63,1,8.0,1,1-2 Year,No,2630.0,124.0,126,0
115512,Female,30,1,18.0,0,< 1 Year,Yes,2630.0,156.0,196,0
357470,Male,65,1,46.0,0,1-2 Year,Yes,2630.0,26.0,262,0
75559,Female,22,1,2.0,0,< 1 Year,Yes,27455.0,152.0,80,0
104027,Male,78,1,45.0,0,1-2 Year,Yes,32531.0,26.0,205,0
322829,Female,21,1,8.0,1,< 1 Year,No,49704.0,160.0,136,0
252435,Female,34,1,8.0,0,1-2 Year,No,57773.0,152.0,96,0
142393,Male,27,1,46.0,0,< 1 Year,Yes,32781.0,152.0,287,0
285102,Male,71,1,28.0,0,1-2 Year,Yes,40774.0,26.0,295,0
239207,Female,25,1,30.0,1,< 1 Year,No,26541.0,152.0,283,0
240087,Male,50,1,28.0,1,1-2 Year,No,37516.0,26.0,33,0
76860,Female,25,1,8.0,1,< 1 Year,No,32598.0,152.0,124,0
276593,Male,73,1,14.0,1,1-2 Year,No,37425.0,152.0,155,0
290029,Female,46,1,28.0,1,1-2 Year,No,37762.0,26.0,179,0
253264,Male,41,1,28.0,0,1-2 Year,Yes,45043.0,124.0,248,0
1422,Female,60,1,20.0,1,1-2 Year,No,2630.0,26.0,204,0
371721,Female,22,1,30.0,1,< 1 Year,No,30173.0,152.0,244,0
1454,Female,26,1,46.0,1,< 1 Year,No,34781.0,160.0,271,0
132970,Male,23,1,28.0,1,< 1 Year,No,46938.0,152.0,40,0
326683,Male,22,1,41.0,1,< 1 Year,No,30999.0,152.0,212,0
352533,Male,21,1,7.0,0,< 1 Year,No,52024.0,152.0,141,0
268058,Male,61,1,41.0,0,1-2 Year,Yes,43636.0,124.0,115,0
330993,Male,22,1,47.0,1,< 1 Year,No,38742.0,152.0,115,0
107049,Female,35,1,45.0,1,1-2 Year,No,28636.0,26.0,211,0
234135,Male,67,1,30.0,0,1-2 Year,Yes,41805.0,26.0,135,0
361621,Female,22,1,46.0,1,< 1 Year,No,21797.0,152.0,209,0
357216,Female,29,1,29.0,1,< 1 Year,No,2630.0,152.0,228,0
325015,Male,39,1,18.0,0,1-2 Year,Yes,39192.0,26.0,229,0
40090,Male,50,1,11.0,0,1-2 Year,Yes,2630.0,124.0,55,0
164274,Male,41,1,28.0,0,1-2 Year,Yes,56153.0,124.0,264,0
314372,Male,59,1,28.0,0,1-2 Year,Yes,45066.0,124.0,152,0
327654,Male,24,1,46.0,1,< 1 Year,No,28256.0,152.0,59,0
222378,Male,54,1,28.0,0,1-2 Year,Yes,24638.0,61.0,135,0
231161,Female,29,1,28.0,1,< 1 Year,No,48502.0,152.0,64,0
88467,Male,21,1,17.0,0,< 1 Year,Yes,41530.0,152.0,139,0
145466,Male,30,1,28.0,1,< 1 Year,No,42055.0,152.0,282,0
213419,Male,73,1,27.0,0,1-2 Year,Yes,22552.0,26.0,190,0
70328,Female,47,1,28.0,0,1-2 Year,Yes,39553.0,29.0,237,0
63856,Female,44,1,36.0,0,1-2 Year,No,33398.0,124.0,35,0
49173,Female,59,1,33.0,0,1-2 Year,No,2630.0,26.0,129,0
120677,Male,75,1,49.0,0,1-2 Year,Yes,39844.0,122.0,92,0
220522,Female,77,1,28.0,0,1-2 Year,Yes,25051.0,124.0,295,0
7883,Female,27,1,6.0,1,< 1 Year,No,15438.0,152.0,288,0
53470,Female,37,1,8.0,1,1-2 Year,No,35311.0,152.0,245,0
153474,Female,26,1,28.0,1,< 1 Year,No,28800.0,152.0,234,0
68407,Male,23,1,36.0,0,< 1 Year,No,32982.0,151.0,249,0
320021,Female,28,1,39.0,1,< 1 Year,No,24364.0,152.0,16,0
216709,Male,59,1,28.0,0,1-2 Year,Yes,29889.0,124.0,240,0
315311,Male,60,1,28.0,1,1-2 Year,No,37465.0,26.0,253,0
52600,Female,48,1,28.0,0,1-2 Year,No,44627.0,122.0,147,0
50771,Male,49,1,28.0,0,1-2 Year,Yes,83652.0,124.0,197,0
289842,Female,28,1,8.0,1,< 1 Year,No,24296.0,152.0,64,0
48243,Female,37,1,28.0,0,1-2 Year,Yes,56832.0,26.0,269,0
339849,Female,54,1,28.0,1,1-2 Year,No,33382.0,26.0,40,0
11967,Female,76,1,37.0,1,1-2 Year,No,48938.0,124.0,127,0
158288,Female,43,1,8.0,1,1-2 Year,No,33379.0,124.0,283,0
145342,Female,40,1,14.0,0,1-2 Year,Yes,31458.0,31.0,228,0
80887,Male,64,1,28.0,1,1-2 Year,No,78771.0,26.0,179,0
6311,Male,22,1,29.0,0,< 1 Year,Yes,32332.0,152.0,255,0
181246,Female,43,1,40.0,0,1-2 Year,No,34534.0,26.0,221,0
314250,Male,47,1,46.0,0,1-2 Year,Yes,22606.0,124.0,96,0
58711,Male,70,1,8.0,1,1-2 Year,No,21264.0,152.0,274,0
208791,Female,24,1,30.0,0,< 1 Year,Yes,23355.0,152.0,247,0
223511,Female,45,1,28.0,0,1-2 Year,Yes,40357.0,26.0,141,0
264573,Female,35,1,29.0,1,1-2 Year,No,53688.0,152.0,174,0
235793,Female,25,1,6.0,1,< 1 Year,No,25923.0,152.0,211,0
52506,Female,22,1,33.0,1,< 1 Year,No,23804.0,152.0,108,0
119527,Female,40,1,13.0,0,1-2 Year,Yes,28810.0,26.0,103,0
71175,Male,44,1,28.0,0,1-2 Year,Yes,35788.0,125.0,113,0
359468,Female,57,1,11.0,0,1-2 Year,Yes,39833.0,124.0,40,0
58926,Female,53,1,13.0,1,1-2 Year,No,24739.0,124.0,29,0
349419,Female,25,1,5.0,1,< 1 Year,No,30257.0,152.0,217,0
291502,Female,21,1,47.0,0,< 1 Year,Yes,43529.0,160.0,225,0
303290,Male,24,1,47.0,1,< 1 Year,No,36437.0,152.0,92,0
120687,Male,29,1,32.0,1,< 1 Year,No,42626.0,152.0,250,0
117665,Female,22,1,8.0,1,< 1 Year,No,53957.0,152.0,288,0
96569,Male,64,1,28.0,1,1-2 Year,No,40543.0,61.0,131,0
252992,Male,70,1,28.0,1,1-2 Year,No,47711.0,124.0,130,0
236410,Male,48,1,2.0,1,1-2 Year,No,41676.0,124.0,16,0
22792,Female,27,1,8.0,1,< 1 Year,No,31318.0,152.0,237,0
342043,Male,37,1,46.0,1,1-2 Year,No,21636.0,152.0,64,0
132623,Male,62,1,46.0,0,> 2 Years,Yes,2630.0,31.0,13,0
362517,Male,40,1,29.0,0,1-2 Year,Yes,31258.0,124.0,184,0
43239,Female,45,1,28.0,0,1-2 Year,Yes,2630.0,154.0,275,0
126232,Male,52,1,50.0,1,1-2 Year,Yes,2630.0,30.0,228,0
189618,Male,54,1,8.0,0,> 2 Years,Yes,40630.0,26.0,56,0
222588,Male,47,1,8.0,0,1-2 Year,Yes,38501.0,26.0,168,0
98995,Male,58,1,28.0,0,1-2 Year,Yes,26060.0,122.0,148,0
23254,Female,43,1,27.0,0,1-2 Year,No,23413.0,152.0,32,0
143497,Female,22,1,26.0,1,< 1 Year,No,40795.0,152.0,217,0
96388,Female,21,1,30.0,1,< 1 Year,No,35550.0,160.0,239,0
277953,Male,60,1,8.0,1,1-2 Year,Yes,43145.0,26.0,33,0
18438,Male,60,1,28.0,0,> 2 Years,Yes,33427.0,26.0,238,0
304297,Male,63,1,28.0,0,1-2 Year,Yes,37578.0,26.0,122,0
123987,Male,76,1,29.0,1,1-2 Year,No,35848.0,26.0,115,0
65356,Female,28,1,8.0,1,< 1 Year,No,32207.0,152.0,203,0
172669,Female,32,1,13.0,0,1-2 Year,Yes,2630.0,157.0,226,0
216654,Male,25,1,2.0,1,< 1 Year,No,24362.0,152.0,248,0
223690,Female,26,1,36.0,1,< 1 Year,No,37437.0,152.0,290,0
321785,Male,67,1,8.0,1,1-2 Year,No,35881.0,7.0,35,0
67843,Female,42,1,28.0,0,1-2 Year,Yes,57379.0,26.0,15,0
209513,Male,48,1,28.0,0,1-2 Year,Yes,52775.0,124.0,171,0
247941,Female,47,1,28.0,0,1-2 Year,Yes,38314.0,124.0,243,0
258833,Male,29,1,18.0,0,< 1 Year,Yes,34508.0,150.0,237,0
238693,Female,48,1,28.0,1,1-2 Year,No,43126.0,26.0,202,0
42795,Male,48,1,14.0,0,> 2 Years,Yes,2630.0,156.0,233,0
108008,Female,43,1,28.0,0,1-2 Year,Yes,37549.0,26.0,111,0
226343,Female,25,1,50.0,0,< 1 Year,Yes,45277.0,26.0,173,0
321547,Male,49,1,28.0,0,1-2 Year,Yes,46680.0,26.0,115,0
93230,Male,21,1,46.0,0,< 1 Year,No,18171.0,160.0,30,0
138782,Male,57,1,28.0,1,1-2 Year,No,31548.0,26.0,172,0
167058,Male,32,1,30.0,0,1-2 Year,Yes,61597.0,124.0,153,0
101794,Male,34,1,33.0,0,1-2 Year,Yes,35786.0,26.0,63,0
59951,Male,22,1,37.0,0,< 1 Year,Yes,36057.0,152.0,220,0
253746,Male,50,1,38.0,1,1-2 Year,No,2630.0,124.0,142,0
374132,Male,21,1,2.0,1,< 1 Year,No,29365.0,152.0,167,0
30938,Female,24,1,37.0,0,< 1 Year,No,25196.0,152.0,275,0
336208,Female,23,1,18.0,1,< 1 Year,No,31080.0,152.0,35,0
342779,Male,40,1,43.0,0,1-2 Year,Yes,2630.0,157.0,80,0
359416,Male,24,1,15.0,1,< 1 Year,No,38559.0,152.0,283,0
11400,Male,57,1,28.0,1,1-2 Year,No,42866.0,152.0,93,0
47518,Female,24,1,28.0,1,< 1 Year,No,29825.0,152.0,196,0
289011,Male,49,1,28.0,1,1-2 Year,No,37015.0,55.0,52,0
266960,Male,56,1,28.0,1,1-2 Year,No,45941.0,124.0,108,0
288130,Male,43,1,50.0,0,1-2 Year,Yes,21329.0,26.0,298,0
189435,Male,28,1,28.0,0,1-2 Year,Yes,58646.0,147.0,257,0
247757,Female,21,1,30.0,0,< 1 Year,Yes,34965.0,152.0,152,0
263625,Male,21,1,28.0,0,< 1 Year,Yes,53077.0,160.0,218,0
77968,Female,23,1,8.0,1,< 1 Year,No,59287.0,26.0,88,0
117202,Male,73,0,46.0,1,1-2 Year,No,27625.0,26.0,177,0
57535,Male,20,1,8.0,0,< 1 Year,Yes,33949.0,160.0,110,0
229547,Female,26,1,17.0,1,< 1 Year,No,2630.0,152.0,67,0
65333,Female,27,1,17.0,1,< 1 Year,No,26690.0,152.0,251,0
345064,Female,43,1,37.0,1,1-2 Year,No,2630.0,29.0,50,0
101351,Female,64,1,1.0,0,> 2 Years,Yes,2630.0,124.0,66,0
153397,Female,36,1,28.0,1,1-2 Year,No,46364.0,124.0,214,0
238233,Male,27,1,41.0,1,< 1 Year,No,45078.0,152.0,10,0
208364,Female,24,1,29.0,1,< 1 Year,No,37328.0,152.0,25,0
353943,Male,64,1,28.0,0,> 2 Years,Yes,2630.0,158.0,146,0
321231,Male,39,1,28.0,1,1-2 Year,No,52603.0,122.0,108,0
343039,Male,49,1,28.0,0,1-2 Year,Yes,38744.0,26.0,63,0
369039,Female,41,1,29.0,0,1-2 Year,Yes,22259.0,155.0,45,0
59944,Male,25,1,28.0,1,< 1 Year,No,74545.0,152.0,100,0
75845,Female,34,1,28.0,1,1-2 Year,No,48931.0,26.0,172,0
96748,Female,23,1,15.0,1,< 1 Year,No,30408.0,152.0,256,0
373300,Male,46,1,28.0,0,1-2 Year,No,42368.0,124.0,72,0
232412,Female,24,1,29.0,1,< 1 Year,No,2630.0,152.0,245,0
35462,Male,62,1,28.0,0,1-2 Year,Yes,37160.0,26.0,71,0
76263,Female,72,1,28.0,0,1-2 Year,Yes,30198.0,124.0,118,0
135130,Female,57,1,28.0,0,> 2 Years,Yes,44416.0,122.0,41,0
376803,Female,33,1,6.0,1,< 1 Year,No,31801.0,152.0,139,0
24141,Female,29,1,11.0,1,< 1 Year,No,28606.0,152.0,99,0
141785,Female,28,1,33.0,1,< 1 Year,No,26230.0,152.0,221,0
92911,Male,33,1,48.0,0,1-2 Year,Yes,2630.0,156.0,283,0
374307,Male,54,1,41.0,1,1-2 Year,No,42600.0,122.0,189,0
36661,Female,21,1,46.0,1,< 1 Year,No,42227.0,152.0,252,0
33434,Female,33,1,28.0,0,< 1 Year,Yes,38776.0,152.0,73,0
342068,Female,55,1,28.0,0,1-2 Year,Yes,46679.0,124.0,10,0
183772,Male,25,1,8.0,1,< 1 Year,No,31913.0,152.0,144,0
30274,Male,27,1,46.0,1,< 1 Year,No,29293.0,152.0,19,0
300519,Male,57,1,28.0,0,1-2 Year,Yes,38537.0,122.0,148,0
232404,Male,23,1,28.0,0,< 1 Year,Yes,43622.0,152.0,106,0
232054,Male,72,1,46.0,0,1-2 Year,Yes,31552.0,124.0,233,0
265591,Male,48,1,28.0,0,1-2 Year,Yes,26499.0,26.0,86,0
361006,Female,29,1,46.0,1,< 1 Year,No,23690.0,152.0,29,0
136896,Female,20,1,25.0,0,< 1 Year,Yes,22407.0,160.0,146,0
118588,Female,26,1,35.0,1,< 1 Year,No,33295.0,152.0,144,0
121717,Male,74,1,3.0,0,> 2 Years,Yes,2630.0,26.0,271,0
266858,Male,50,1,28.0,1,1-2 Year,Yes,32087.0,124.0,147,0
152899,Female,30,1,18.0,1,< 1 Year,No,44415.0,152.0,217,0
10447,Male,58,1,8.0,0,1-2 Year,Yes,41618.0,26.0,196,0
366241,Female,24,1,8.0,1,< 1 Year,No,80822.0,152.0,260,0
238764,Male,49,1,15.0,0,1-2 Year,No,25840.0,152.0,257,0
315687,Male,32,1,29.0,1,< 1 Year,No,27891.0,152.0,181,0
368904,Female,40,1,28.0,0,1-2 Year,No,2630.0,157.0,234,0
267210,Female,28,1,16.0,1,< 1 Year,No,29084.0,152.0,71,0
71757,Female,23,1,50.0,0,< 1 Year,Yes,41056.0,152.0,264,0
373403,Male,63,1,15.0,0,> 2 Years,Yes,23517.0,26.0,236,0
220143,Male,74,1,28.0,0,1-2 Year,Yes,2630.0,26.0,288,0
127125,Male,23,1,25.0,1,< 1 Year,No,2630.0,160.0,99,0
96354,Female,23,1,28.0,1,< 1 Year,No,35344.0,152.0,298,0
271667,Male,27,1,3.0,1,< 1 Year,No,23851.0,152.0,263,0
289471,Male,26,1,15.0,1,< 1 Year,No,25690.0,152.0,167,0
22355,Male,51,1,50.0,1,1-2 Year,No,28144.0,64.0,164,0
99025,Female,22,1,30.0,0,< 1 Year,Yes,52278.0,152.0,293,0
123418,Male,23,1,6.0,1,< 1 Year,No,2630.0,160.0,287,0
152925,Female,31,1,0.0,0,1-2 Year,Yes,2630.0,122.0,173,0
299350,Female,23,1,29.0,1,< 1 Year,No,28777.0,152.0,298,0
267873,Female,32,1,7.0,1,< 1 Year,Yes,2630.0,160.0,85,0
149548,Female,30,1,15.0,1,< 1 Year,No,23376.0,152.0,139,0
85195,Female,47,1,28.0,1,1-2 Year,No,49593.0,122.0,41,0
113792,Male,36,1,30.0,1,1-2 Year,No,32228.0,124.0,203,0
147693,Female,27,1,33.0,1,< 1 Year,No,32541.0,152.0,39,0
166062,Male,48,1,28.0,0,1-2 Year,Yes,35552.0,124.0,266,0
288448,Male,30,1,18.0,1,< 1 Year,No,2630.0,154.0,182,0
305184,Female,21,1,30.0,1,< 1 Year,No,30627.0,152.0,67,0
160163,Female,62,1,28.0,0,1-2 Year,Yes,40512.0,26.0,60,0
27571,Female,21,1,8.0,0,< 1 Year,Yes,51052.0,160.0,115,0
98862,Female,23,1,36.0,1,< 1 Year,No,29830.0,152.0,99,0
49273,Female,70,1,5.0,0,1-2 Year,Yes,34490.0,26.0,244,0
109291,Male,60,1,28.0,0,1-2 Year,Yes,63347.0,26.0,225,0
84780,Female,57,1,28.0,1,1-2 Year,No,40799.0,158.0,79,0
23695,Male,61,1,50.0,0,1-2 Year,Yes,34604.0,8.0,211,0
279653,Male,33,1,28.0,1,1-2 Year,No,39471.0,124.0,201,0
137960,Female,25,1,41.0,1,< 1 Year,No,24445.0,152.0,125,0
67459,Male,24,1,32.0,1,< 1 Year,No,49499.0,152.0,239,0
374784,Female,24,1,8.0,1,< 1 Year,No,55319.0,152.0,119,0
112074,Male,30,1,41.0,0,< 1 Year,No,45511.0,152.0,92,0
242584,Male,63,1,8.0,1,1-2 Year,No,44869.0,26.0,86,0
237236,Male,40,1,28.0,0,1-2 Year,Yes,32662.0,156.0,236,0
314538,Male,44,1,45.0,0,1-2 Year,Yes,29183.0,124.0,188,0
235162,Male,55,1,28.0,0,1-2 Year,Yes,41142.0,13.0,52,0
186673,Male,29,1,36.0,0,< 1 Year,Yes,36815.0,152.0,287,0
168035,Male,59,1,8.0,1,1-2 Year,No,61375.0,152.0,248,0
73442,Female,46,1,15.0,0,1-2 Year,Yes,38164.0,124.0,106,0
32307,Male,39,1,43.0,0,1-2 Year,No,23934.0,124.0,97,0
193699,Female,64,1,48.0,0,1-2 Year,Yes,2630.0,3.0,199,0
2023,Female,23,1,3.0,1,< 1 Year,Yes,2630.0,152.0,158,0
149848,Male,26,1,30.0,1,< 1 Year,No,34827.0,152.0,69,0
17391,Male,37,1,28.0,0,1-2 Year,Yes,25985.0,26.0,119,0
336162,Female,27,1,48.0,0,< 1 Year,Yes,2630.0,152.0,164,0
339633,Male,46,1,28.0,0,1-2 Year,Yes,34591.0,13.0,183,0
109195,Female,26,1,28.0,1,< 1 Year,No,41627.0,152.0,55,0
83686,Female,22,1,29.0,1,< 1 Year,No,46204.0,152.0,251,0
67132,Male,47,1,7.0,0,1-2 Year,Yes,2630.0,26.0,111,0
25097,Male,79,0,28.0,1,1-2 Year,No,44130.0,26.0,116,0
73480,Male,24,1,45.0,1,< 1 Year,No,22130.0,151.0,71,0
215474,Female,22,1,36.0,1,< 1 Year,No,37417.0,152.0,44,0
104601,Female,25,1,8.0,1,< 1 Year,No,41061.0,152.0,142,0
38196,Female,25,1,28.0,1,< 1 Year,No,32640.0,152.0,62,0
138292,Female,22,1,11.0,1,< 1 Year,No,31497.0,152.0,153,0
91193,Female,60,1,32.0,1,1-2 Year,No,19736.0,124.0,62,0
158774,Male,37,1,47.0,0,1-2 Year,Yes,29620.0,16.0,150,0
356259,Female,46,1,8.0,0,1-2 Year,Yes,30083.0,124.0,70,0
301867,Female,47,1,33.0,1,1-2 Year,No,2630.0,124.0,186,0
286803,Male,53,1,28.0,0,1-2 Year,Yes,51698.0,52.0,130,0
72305,Male,47,1,15.0,0,1-2 Year,Yes,35652.0,124.0,92,0
330397,Male,25,1,47.0,0,< 1 Year,Yes,45720.0,122.0,55,0
299842,Male,65,1,8.0,0,1-2 Year,Yes,40791.0,30.0,11,0
193361,Male,36,1,41.0,0,1-2 Year,Yes,37436.0,124.0,156,0
376508,Female,21,1,37.0,1,< 1 Year,No,26439.0,152.0,224,0
181529,Male,45,1,28.0,1,1-2 Year,No,2630.0,124.0,146,0
31935,Male,41,1,28.0,0,1-2 Year,Yes,29636.0,151.0,70,0
221620,Female,22,1,47.0,0,< 1 Year,Yes,53199.0,152.0,40,0
255773,Female,24,1,15.0,1,< 1 Year,No,31511.0,151.0,46,0
104688,Female,26,1,36.0,1,< 1 Year,No,2630.0,152.0,56,0
334595,Male,26,1,46.0,1,< 1 Year,No,38618.0,152.0,162,0
308010,Male,48,1,35.0,1,1-2 Year,No,2630.0,156.0,220,0
126113,Female,33,1,46.0,1,< 1 Year,No,24054.0,152.0,94,0
44096,Female,23,1,50.0,1,< 1 Year,No,2630.0,152.0,79,0
377524,Female,56,1,30.0,1,1-2 Year,No,27944.0,152.0,100,0
207547,Male,49,1,28.0,0,1-2 Year,Yes,60952.0,124.0,231,0
242562,Female,75,1,46.0,1,1-2 Year,No,19020.0,26.0,257,0
239022,Male,28,1,28.0,0,< 1 Year,Yes,28100.0,152.0,127,0
13059,Male,49,1,31.0,0,1-2 Year,Yes,2630.0,157.0,73,0
92933,Male,38,1,28.0,0,1-2 Year,Yes,44248.0,124.0,129,0
101938,Male,47,1,28.0,1,1-2 Year,No,24847.0,26.0,82,0
323160,Female,33,1,3.0,0,< 1 Year,Yes,29675.0,152.0,236,0
13340,Male,37,1,39.0,0,1-2 Year,No,35958.0,124.0,91,0
127342,Male,28,1,30.0,1,< 1 Year,No,22903.0,152.0,273,0
87313,Female,73,1,28.0,0,> 2 Years,Yes,40439.0,122.0,268,0
350995,Male,67,1,33.0,1,1-2 Year,No,55980.0,152.0,38,0
303269,Male,73,1,15.0,1,1-2 Year,No,26709.0,26.0,154,0
202822,Female,41,1,3.0,0,1-2 Year,No,26294.0,124.0,18,0
202881,Male,75,1,29.0,0,1-2 Year,Yes,28196.0,26.0,113,0
347231,Female,24,1,8.0,0,1-2 Year,Yes,34745.0,124.0,170,0
43283,Male,52,1,29.0,0,1-2 Year,Yes,40481.0,26.0,87,0
107615,Female,43,1,41.0,1,1-2 Year,No,36980.0,124.0,90,0
1362,Female,25,1,29.0,1,< 1 Year,No,30676.0,152.0,92,0
1409,Male,43,1,41.0,0,1-2 Year,Yes,38228.0,48.0,228,0
206650,Female,25,1,46.0,1,< 1 Year,No,2630.0,160.0,273,0
345710,Male,63,1,7.0,0,1-2 Year,Yes,2630.0,26.0,22,0
106182,Male,41,1,28.0,1,1-2 Year,No,23821.0,26.0,209,0
302868,Female,60,1,5.0,0,> 2 Years,Yes,41924.0,157.0,78,0
7977,Female,50,1,28.0,0,> 2 Years,Yes,36299.0,124.0,230,0
266857,Female,23,1,14.0,1,< 1 Year,No,31010.0,152.0,24,0
35914,Male,24,1,8.0,1,< 1 Year,No,39813.0,152.0,207,0
92981,Female,28,1,28.0,1,< 1 Year,No,27164.0,154.0,222,0
216024,Male,46,1,28.0,1,1-2 Year,No,43289.0,124.0,62,0
64293,Male,30,1,9.0,1,< 1 Year,No,43755.0,152.0,218,0
357025,Male,64,1,28.0,0,1-2 Year,Yes,35110.0,26.0,67,0
4156,Male,23,1,49.0,0,< 1 Year,Yes,35448.0,26.0,51,0
360556,Male,80,1,47.0,1,1-2 Year,No,28975.0,16.0,133,0
122525,Male,50,1,41.0,1,1-2 Year,Yes,35171.0,26.0,30,0
280781,Male,43,1,28.0,0,1-2 Year,Yes,52954.0,124.0,115,0
268785,Male,54,1,8.0,0,1-2 Year,No,60162.0,7.0,82,0
188024,Male,24,1,2.0,0,< 1 Year,Yes,33101.0,152.0,274,0
7912,Male,41,1,28.0,1,1-2 Year,No,24840.0,26.0,86,0
365491,Male,52,1,28.0,0,1-2 Year,Yes,55787.0,26.0,202,0
320915,Male,26,1,36.0,0,< 1 Year,No,31703.0,152.0,180,0
251249,Male,46,1,41.0,0,> 2 Years,Yes,36921.0,26.0,286,0
380491,Male,23,1,27.0,0,< 1 Year,No,24837.0,160.0,241,0
328309,Male,49,1,28.0,0,1-2 Year,No,69856.0,26.0,34,0
215865,Male,24,1,8.0,1,< 1 Year,Yes,40775.0,160.0,19,0
15685,Male,24,1,18.0,1,< 1 Year,No,39719.0,152.0,86,0
251499,Male,24,1,46.0,1,< 1 Year,No,23336.0,152.0,234,0
200083,Female,48,1,3.0,1,1-2 Year,No,24677.0,124.0,213,0
217963,Female,43,1,33.0,0,1-2 Year,Yes,35187.0,124.0,287,0
148338,Female,27,1,28.0,1,< 1 Year,No,31271.0,152.0,167,0
181923,Female,29,1,9.0,1,< 1 Year,No,38839.0,152.0,34,0
6388,Male,23,1,6.0,1,< 1 Year,No,24960.0,152.0,13,0
251828,Male,24,1,41.0,1,< 1 Year,No,41119.0,152.0,235,0
15466,Female,42,1,9.0,0,1-2 Year,Yes,30643.0,26.0,78,0
300896,Female,29,1,28.0,1,< 1 Year,No,30820.0,152.0,88,0
61709,Male,50,1,35.0,1,1-2 Year,No,35321.0,26.0,13,0
64084,Male,49,1,41.0,0,1-2 Year,Yes,29769.0,124.0,209,0
202290,Female,54,1,41.0,0,1-2 Year,Yes,30681.0,124.0,152,0
212843,Female,23,1,37.0,0,< 1 Year,Yes,2630.0,152.0,80,0
281234,Female,26,1,11.0,1,< 1 Year,No,35072.0,152.0,165,0
35162,Female,23,1,18.0,1,< 1 Year,No,28744.0,152.0,238,0
80919,Male,64,1,46.0,1,1-2 Year,No,34227.0,11.0,262,0
269780,Female,38,1,0.0,0,1-2 Year,No,2630.0,151.0,63,0
23354,Male,27,1,21.0,1,< 1 Year,No,30441.0,163.0,192,0
354001,Male,57,1,15.0,1,1-2 Year,No,50889.0,124.0,93,0
42975,Female,62,1,28.0,1,1-2 Year,No,22108.0,26.0,100,0
95560,Male,37,1,17.0,0,1-2 Year,Yes,37840.0,124.0,77,0
262310,Female,58,1,28.0,0,1-2 Year,Yes,31923.0,26.0,175,0
344365,Male,45,1,28.0,0,1-2 Year,No,29972.0,124.0,275,0
215418,Male,24,1,2.0,0,< 1 Year,Yes,44288.0,152.0,36,0
219040,Male,52,1,28.0,0,1-2 Year,Yes,61949.0,124.0,286,0
271890,Female,43,1,48.0,1,1-2 Year,No,2630.0,26.0,152,0
191880,Male,22,1,29.0,1,< 1 Year,No,52820.0,152.0,262,0
252015,Female,71,1,28.0,0,1-2 Year,Yes,33214.0,154.0,145,0
104256,Female,25,1,3.0,1,< 1 Year,No,30851.0,152.0,298,0
204033,Male,55,1,1.0,0,1-2 Year,Yes,2630.0,26.0,189,0
260998,Female,52,1,28.0,1,1-2 Year,No,55962.0,26.0,190,0
346573,Male,67,1,28.0,1,1-2 Year,No,32623.0,26.0,213,0
132264,Female,35,1,15.0,1,1-2 Year,No,2630.0,160.0,283,0
156021,Male,79,0,46.0,0,1-2 Year,Yes,27248.0,26.0,253,0
56057,Female,44,1,28.0,1,1-2 Year,Yes,39361.0,124.0,187,0
96765,Male,52,1,28.0,0,> 2 Years,Yes,32576.0,155.0,231,0
119007,Male,50,1,0.0,0,1-2 Year,Yes,2630.0,124.0,109,0
51265,Female,55,1,33.0,0,1-2 Year,Yes,2630.0,26.0,195,0
166037,Female,27,1,46.0,0,< 1 Year,Yes,28887.0,152.0,30,0
146998,Female,80,1,37.0,1,1-2 Year,Yes,37172.0,124.0,173,0
309547,Female,64,1,15.0,1,1-2 Year,No,27638.0,152.0,256,0
56664,Female,25,1,11.0,1,< 1 Year,No,39669.0,152.0,22,0
232015,Female,26,1,29.0,1,< 1 Year,No,26492.0,152.0,65,0
224011,Female,25,1,33.0,1,< 1 Year,No,22332.0,152.0,164,0
101494,Female,39,1,46.0,0,1-2 Year,Yes,27604.0,124.0,251,0
114054,Female,55,1,12.0,0,1-2 Year,Yes,2630.0,156.0,90,0
29778,Male,48,1,48.0,0,1-2 Year,Yes,2630.0,122.0,149,0
28213,Male,54,1,18.0,0,> 2 Years,Yes,35940.0,124.0,90,0
301217,Male,59,1,31.0,1,1-2 Year,No,2630.0,124.0,172,0
155540,Male,21,1,8.0,0,< 1 Year,Yes,33804.0,122.0,79,0
366344,Female,59,1,36.0,1,1-2 Year,No,36429.0,152.0,266,0
118865,Male,24,1,50.0,1,< 1 Year,No,36480.0,152.0,37,0
66395,Male,23,1,12.0,1,< 1 Year,No,33747.0,26.0,93,0
172250,Female,23,1,46.0,0,< 1 Year,Yes,42192.0,152.0,291,0
123454,Male,22,1,6.0,1,< 1 Year,No,34103.0,160.0,195,0
192538,Female,22,1,46.0,1,< 1 Year,No,26465.0,152.0,288,0
161351,Female,55,1,29.0,0,1-2 Year,Yes,34972.0,26.0,235,0
240151,Male,38,1,29.0,0,1-2 Year,Yes,2630.0,124.0,290,0
66003,Female,24,1,6.0,1,< 1 Year,No,23298.0,152.0,246,0
353564,Male,35,1,35.0,0,1-2 Year,No,2630.0,156.0,267,0
216400,Female,32,1,3.0,0,1-2 Year,Yes,22598.0,155.0,18,1
312393,Male,49,1,28.0,0,1-2 Year,Yes,58768.0,26.0,31,1
307044,Female,24,1,39.0,0,< 1 Year,No,2630.0,152.0,276,1
7270,Male,41,1,28.0,0,1-2 Year,Yes,41342.0,26.0,267,1
166413,Male,25,1,41.0,0,< 1 Year,Yes,21054.0,152.0,169,1
12554,Male,22,1,6.0,0,< 1 Year,Yes,32886.0,152.0,77,1
23779,Female,21,1,18.0,0,< 1 Year,No,29844.0,152.0,291,1
345797,Male,37,1,28.0,0,1-2 Year,Yes,23920.0,26.0,212,1
126273,Male,54,1,41.0,0,1-2 Year,Yes,44974.0,26.0,43,1
29891,Female,41,1,28.0,0,> 2 Years,Yes,47844.0,124.0,54,1
352205,Male,45,1,28.0,0,1-2 Year,Yes,25741.0,26.0,12,1
72719,Male,40,1,28.0,0,1-2 Year,Yes,33418.0,124.0,193,1
270978,Male,38,1,8.0,1,1-2 Year,Yes,2630.0,157.0,208,1
2256,Female,37,1,28.0,0,1-2 Year,Yes,40689.0,26.0,267,1
243570,Female,44,1,28.0,0,1-2 Year,Yes,48741.0,26.0,184,1
278459,Female,24,1,36.0,0,< 1 Year,Yes,33910.0,152.0,153,1
119789,Male,47,1,11.0,0,1-2 Year,Yes,27241.0,124.0,150,1
143306,Female,33,1,36.0,0,1-2 Year,No,38618.0,124.0,280,1
183411,Female,29,1,45.0,0,1-2 Year,Yes,25844.0,154.0,117,1
170239,Male,36,1,7.0,0,1-2 Year,Yes,2630.0,156.0,204,1
209189,Male,48,1,28.0,0,1-2 Year,Yes,24653.0,124.0,74,1
125526,Male,43,1,14.0,0,1-2 Year,Yes,2630.0,124.0,225,1
324439,Male,48,1,46.0,0,1-2 Year,Yes,29288.0,156.0,183,1
363629,Male,53,1,23.0,0,1-2 Year,Yes,2630.0,26.0,187,1
338454,Female,41,1,35.0,0,1-2 Year,Yes,30508.0,124.0,192,1
330204,Male,49,1,51.0,0,1-2 Year,Yes,44835.0,29.0,221,1
237653,Male,50,1,8.0,0,1-2 Year,Yes,45894.0,26.0,205,1
203858,Male,46,1,29.0,0,1-2 Year,Yes,2630.0,156.0,30,1
39856,Female,35,1,46.0,0,1-2 Year,Yes,28371.0,124.0,151,1
367288,Female,27,1,18.0,0,< 1 Year,Yes,2630.0,163.0,258,1
232674,Male,49,1,28.0,0,1-2 Year,Yes,2630.0,26.0,222,1
312746,Male,46,1,8.0,0,1-2 Year,Yes,39781.0,124.0,158,1
200943,Male,39,1,23.0,0,1-2 Year,Yes,27627.0,136.0,257,1
187069,Male,75,1,38.0,0,1-2 Year,Yes,2630.0,124.0,290,1
81721,Female,54,1,28.0,0,> 2 Years,Yes,46586.0,26.0,278,1
325934,Male,74,1,26.0,0,1-2 Year,Yes,46392.0,26.0,42,1
266265,Male,23,1,28.0,0,< 1 Year,Yes,61572.0,152.0,150,1
353556,Female,22,1,28.0,0,< 1 Year,Yes,43584.0,26.0,116,1
157502,Male,59,1,47.0,0,> 2 Years,Yes,17071.0,16.0,256,1
348393,Male,36,1,28.0,0,< 1 Year,Yes,29353.0,26.0,82,1
94699,Female,40,1,15.0,0,1-2 Year,Yes,2630.0,156.0,20,1
171334,Male,48,1,28.0,0,1-2 Year,Yes,47870.0,156.0,242,1
288271,Female,38,1,46.0,0,1-2 Year,Yes,14983.0,124.0,131,1
153540,Male,65,1,38.0,0,> 2 Years,Yes,34391.0,124.0,183,1
256316,Female,43,1,28.0,0,1-2 Year,Yes,2630.0,16.0,128,1
101501,Male,39,1,28.0,0,1-2 Year,Yes,2630.0,122.0,269,1
71781,Male,45,1,28.0,0,1-2 Year,Yes,33730.0,26.0,150,1
151183,Male,55,1,3.0,0,1-2 Year,Yes,2630.0,124.0,103,1
212370,Male,39,1,28.0,0,1-2 Year,Yes,54985.0,26.0,170,1
234336,Male,23,1,46.0,0,< 1 Year,Yes,31090.0,124.0,222,1
231701,Male,48,1,33.0,0,1-2 Year,Yes,34216.0,154.0,272,1
212197,Male,34,1,4.0,0,1-2 Year,Yes,16254.0,157.0,20,1
106916,Female,32,1,3.0,0,< 1 Year,Yes,25944.0,124.0,19,1
233004,Female,46,1,28.0,0,1-2 Year,Yes,41166.0,4.0,119,1
133870,Male,55,1,28.0,0,1-2 Year,Yes,29622.0,124.0,262,1
39954,Male,65,1,28.0,0,> 2 Years,Yes,46723.0,26.0,122,1
312372,Male,47,1,7.0,0,1-2 Year,Yes,2630.0,26.0,20,1
348955,Male,54,1,28.0,0,1-2 Year,Yes,2630.0,26.0,180,1
115303,Male,50,1,28.0,0,> 2 Years,Yes,49993.0,26.0,238,1
136552,Female,45,1,15.0,0,> 2 Years,Yes,34569.0,124.0,32,1
340721,Female,34,1,33.0,0,1-2 Year,Yes,36235.0,124.0,281,1
305014,Female,69,1,15.0,0,1-2 Year,Yes,50446.0,26.0,266,1
210416,Male,54,1,8.0,0,< 1 Year,Yes,45663.0,124.0,97,1
89328,Male,41,1,15.0,0,1-2 Year,Yes,29931.0,124.0,170,1
202177,Male,37,1,36.0,0,1-2 Year,Yes,32547.0,124.0,276,1
303315,Male,49,1,7.0,0,1-2 Year,Yes,52388.0,26.0,229,1
359933,Male,48,1,28.0,0,1-2 Year,Yes,36677.0,26.0,40,1
17483,Female,48,1,28.0,0,1-2 Year,Yes,47857.0,26.0,33,1
165229,Female,44,1,23.0,0,1-2 Year,Yes,35133.0,26.0,68,1
253383,Female,23,1,15.0,0,< 1 Year,Yes,36917.0,152.0,221,1
205671,Female,37,1,46.0,0,1-2 Year,Yes,24672.0,11.0,162,1
212624,Male,48,1,29.0,0,> 2 Years,Yes,26804.0,124.0,134,1
251880,Male,42,1,28.0,0,1-2 Year,Yes,56557.0,124.0,151,1
344777,Female,42,1,28.0,0,1-2 Year,Yes,25284.0,124.0,135,1
145685,Female,37,1,3.0,0,1-2 Year,Yes,31535.0,26.0,164,1
32404,Female,46,1,28.0,0,1-2 Year,Yes,24457.0,122.0,166,1
134475,Male,68,1,28.0,0,1-2 Year,Yes,2630.0,158.0,179,1
228344,Female,38,1,28.0,0,1-2 Year,Yes,37307.0,156.0,55,1
357185,Male,51,1,28.0,0,1-2 Year,Yes,45925.0,124.0,161,1
181772,Male,42,1,39.0,0,1-2 Year,Yes,2630.0,154.0,204,1
121596,Male,70,1,5.0,0,1-2 Year,Yes,20953.0,26.0,215,1
75973,Male,54,1,46.0,0,> 2 Years,Yes,25785.0,26.0,268,1
263748,Male,54,1,28.0,0,> 2 Years,Yes,35492.0,26.0,45,1
34440,Male,64,1,16.0,0,> 2 Years,Yes,35934.0,124.0,264,1
220887,Female,47,1,41.0,0,1-2 Year,Yes,36138.0,124.0,119,1
291739,Female,53,1,41.0,0,1-2 Year,Yes,36955.0,26.0,191,1
328960,Female,44,1,28.0,0,1-2 Year,Yes,40804.0,26.0,228,1
332764,Female,58,1,19.0,0,1-2 Year,Yes,35722.0,157.0,224,1
62166,Male,42,1,8.0,0,1-2 Year,Yes,2630.0,124.0,162,1
83746,Female,37,1,35.0,0,1-2 Year,Yes,27487.0,124.0,97,1
10588,Male,22,1,6.0,0,< 1 Year,Yes,25806.0,152.0,118,1
270954,Male,24,1,35.0,0,< 1 Year,Yes,20061.0,152.0,125,1
178813,Male,79,1,40.0,0,1-2 Year,Yes,26630.0,26.0,17,1
6718,Male,52,1,28.0,0,1-2 Year,Yes,2630.0,26.0,155,1
143966,Male,25,1,37.0,0,< 1 Year,Yes,27499.0,152.0,206,1
293196,Male,24,1,41.0,0,< 1 Year,Yes,31445.0,26.0,10,1
110204,Male,41,1,31.0,0,> 2 Years,Yes,2630.0,124.0,111,1
182186,Male,40,1,28.0,0,1-2 Year,Yes,36699.0,124.0,271,1
93000,Male,48,1,28.0,0,> 2 Years,Yes,37447.0,26.0,254,1
203894,Female,31,1,11.0,0,1-2 Year,Yes,34173.0,26.0,274,1
43512,Male,73,1,30.0,0,> 2 Years,Yes,32567.0,26.0,89,1
342214,Male,43,1,11.0,0,1-2 Year,Yes,35552.0,26.0,89,1
48343,Male,55,0,29.0,0,1-2 Year,Yes,2630.0,26.0,232,1
242267,Female,38,1,28.0,0,1-2 Year,Yes,39239.0,26.0,270,1
177626,Male,45,1,33.0,0,> 2 Years,Yes,32357.0,26.0,76,1
52166,Female,34,1,28.0,0,1-2 Year,Yes,48314.0,124.0,269,1
324722,Male,69,1,0.0,0,> 2 Years,Yes,2630.0,11.0,172,1
186161,Male,57,1,15.0,0,1-2 Year,Yes,43232.0,26.0,181,1
296004,Male,30,1,23.0,0,1-2 Year,Yes,2630.0,156.0,63,1
339281,Male,46,1,46.0,0,1-2 Year,Yes,27856.0,163.0,77,1
269099,Male,46,1,35.0,0,1-2 Year,Yes,40281.0,26.0,36,1
75903,Female,55,1,3.0,0,1-2 Year,Yes,24386.0,124.0,103,1
259649,Male,73,1,28.0,0,1-2 Year,Yes,33762.0,26.0,122,1
19400,Female,53,1,29.0,0,1-2 Year,Yes,35858.0,124.0,161,1
164768,Male,41,1,28.0,0,1-2 Year,Yes,35526.0,125.0,19,1
254654,Female,43,1,28.0,0,1-2 Year,Yes,36432.0,124.0,50,1
35896,Male,23,1,47.0,0,< 1 Year,Yes,34403.0,152.0,127,1
82795,Female,23,1,28.0,0,< 1 Year,Yes,38426.0,124.0,289,1
302643,Female,48,1,12.0,0,1-2 Year,Yes,25584.0,124.0,72,1
133959,Female,45,1,8.0,0,1-2 Year,Yes,36169.0,26.0,187,1
90922,Male,62,1,50.0,0,1-2 Year,Yes,39578.0,23.0,174,1
23836,Female,55,1,1.0,0,> 2 Years,Yes,2630.0,26.0,72,1
274241,Male,28,1,2.0,0,1-2 Year,Yes,40044.0,130.0,238,1
235847,Female,40,1,27.0,0,1-2 Year,Yes,26435.0,124.0,298,1
233074,Male,38,1,28.0,0,1-2 Year,Yes,2630.0,157.0,192,1
125571,Male,47,1,23.0,0,1-2 Year,Yes,41793.0,124.0,154,1
33712,Male,47,1,50.0,0,1-2 Year,Yes,25259.0,124.0,32,1
378325,Female,39,1,28.0,0,1-2 Year,Yes,42727.0,124.0,128,1
92652,Female,39,1,8.0,0,1-2 Year,Yes,74248.0,26.0,272,1
195458,Male,53,1,28.0,0,> 2 Years,Yes,50806.0,26.0,32,1
149591,Male,44,1,11.0,0,1-2 Year,Yes,34556.0,26.0,12,1
196209,Male,42,1,29.0,0,1-2 Year,Yes,21417.0,124.0,217,1
146473,Female,61,1,47.0,0,1-2 Year,Yes,32956.0,124.0,286,1
355079,Male,53,1,28.0,0,1-2 Year,Yes,36758.0,124.0,292,1
139053,Male,34,1,28.0,0,1-2 Year,Yes,29905.0,124.0,181,1
30099,Male,39,1,8.0,0,1-2 Year,Yes,24160.0,124.0,144,1
65365,Male,40,1,28.0,0,1-2 Year,Yes,55387.0,26.0,202,1
273293,Male,46,1,28.0,0,1-2 Year,Yes,40484.0,26.0,54,1
317682,Male,25,1,28.0,0,< 1 Year,Yes,38489.0,152.0,161,1
4535,Male,69,1,17.0,0,1-2 Year,Yes,46150.0,124.0,55,1
216943,Male,49,1,50.0,0,1-2 Year,Yes,33283.0,8.0,126,1
224274,Male,48,1,28.0,0,1-2 Year,Yes,47712.0,26.0,264,1
212796,Male,43,1,10.0,0,1-2 Year,Yes,23416.0,124.0,284,1
313353,Male,46,1,28.0,0,1-2 Year,Yes,33980.0,163.0,171,1
364386,Male,41,1,28.0,0,> 2 Years,Yes,47513.0,26.0,65,1
153650,Female,23,1,41.0,0,< 1 Year,Yes,29962.0,152.0,196,1
141906,Male,47,1,6.0,0,1-2 Year,Yes,2630.0,156.0,285,1
354537,Male,44,1,41.0,0,1-2 Year,Yes,2630.0,26.0,13,1
354970,Male,48,1,0.0,0,1-2 Year,Yes,2630.0,3.0,177,1
247074,Male,33,1,8.0,0,< 1 Year,Yes,41618.0,154.0,144,1
147149,Female,40,1,4.0,0,1-2 Year,Yes,36799.0,124.0,157,1
362822,Male,45,1,28.0,0,> 2 Years,Yes,34842.0,26.0,121,1
333812,Female,38,1,11.0,0,> 2 Years,Yes,2630.0,157.0,229,1
295444,Male,54,1,29.0,0,1-2 Year,Yes,31659.0,124.0,182,1
214157,Male,46,1,28.0,0,1-2 Year,Yes,51937.0,26.0,161,1
261010,Male,53,0,29.0,0,1-2 Year,Yes,46213.0,26.0,55,1
53311,Female,42,1,19.0,0,1-2 Year,Yes,2630.0,26.0,19,1
139709,Male,23,1,37.0,0,< 1 Year,Yes,36030.0,151.0,21,1
234883,Female,65,1,29.0,0,1-2 Year,Yes,23534.0,124.0,141,1
55153,Male,51,1,28.0,0,1-2 Year,Yes,30167.0,24.0,81,1
183303,Male,64,1,28.0,0,1-2 Year,Yes,2630.0,156.0,264,1
200346,Male,66,1,17.0,0,1-2 Year,Yes,54865.0,124.0,286,1
116610,Male,31,1,29.0,0,< 1 Year,Yes,2630.0,156.0,114,1
212599,Male,47,1,28.0,0,< 1 Year,Yes,39722.0,124.0,66,1
85920,Male,23,1,19.0,0,< 1 Year,No,34107.0,152.0,134,1
174430,Male,47,1,37.0,0,1-2 Year,Yes,47259.0,124.0,283,1
297779,Male,49,1,8.0,0,1-2 Year,Yes,86084.0,4.0,226,1
252420,Female,38,1,20.0,0,1-2 Year,Yes,2630.0,154.0,42,1
226554,Female,24,1,9.0,0,< 1 Year,Yes,45435.0,152.0,172,1
143655,Female,57,1,22.0,0,1-2 Year,Yes,28059.0,124.0,216,1
379530,Female,40,1,28.0,0,1-2 Year,Yes,41737.0,26.0,266,1
303304,Female,40,1,28.0,0,1-2 Year,Yes,27992.0,124.0,96,1
377020,Female,43,1,28.0,0,1-2 Year,Yes,2630.0,26.0,281,1
345058,Male,43,1,9.0,0,1-2 Year,Yes,25952.0,124.0,115,1
130905,Male,53,1,19.0,0,1-2 Year,Yes,36139.0,124.0,156,1
288844,Male,51,1,43.0,0,> 2 Years,Yes,49421.0,26.0,245,1
130281,Male,42,1,28.0,0,1-2 Year,Yes,25231.0,26.0,143,1
376605,Male,80,1,28.0,0,> 2 Years,Yes,53875.0,26.0,181,1
246038,Female,33,1,28.0,0,1-2 Year,Yes,29318.0,155.0,91,1
154096,Male,46,1,28.0,0,1-2 Year,Yes,2630.0,156.0,283,1
45243,Male,51,1,28.0,0,> 2 Years,Yes,28356.0,26.0,221,1
149835,Male,54,1,8.0,0,1-2 Year,Yes,62388.0,26.0,34,1
363452,Male,45,1,28.0,0,1-2 Year,Yes,33604.0,26.0,247,1
174131,Male,21,1,41.0,0,1-2 Year,Yes,26278.0,154.0,100,1
250569,Male,45,1,28.0,0,1-2 Year,Yes,32936.0,124.0,265,1
247601,Male,53,1,46.0,0,1-2 Year,Yes,52291.0,26.0,282,1
233236,Male,32,1,28.0,0,1-2 Year,Yes,2630.0,124.0,245,1
379362,Male,44,1,47.0,0,1-2 Year,Yes,37520.0,16.0,120,1
283423,Male,48,1,48.0,0,1-2 Year,Yes,2630.0,26.0,185,1
147180,Male,40,1,35.0,0,1-2 Year,Yes,24936.0,124.0,98,1
42098,Male,23,1,41.0,0,1-2 Year,Yes,23640.0,154.0,244,1
206807,Male,31,1,14.0,0,1-2 Year,Yes,22586.0,163.0,198,1
319392,Female,38,1,46.0,0,1-2 Year,Yes,2630.0,157.0,157,1
293826,Female,38,1,35.0,0,1-2 Year,Yes,31733.0,26.0,270,1
336550,Male,37,1,35.0,0,1-2 Year,Yes,32893.0,124.0,176,1
378971,Male,55,1,28.0,0,1-2 Year,Yes,39376.0,26.0,35,1
260610,Male,59,1,3.0,0,1-2 Year,Yes,21432.0,124.0,36,1
11421,Male,67,1,28.0,0,> 2 Years,Yes,37500.0,124.0,46,1
319161,Female,45,1,11.0,0,1-2 Year,Yes,32335.0,122.0,219,1
57041,Female,43,1,28.0,0,1-2 Year,No,38689.0,26.0,237,1
352136,Female,33,1,2.0,0,1-2 Year,Yes,2630.0,157.0,197,1
112638,Male,54,1,28.0,0,1-2 Year,Yes,2630.0,163.0,57,1
79084,Female,55,1,45.0,0,1-2 Year,Yes,2630.0,157.0,258,1
146747,Male,44,1,46.0,0,1-2 Year,Yes,27913.0,90.0,118,1
60577,Male,47,1,28.0,0,1-2 Year,Yes,42815.0,26.0,293,1
208512,Male,27,1,11.0,1,< 1 Year,No,33675.0,152.0,157,1
121675,Male,57,1,28.0,0,1-2 Year,Yes,2630.0,156.0,81,1
281222,Male,20,1,27.0,1,< 1 Year,No,32060.0,160.0,239,1
82560,Female,36,1,46.0,0,1-2 Year,Yes,27815.0,156.0,285,1
361454,Female,42,1,28.0,0,1-2 Year,Yes,47641.0,124.0,268,1
327691,Male,44,1,8.0,0,1-2 Year,Yes,57468.0,7.0,49,1
71196,Male,49,1,46.0,0,1-2 Year,Yes,26491.0,124.0,85,1
289236,Female,40,1,28.0,0,1-2 Year,Yes,30633.0,124.0,134,1
21033,Female,29,1,28.0,0,< 1 Year,Yes,49466.0,124.0,106,1
233462,Female,25,1,28.0,1,< 1 Year,No,36571.0,152.0,223,1
240117,Female,36,1,28.0,0,1-2 Year,Yes,71428.0,26.0,129,1
115673,Male,77,1,28.0,0,> 2 Years,Yes,53273.0,13.0,115,1
48777,Female,49,1,25.0,0,1-2 Year,Yes,2630.0,163.0,225,1
303888,Male,48,1,8.0,0,1-2 Year,Yes,38437.0,25.0,62,1
374018,Male,38,1,7.0,0,1-2 Year,Yes,28796.0,124.0,166,1
380899,Male,44,1,8.0,0,1-2 Year,Yes,24251.0,124.0,94,1
40745,Male,55,1,28.0,0,1-2 Year,Yes,48401.0,26.0,159,1
290675,Male,35,1,38.0,0,1-2 Year,Yes,35079.0,154.0,54,1
117118,Male,35,1,28.0,0,1-2 Year,Yes,51303.0,122.0,156,1
151002,Female,41,1,28.0,0,1-2 Year,Yes,49383.0,26.0,15,1
297032,Male,32,1,30.0,0,< 1 Year,Yes,2630.0,152.0,56,1
146911,Female,39,1,10.0,0,1-2 Year,Yes,34045.0,124.0,90,1
327020,Male,40,1,28.0,0,1-2 Year,Yes,34041.0,124.0,50,1
268623,Male,24,1,13.0,0,< 1 Year,Yes,27813.0,152.0,24,1
149509,Female,21,1,32.0,0,< 1 Year,No,24994.0,152.0,133,1
252499,Male,26,1,28.0,0,< 1 Year,Yes,24652.0,152.0,151,1
171443,Male,24,1,48.0,0,1-2 Year,Yes,2630.0,26.0,256,1
107511,Female,80,1,32.0,0,1-2 Year,Yes,46548.0,26.0,271,1
260953,Male,48,1,28.0,0,1-2 Year,Yes,37942.0,26.0,109,1
101729,Male,61,1,45.0,0,> 2 Years,Yes,20645.0,124.0,88,1
65227,Male,38,1,28.0,0,1-2 Year,Yes,31408.0,124.0,162,1
211619,Male,43,1,28.0,0,1-2 Year,Yes,35961.0,26.0,113,1
49555,Female,38,1,30.0,0,1-2 Year,Yes,33786.0,124.0,149,1
119451,Female,48,1,46.0,0,1-2 Year,Yes,2630.0,26.0,143,1
230784,Male,30,1,28.0,0,< 1 Year,Yes,30431.0,156.0,18,1
58981,Male,57,1,5.0,0,1-2 Year,Yes,36682.0,29.0,136,1
228798,Male,48,1,8.0,0,1-2 Year,Yes,33445.0,26.0,221,1
152645,Male,66,1,8.0,0,1-2 Year,Yes,35236.0,26.0,108,1
38115,Female,46,1,28.0,0,1-2 Year,Yes,36517.0,124.0,130,1
11742,Female,64,1,28.0,0,1-2 Year,Yes,31302.0,26.0,48,1
7413,Female,45,1,48.0,0,1-2 Year,Yes,2630.0,31.0,98,1
71304,Male,50,1,8.0,0,> 2 Years,Yes,46463.0,124.0,209,1
168290,Male,53,1,28.0,0,1-2 Year,Yes,2630.0,26.0,192,1
290298,Female,30,1,28.0,0,< 1 Year,Yes,50986.0,26.0,299,1
132631,Male,52,1,11.0,0,1-2 Year,Yes,32054.0,124.0,282,1
378780,Male,53,1,28.0,0,1-2 Year,Yes,40007.0,26.0,223,1
143884,Male,22,1,8.0,0,< 1 Year,Yes,26690.0,152.0,12,1
301253,Female,42,1,8.0,0,1-2 Year,Yes,34494.0,26.0,48,1
202605,Female,32,1,8.0,0,1-2 Year,Yes,21956.0,124.0,240,1
225283,Female,35,1,28.0,0,1-2 Year,Yes,38150.0,124.0,219,1
260649,Male,54,1,28.0,0,1-2 Year,Yes,34058.0,163.0,173,1
310178,Male,23,1,9.0,0,< 1 Year,Yes,42894.0,152.0,283,1
358374,Female,45,1,28.0,0,1-2 Year,Yes,47076.0,122.0,161,1
314454,Male,64,1,8.0,0,1-2 Year,Yes,2630.0,124.0,60,1
156077,Female,22,1,15.0,0,< 1 Year,Yes,29262.0,152.0,56,1
102779,Male,29,1,37.0,0,< 1 Year,Yes,45789.0,152.0,218,1
120282,Female,48,1,28.0,0,1-2 Year,Yes,55642.0,124.0,280,1
4683,Male,21,1,13.0,0,< 1 Year,Yes,19618.0,152.0,128,1
352461,Male,63,1,28.0,0,1-2 Year,Yes,26966.0,26.0,86,1
122258,Male,44,1,28.0,0,1-2 Year,Yes,46543.0,124.0,142,1
189287,Male,23,1,12.0,0,< 1 Year,Yes,28107.0,26.0,195,1
253761,Female,45,1,46.0,0,> 2 Years,Yes,42172.0,26.0,45,1
119680,Male,27,1,41.0,0,< 1 Year,Yes,44658.0,152.0,73,1
211939,Male,29,1,28.0,0,< 1 Year,Yes,28506.0,124.0,170,1
152122,Male,48,1,28.0,0,1-2 Year,Yes,37667.0,26.0,210,1
161268,Male,56,1,41.0,0,1-2 Year,Yes,51068.0,26.0,199,1
73525,Female,46,1,28.0,0,1-2 Year,Yes,30086.0,13.0,90,1
46914,Female,21,1,21.0,0,< 1 Year,Yes,2630.0,152.0,180,1
188992,Male,52,1,28.0,0,1-2 Year,Yes,70037.0,122.0,218,1
301197,Female,38,1,39.0,0,1-2 Year,Yes,2630.0,154.0,204,1
305495,Female,27,1,28.0,0,< 1 Year,Yes,57512.0,152.0,292,1
171554,Male,27,1,45.0,0,< 1 Year,Yes,28392.0,26.0,115,1
213812,Male,54,1,28.0,0,1-2 Year,Yes,40205.0,26.0,48,1
377741,Male,43,1,28.0,0,1-2 Year,Yes,47401.0,124.0,195,1
143897,Female,34,1,19.0,0,1-2 Year,Yes,2630.0,156.0,184,1
356866,Male,42,1,18.0,0,1-2 Year,Yes,32149.0,26.0,258,1
15978,Male,65,1,48.0,0,1-2 Year,Yes,2630.0,26.0,122,1
126838,Male,48,1,28.0,0,> 2 Years,Yes,40105.0,25.0,40,1
366150,Male,45,1,28.0,0,1-2 Year,Yes,44605.0,124.0,240,1
76955,Female,32,1,17.0,0,1-2 Year,Yes,23046.0,124.0,33,1
369360,Female,52,1,38.0,0,1-2 Year,Yes,35449.0,26.0,147,1
81562,Male,35,1,28.0,0,1-2 Year,Yes,38317.0,24.0,299,1
224391,Male,45,1,28.0,0,1-2 Year,Yes,33537.0,26.0,72,1
289961,Female,68,1,41.0,0,1-2 Year,Yes,32140.0,26.0,243,1
310937,Male,53,1,7.0,0,1-2 Year,Yes,84398.0,26.0,19,1
73597,Male,51,1,48.0,0,1-2 Year,Yes,2630.0,26.0,40,1
57584,Male,29,1,28.0,0,1-2 Year,Yes,43379.0,124.0,193,1
19999,Male,54,1,48.0,0,1-2 Year,Yes,2630.0,15.0,134,1
12154,Male,50,1,28.0,0,1-2 Year,Yes,47310.0,26.0,295,1
36820,Female,46,1,8.0,0,1-2 Year,Yes,38645.0,124.0,57,1
129024,Female,50,1,25.0,0,1-2 Year,Yes,28477.0,156.0,250,1
237396,Male,54,1,28.0,0,> 2 Years,Yes,85949.0,25.0,238,1
55162,Male,35,1,35.0,0,1-2 Year,Yes,34326.0,124.0,278,1
188214,Female,75,1,28.0,0,1-2 Year,Yes,44169.0,26.0,14,1
154804,Male,56,1,21.0,0,1-2 Year,Yes,27006.0,26.0,133,1
16578,Female,62,1,8.0,1,1-2 Year,No,35252.0,26.0,43,1
363934,Male,50,1,28.0,0,1-2 Year,Yes,56003.0,124.0,54,1
341867,Male,34,1,28.0,0,1-2 Year,Yes,30668.0,26.0,147,1
81921,Female,47,1,12.0,0,1-2 Year,Yes,2630.0,156.0,96,1
241855,Female,39,1,28.0,0,1-2 Year,Yes,28042.0,124.0,256,1
370348,Female,49,1,28.0,0,> 2 Years,Yes,64469.0,26.0,145,1
259679,Male,35,1,11.0,0,1-2 Year,Yes,2630.0,156.0,46,1
168657,Female,38,1,46.0,0,1-2 Year,Yes,37036.0,26.0,110,1
255946,Female,44,1,50.0,0,1-2 Year,Yes,72002.0,8.0,230,1
57178,Male,48,1,28.0,0,> 2 Years,Yes,38744.0,26.0,19,1
380594,Male,43,1,46.0,0,> 2 Years,Yes,28547.0,124.0,69,1
250832,Male,29,1,28.0,0,1-2 Year,Yes,45394.0,13.0,116,1
35830,Female,36,1,41.0,0,1-2 Year,Yes,35843.0,156.0,55,1
3348,Male,44,1,28.0,0,1-2 Year,Yes,53743.0,26.0,146,1
70730,Male,51,1,29.0,0,1-2 Year,Yes,25503.0,26.0,182,1
358981,Male,47,1,8.0,0,1-2 Year,Yes,26006.0,29.0,167,1
288096,Male,50,1,28.0,0,> 2 Years,Yes,58536.0,26.0,45,1
33314,Female,27,1,28.0,0,1-2 Year,Yes,34563.0,156.0,85,1
94189,Female,42,1,35.0,0,1-2 Year,Yes,40281.0,26.0,54,1
231197,Male,33,1,8.0,0,< 1 Year,Yes,31443.0,26.0,44,1
370417,Female,23,1,47.0,0,< 1 Year,Yes,32715.0,152.0,118,1
340312,Male,45,1,28.0,0,1-2 Year,Yes,42245.0,26.0,78,1
228483,Female,44,1,28.0,0,> 2 Years,Yes,44253.0,26.0,242,1
222666,Female,45,1,7.0,0,1-2 Year,Yes,42875.0,124.0,281,1
194731,Male,52,1,48.0,0,1-2 Year,Yes,2630.0,124.0,63,1
217726,Female,80,1,28.0,0,1-2 Year,Yes,32038.0,26.0,128,1
76989,Female,44,1,24.0,0,1-2 Year,Yes,32643.0,26.0,145,1
121284,Male,57,1,9.0,0,1-2 Year,Yes,2630.0,157.0,29,1
259780,Female,43,1,41.0,0,1-2 Year,Yes,33996.0,124.0,85,1
127926,Female,33,1,28.0,0,1-2 Year,Yes,29253.0,124.0,246,1
85359,Male,39,1,28.0,0,1-2 Year,Yes,33782.0,124.0,177,1
103359,Male,52,1,15.0,0,1-2 Year,Yes,23377.0,26.0,261,1
119731,Female,41,1,17.0,0,1-2 Year,Yes,36621.0,124.0,195,1
33216,Male,70,1,28.0,0,1-2 Year,Yes,34226.0,25.0,290,1
108110,Male,25,1,41.0,0,< 1 Year,Yes,58120.0,152.0,230,1
106191,Male,43,1,28.0,0,> 2 Years,Yes,36013.0,26.0,79,1
12230,Male,41,1,8.0,0,1-2 Year,Yes,2630.0,61.0,252,1
318429,Male,41,1,28.0,0,1-2 Year,Yes,33812.0,124.0,97,1
195831,Female,50,1,28.0,0,1-2 Year,Yes,43379.0,122.0,170,1
158994,Female,50,1,28.0,0,1-2 Year,Yes,28827.0,26.0,243,1
51832,Male,38,1,28.0,0,1-2 Year,Yes,29752.0,157.0,224,1
247523,Female,51,1,28.0,0,1-2 Year,Yes,27804.0,26.0,212,1
58398,Male,52,1,28.0,0,1-2 Year,Yes,30885.0,122.0,63,1
192737,Male,42,1,8.0,0,1-2 Year,Yes,57149.0,124.0,282,1
353609,Female,58,1,28.0,0,> 2 Years,Yes,78895.0,26.0,80,1
247942,Male,73,1,28.0,0,1-2 Year,Yes,54037.0,26.0,107,1
286416,Female,32,1,28.0,0,1-2 Year,Yes,41338.0,156.0,100,1
40737,Male,31,1,26.0,0,1-2 Year,Yes,33171.0,124.0,12,1
185949,Male,39,1,36.0,0,1-2 Year,Yes,2630.0,26.0,198,1
89065,Male,49,1,28.0,0,> 2 Years,Yes,2630.0,156.0,83,1
299090,Male,36,1,30.0,0,1-2 Year,Yes,28453.0,154.0,273,1
238435,Male,37,1,41.0,0,1-2 Year,Yes,27534.0,122.0,278,1
115729,Male,26,1,28.0,0,< 1 Year,Yes,46156.0,122.0,181,1
316771,Female,49,1,32.0,0,1-2 Year,Yes,29851.0,26.0,219,1
372217,Male,21,1,36.0,0,< 1 Year,No,42926.0,160.0,36,1
173257,Male,26,1,9.0,0,< 1 Year,Yes,32304.0,152.0,67,1
264466,Male,28,1,28.0,0,1-2 Year,Yes,27458.0,26.0,102,1
191564,Male,28,1,49.0,0,1-2 Year,Yes,26996.0,156.0,136,1
189278,Male,40,1,28.0,0,1-2 Year,Yes,34091.0,124.0,226,1
324960,Male,45,1,15.0,0,1-2 Year,Yes,36411.0,124.0,212,1
274091,Male,35,1,37.0,0,1-2 Year,Yes,34049.0,124.0,156,1
377213,Male,40,1,20.0,0,1-2 Year,Yes,2630.0,157.0,173,1
239268,Male,35,1,41.0,0,1-2 Year,Yes,2630.0,124.0,236,1
325273,Male,32,1,16.0,0,1-2 Year,Yes,2630.0,156.0,297,1
83551,Male,45,1,31.0,0,1-2 Year,Yes,2630.0,9.0,30,1
200213,Male,70,0,28.0,0,1-2 Year,Yes,51176.0,26.0,281,1
340337,Male,50,1,3.0,0,1-2 Year,Yes,52785.0,124.0,132,1
298066,Male,50,1,28.0,0,> 2 Years,Yes,47391.0,26.0,57,1
161486,Male,50,1,13.0,0,1-2 Year,Yes,40157.0,124.0,114,1
17565,Male,24,1,10.0,0,< 1 Year,Yes,31833.0,152.0,95,1
359665,Male,42,1,22.0,0,1-2 Year,Yes,29603.0,26.0,191,1
101980,Male,40,1,4.0,0,1-2 Year,Yes,23680.0,124.0,283,1
225628,Male,61,1,28.0,0,> 2 Years,Yes,52476.0,125.0,113,1
50444,Male,52,1,8.0,0,1-2 Year,Yes,2630.0,26.0,128,1
256218,Male,41,1,15.0,0,1-2 Year,Yes,28531.0,124.0,211,1
83811,Male,43,1,28.0,0,> 2 Years,Yes,42186.0,26.0,42,1
64981,Female,44,1,28.0,0,1-2 Year,Yes,43965.0,45.0,84,1
99900,Female,29,1,12.0,0,< 1 Year,Yes,28728.0,124.0,279,1
350951,Male,26,1,14.0,0,< 1 Year,Yes,25283.0,124.0,252,1
311491,Male,25,1,28.0,0,1-2 Year,Yes,49083.0,156.0,104,1
66824,Male,52,1,28.0,0,1-2 Year,Yes,42568.0,26.0,130,1
83767,Male,63,1,24.0,0,1-2 Year,Yes,27933.0,122.0,105,1
10910,Male,53,1,8.0,0,1-2 Year,Yes,2630.0,124.0,210,1
26723,Male,40,1,36.0,0,1-2 Year,Yes,40784.0,124.0,54,1
152959,Male,26,1,15.0,0,< 1 Year,Yes,2630.0,152.0,172,1
180447,Male,25,1,28.0,0,1-2 Year,Yes,70880.0,163.0,93,1
79766,Male,64,1,28.0,0,1-2 Year,Yes,107115.0,25.0,293,1
367574,Female,44,1,35.0,0,1-2 Year,Yes,24827.0,26.0,198,1
308131,Male,45,1,41.0,0,1-2 Year,Yes,31262.0,106.0,21,1
39083,Female,54,1,28.0,0,1-2 Year,Yes,36035.0,124.0,22,1
205821,Male,30,1,11.0,0,1-2 Year,Yes,26902.0,157.0,142,1
34952,Male,60,1,28.0,0,> 2 Years,Yes,36852.0,26.0,64,1
348590,Male,46,1,28.0,0,1-2 Year,Yes,33432.0,26.0,236,1
351955,Female,25,1,23.0,0,< 1 Year,Yes,31348.0,152.0,59,1
252669,Male,37,1,15.0,0,1-2 Year,Yes,27423.0,154.0,116,1
330669,Male,30,1,28.0,0,< 1 Year,Yes,41780.0,122.0,273,1
73457,Male,54,1,8.0,0,> 2 Years,Yes,42440.0,26.0,186,1
346585,Male,37,1,41.0,0,1-2 Year,Yes,25722.0,154.0,152,1
285204,Male,24,1,18.0,0,1-2 Year,Yes,16728.0,124.0,16,1
20164,Male,49,1,28.0,0,1-2 Year,Yes,48144.0,29.0,262,1
281973,Male,55,1,24.0,0,> 2 Years,Yes,2630.0,124.0,109,1
380098,Male,57,1,33.0,0,> 2 Years,Yes,38378.0,124.0,207,1
179725,Male,21,1,37.0,0,< 1 Year,Yes,32430.0,163.0,76,1
260035,Male,52,1,28.0,0,1-2 Year,Yes,67185.0,26.0,191,1
249277,Male,47,1,28.0,0,1-2 Year,Yes,66710.0,125.0,292,1
25778,Female,49,1,26.0,0,1-2 Year,Yes,28430.0,26.0,127,1
39545,Male,69,1,28.0,0,> 2 Years,Yes,42275.0,124.0,52,1
231253,Male,36,1,31.0,0,1-2 Year,Yes,2630.0,124.0,178,1
283704,Female,49,1,8.0,0,1-2 Year,Yes,39645.0,124.0,54,1
233081,Male,45,1,28.0,0,1-2 Year,Yes,37616.0,124.0,58,1
32751,Male,25,1,9.0,0,< 1 Year,Yes,35527.0,152.0,17,1
323763,Male,33,1,6.0,0,< 1 Year,Yes,2630.0,156.0,57,1
31584,Female,65,1,28.0,0,> 2 Years,Yes,44902.0,26.0,70,1
183685,Male,45,1,30.0,0,1-2 Year,Yes,28195.0,26.0,229,1
296456,Female,32,1,35.0,0,< 1 Year,Yes,32707.0,152.0,11,1
305594,Male,53,1,28.0,0,1-2 Year,Yes,43219.0,124.0,289,1
200692,Female,75,1,28.0,0,1-2 Year,Yes,56985.0,3.0,101,1
35880,Female,35,1,15.0,0,1-2 Year,Yes,35168.0,124.0,278,1
248590,Male,42,1,28.0,0,1-2 Year,Yes,35495.0,124.0,295,1
73122,Female,44,1,28.0,0,1-2 Year,Yes,46350.0,26.0,56,1
172482,Male,40,1,13.0,0,1-2 Year,Yes,29866.0,26.0,172,1
215991,Female,48,1,28.0,0,1-2 Year,Yes,29446.0,26.0,74,1
121532,Female,52,1,24.0,0,1-2 Year,Yes,24982.0,157.0,31,1
79947,Female,31,1,14.0,0,< 1 Year,Yes,37907.0,26.0,107,1
313679,Male,38,1,3.0,0,1-2 Year,Yes,36086.0,26.0,269,1
4548,Female,64,1,28.0,0,> 2 Years,Yes,64378.0,25.0,146,1
337120,Female,51,1,28.0,0,1-2 Year,Yes,71487.0,26.0,294,1
216596,Male,26,1,28.0,0,< 1 Year,Yes,38604.0,124.0,139,1
41778,Male,36,1,41.0,0,1-2 Year,Yes,32321.0,26.0,282,1
194072,Male,54,1,9.0,0,1-2 Year,Yes,32513.0,26.0,276,1
261483,Female,53,1,8.0,0,1-2 Year,Yes,55508.0,25.0,257,1
326405,Male,35,1,49.0,0,1-2 Year,Yes,2630.0,163.0,202,1
366747,Male,28,1,22.0,0,1-2 Year,Yes,2630.0,155.0,272,1
53533,Female,34,1,46.0,0,1-2 Year,Yes,27048.0,124.0,282,1
20029,Female,32,1,28.0,0,1-2 Year,Yes,45805.0,154.0,106,1
27510,Female,36,1,28.0,0,1-2 Year,Yes,24595.0,154.0,19,1
265515,Male,52,1,46.0,0,> 2 Years,Yes,34822.0,26.0,72,1
367901,Male,37,1,50.0,0,1-2 Year,Yes,44150.0,26.0,294,1
214818,Female,41,1,10.0,0,1-2 Year,Yes,2630.0,26.0,154,1
87195,Male,53,1,11.0,0,1-2 Year,Yes,2630.0,26.0,160,1
268358,Male,44,1,28.0,0,1-2 Year,Yes,2630.0,156.0,139,1
89100,Female,43,1,28.0,0,1-2 Year,Yes,41940.0,26.0,34,1
356736,Male,58,1,28.0,0,1-2 Year,Yes,33220.0,60.0,48,1
160070,Male,24,1,14.0,0,< 1 Year,Yes,34931.0,152.0,222,1
270709,Female,41,1,28.0,0,1-2 Year,Yes,41083.0,124.0,26,1
267716,Male,50,1,38.0,0,1-2 Year,Yes,34841.0,156.0,146,1
51693,Female,51,1,35.0,0,1-2 Year,Yes,2630.0,26.0,260,1
313909,Male,44,1,29.0,0,1-2 Year,Yes,40500.0,3.0,243,1
234324,Male,26,1,14.0,0,< 1 Year,Yes,35781.0,152.0,127,1
71556,Female,31,1,28.0,0,< 1 Year,Yes,62114.0,124.0,52,1
186425,Male,50,1,19.0,0,1-2 Year,Yes,35139.0,25.0,186,1
337632,Male,36,1,29.0,0,1-2 Year,Yes,2630.0,124.0,28,1
300285,Male,42,1,28.0,0,1-2 Year,Yes,39144.0,124.0,13,1
252327,Male,46,1,28.0,0,1-2 Year,Yes,44592.0,26.0,78,1
227680,Male,29,1,28.0,0,1-2 Year,Yes,2630.0,122.0,67,1
346435,Female,36,1,3.0,0,1-2 Year,Yes,77711.0,124.0,266,1
180164,Female,38,1,28.0,0,1-2 Year,Yes,49273.0,124.0,158,1
228413,Male,43,1,28.0,0,1-2 Year,Yes,27381.0,163.0,44,1
17182,Female,41,1,28.0,0,1-2 Year,Yes,2630.0,124.0,92,1
325709,Male,28,1,41.0,0,1-2 Year,No,2630.0,154.0,236,1
376825,Female,42,1,41.0,0,1-2 Year,Yes,2630.0,26.0,200,1
297462,Female,33,1,28.0,0,1-2 Year,Yes,50937.0,4.0,167,1
237080,Male,31,1,35.0,0,< 1 Year,Yes,18026.0,152.0,168,1
314279,Female,34,1,29.0,0,1-2 Year,Yes,2630.0,156.0,46,1
303096,Female,45,1,28.0,0,1-2 Year,Yes,50120.0,13.0,258,1
118052,Male,35,1,46.0,0,> 2 Years,Yes,38843.0,124.0,280,1
104418,Female,70,1,33.0,0,1-2 Year,Yes,2630.0,26.0,217,1
222808,Male,63,1,29.0,0,1-2 Year,Yes,2630.0,135.0,65,1
108647,Male,52,1,28.0,0,1-2 Year,Yes,59025.0,26.0,156,1
85340,Male,47,1,47.0,0,1-2 Year,Yes,28186.0,26.0,75,1
76331,Male,40,1,28.0,0,1-2 Year,Yes,35997.0,124.0,297,1
74618,Female,49,1,28.0,0,1-2 Year,Yes,31012.0,124.0,214,1
144757,Male,42,1,28.0,0,1-2 Year,Yes,2630.0,124.0,80,1
79442,Male,35,1,3.0,0,1-2 Year,Yes,32454.0,124.0,285,1
342323,Male,72,1,28.0,0,> 2 Years,Yes,44392.0,25.0,105,1
328117,Male,62,1,35.0,0,1-2 Year,Yes,28051.0,10.0,196,1
362282,Male,37,1,36.0,0,1-2 Year,Yes,32568.0,154.0,156,1
175546,Female,38,1,41.0,0,1-2 Year,Yes,26978.0,157.0,209,1
239633,Male,39,1,19.0,0,1-2 Year,Yes,29897.0,124.0,143,1
377757,Male,53,1,28.0,0,1-2 Year,Yes,47157.0,26.0,299,1
343217,Male,28,1,28.0,0,< 1 Year,Yes,34983.0,152.0,170,1
158228,Male,70,1,41.0,0,> 2 Years,Yes,36727.0,26.0,25,1
211195,Female,38,1,10.0,0,1-2 Year,Yes,29942.0,124.0,37,1
78637,Male,35,1,28.0,0,1-2 Year,Yes,30957.0,26.0,79,1
291621,Male,21,1,30.0,0,1-2 Year,Yes,2630.0,156.0,153,1
97779,Male,47,1,2.0,0,1-2 Year,Yes,32922.0,26.0,242,1
301957,Male,36,1,18.0,0,1-2 Year,Yes,2630.0,152.0,25,1
110005,Male,52,1,46.0,0,1-2 Year,Yes,33501.0,26.0,182,1
314612,Female,25,1,10.0,0,< 1 Year,Yes,22637.0,152.0,233,1
300983,Female,42,1,28.0,0,1-2 Year,Yes,38129.0,29.0,166,1
314954,Female,32,1,8.0,0,< 1 Year,Yes,58055.0,26.0,297,1
308492,Female,22,1,37.0,0,< 1 Year,Yes,36815.0,152.0,274,1
195828,Male,52,1,28.0,0,1-2 Year,Yes,40339.0,26.0,246,1
334423,Male,26,1,42.0,0,< 1 Year,Yes,26074.0,152.0,133,1
370164,Male,22,1,50.0,0,< 1 Year,Yes,28448.0,152.0,172,1
77635,Male,52,1,41.0,0,1-2 Year,Yes,38420.0,31.0,202,1
92028,Male,30,1,21.0,0,< 1 Year,Yes,30184.0,26.0,191,1
152739,Female,57,1,28.0,0,> 2 Years,Yes,69908.0,26.0,134,1
284138,Male,41,1,28.0,0,1-2 Year,Yes,2630.0,156.0,43,1
260601,Female,40,1,46.0,0,1-2 Year,Yes,2630.0,26.0,220,1
306218,Male,53,1,41.0,0,1-2 Year,Yes,43141.0,124.0,51,1
305698,Female,49,1,28.0,0,1-2 Year,Yes,43889.0,61.0,249,1
177755,Male,46,1,28.0,0,> 2 Years,Yes,37282.0,26.0,263,1
27958,Male,32,1,29.0,0,< 1 Year,Yes,2630.0,157.0,171,1
25292,Female,24,1,15.0,0,< 1 Year,Yes,37649.0,152.0,191,1
45581,Female,46,1,28.0,0,1-2 Year,Yes,43003.0,124.0,212,1
94118,Male,42,1,39.0,0,1-2 Year,Yes,2630.0,156.0,30,1
182410,Female,49,1,8.0,0,1-2 Year,Yes,2630.0,124.0,176,1
146200,Male,35,1,11.0,0,1-2 Year,Yes,2630.0,124.0,158,1
97241,Female,22,1,8.0,0,< 1 Year,Yes,50146.0,152.0,186,1
320268,Male,48,1,18.0,0,1-2 Year,Yes,26583.0,26.0,71,1
320410,Male,43,1,2.0,0,1-2 Year,Yes,29220.0,124.0,161,1
88197,Male,31,1,28.0,0,< 1 Year,Yes,43492.0,26.0,132,1
250064,Female,25,1,32.0,0,< 1 Year,Yes,35432.0,152.0,134,1
230183,Female,50,1,28.0,0,1-2 Year,Yes,39617.0,26.0,205,1
71973,Female,63,1,28.0,0,1-2 Year,Yes,30441.0,122.0,123,1
179845,Female,64,1,39.0,0,1-2 Year,Yes,2630.0,124.0,16,1
248170,Male,39,1,47.0,0,1-2 Year,Yes,22210.0,26.0,28,1
21054,Male,44,1,28.0,0,1-2 Year,Yes,46963.0,29.0,229,1
23494,Male,30,1,28.0,0,< 1 Year,Yes,28374.0,152.0,119,1
130403,Male,43,1,29.0,0,1-2 Year,Yes,40177.0,26.0,94,1
134726,Female,39,1,28.0,0,1-2 Year,Yes,41833.0,26.0,164,1
305327,Male,28,1,23.0,0,1-2 Year,Yes,2630.0,163.0,67,1
219588,Male,38,1,9.0,0,1-2 Year,Yes,39981.0,26.0,74,1
230187,Male,38,1,28.0,0,1-2 Year,Yes,30543.0,124.0,298,1
356612,Male,50,1,15.0,0,1-2 Year,Yes,24297.0,124.0,251,1
93254,Male,25,1,33.0,0,< 1 Year,Yes,33860.0,152.0,95,1
365254,Male,63,1,28.0,0,1-2 Year,Yes,44347.0,26.0,16,1
70496,Male,38,1,35.0,0,1-2 Year,Yes,2630.0,156.0,30,1
174723,Male,50,1,7.0,0,1-2 Year,Yes,36724.0,26.0,220,1
355697,Male,40,1,28.0,0,1-2 Year,Yes,45481.0,26.0,265,1
34632,Male,40,1,3.0,0,1-2 Year,Yes,18766.0,30.0,147,1
286050,Male,50,1,8.0,0,1-2 Year,Yes,70093.0,26.0,95,1
182821,Female,37,1,14.0,0,1-2 Year,Yes,34833.0,26.0,233,1
328579,Male,41,1,29.0,0,1-2 Year,Yes,33961.0,124.0,181,1
234734,Male,26,1,28.0,0,1-2 Year,Yes,32238.0,124.0,150,1
85425,Male,35,1,28.0,0,1-2 Year,Yes,48894.0,26.0,11,1
327271,Female,46,1,11.0,0,1-2 Year,Yes,35476.0,26.0,210,1
376989,Male,50,1,35.0,0,> 2 Years,Yes,49219.0,26.0,199,1
43490,Male,71,1,28.0,0,1-2 Year,Yes,2630.0,124.0,190,1
290689,Male,33,1,28.0,0,1-2 Year,Yes,25943.0,124.0,173,1
197849,Female,33,1,39.0,0,1-2 Year,Yes,41510.0,154.0,297,1
294956,Male,39,1,11.0,0,1-2 Year,Yes,36057.0,26.0,146,1
347143,Male,66,1,13.0,0,1-2 Year,Yes,25594.0,163.0,65,1
27940,Female,23,1,37.0,0,< 1 Year,Yes,32427.0,152.0,47,1
96077,Female,45,1,30.0,0,1-2 Year,Yes,2630.0,156.0,82,1
340801,Female,24,1,49.0,0,< 1 Year,Yes,29155.0,151.0,119,1
259436,Male,40,1,8.0,0,1-2 Year,Yes,33033.0,124.0,192,1
297969,Female,44,1,28.0,0,> 2 Years,Yes,85268.0,122.0,45,1
211865,Male,39,1,28.0,0,1-2 Year,Yes,38029.0,124.0,37,1
170975,Male,32,1,28.0,0,1-2 Year,Yes,41006.0,124.0,206,1
151766,Female,30,1,41.0,0,1-2 Year,Yes,2630.0,157.0,291,1
129245,Female,25,1,6.0,0,< 1 Year,Yes,42796.0,152.0,237,1
128103,Male,49,1,28.0,0,1-2 Year,Yes,39069.0,156.0,86,1
377309,Female,35,1,28.0,0,1-2 Year,Yes,36594.0,155.0,57,1
98436,Male,56,1,41.0,0,> 2 Years,Yes,34844.0,26.0,191,1
38191,Male,59,1,38.0,0,1-2 Year,Yes,30481.0,124.0,156,1
370480,Male,52,1,46.0,0,< 1 Year,Yes,41628.0,26.0,99,1
338264,Female,36,1,18.0,0,1-2 Year,Yes,31753.0,124.0,58,1
41312,Male,41,1,3.0,0,1-2 Year,Yes,36429.0,124.0,255,1
105927,Female,37,1,29.0,0,1-2 Year,Yes,24614.0,26.0,25,1
308568,Male,62,1,30.0,0,1-2 Year,Yes,34499.0,124.0,186,1
266593,Female,62,1,8.0,0,1-2 Year,Yes,40934.0,26.0,200,1
347257,Male,46,1,28.0,0,1-2 Year,Yes,30957.0,26.0,86,1
69888,Male,39,1,8.0,0,1-2 Year,Yes,46106.0,124.0,299,1
363855,Male,49,1,3.0,0,1-2 Year,Yes,32178.0,124.0,21,1
369112,Female,50,1,11.0,0,1-2 Year,Yes,35707.0,26.0,54,1
50313,Male,35,1,15.0,0,1-2 Year,Yes,32884.0,124.0,22,1
248589,Female,55,1,38.0,0,1-2 Year,Yes,28256.0,26.0,22,1
312272,Male,44,1,28.0,0,1-2 Year,Yes,54884.0,124.0,42,1
144429,Female,33,1,28.0,0,< 1 Year,Yes,38072.0,26.0,123,1
189185,Male,53,1,28.0,0,> 2 Years,Yes,73931.0,26.0,188,1
276097,Male,23,1,30.0,0,< 1 Year,Yes,34164.0,151.0,218,1
679,Male,31,1,39.0,0,< 1 Year,Yes,2630.0,26.0,166,1
147163,Male,28,1,30.0,0,< 1 Year,Yes,29767.0,154.0,257,1
75449,Male,21,1,13.0,0,< 1 Year,Yes,23190.0,152.0,138,1
189740,Male,46,1,35.0,0,1-2 Year,Yes,24374.0,26.0,164,1
44394,Female,39,1,28.0,0,1-2 Year,Yes,40800.0,124.0,56,1
360080,Female,66,1,28.0,0,1-2 Year,Yes,61862.0,122.0,120,1
340614,Female,44,1,28.0,0,1-2 Year,Yes,45685.0,124.0,140,1
331609,Female,36,1,48.0,0,1-2 Year,Yes,2630.0,124.0,98,1
371688,Male,48,1,41.0,0,1-2 Year,Yes,40703.0,124.0,119,1
233877,Female,38,1,30.0,0,1-2 Year,Yes,23775.0,124.0,195,1
316600,Female,58,1,8.0,0,1-2 Year,Yes,36024.0,26.0,63,1
165353,Male,47,1,28.0,0,1-2 Year,Yes,50301.0,26.0,187,1
305813,Male,25,1,3.0,0,< 1 Year,Yes,2630.0,156.0,278,1
23590,Male,38,1,10.0,0,1-2 Year,Yes,41518.0,152.0,290,1
86653,Male,64,1,28.0,0,> 2 Years,Yes,36765.0,26.0,141,1
298043,Female,65,1,0.0,0,1-2 Year,Yes,2630.0,122.0,290,1
185260,Male,42,1,28.0,0,1-2 Year,Yes,37619.0,124.0,167,1
107041,Male,53,1,8.0,0,1-2 Year,Yes,60599.0,26.0,216,1
54943,Female,38,1,30.0,0,1-2 Year,Yes,41872.0,154.0,210,1
21839,Male,53,1,28.0,0,1-2 Year,Yes,28917.0,26.0,291,1
268434,Male,58,1,45.0,0,1-2 Year,Yes,2630.0,26.0,147,1
302399,Female,43,1,28.0,0,> 2 Years,Yes,28492.0,124.0,291,1
218817,Male,49,1,45.0,0,1-2 Year,Yes,26055.0,26.0,33,1
307788,Male,23,1,28.0,0,< 1 Year,Yes,32243.0,124.0,134,1
244483,Male,33,1,28.0,0,< 1 Year,Yes,2630.0,124.0,262,1
362411,Male,33,1,28.0,0,1-2 Year,Yes,48740.0,26.0,240,1
348416,Male,42,1,11.0,0,1-2 Year,Yes,32405.0,26.0,250,1
84616,Female,63,1,48.0,0,1-2 Year,Yes,2630.0,26.0,297,1
281009,Male,45,1,28.0,0,1-2 Year,Yes,37988.0,26.0,95,1
99546,Female,47,1,28.0,0,1-2 Year,Yes,46660.0,26.0,187,1
174695,Male,52,1,28.0,0,1-2 Year,Yes,45501.0,26.0,267,1
135301,Male,55,1,33.0,0,1-2 Year,Yes,2630.0,124.0,279,1
13750,Female,42,1,28.0,0,1-2 Year,Yes,56692.0,26.0,225,1
226115,Female,54,1,28.0,0,1-2 Year,Yes,40203.0,26.0,252,1
96659,Male,48,1,8.0,0,1-2 Year,Yes,28680.0,124.0,41,1
289886,Female,51,1,28.0,0,1-2 Year,Yes,41191.0,26.0,230,1
308002,Male,76,1,28.0,0,> 2 Years,Yes,86092.0,26.0,31,1
105758,Male,24,1,28.0,0,< 1 Year,Yes,39851.0,152.0,160,1
202899,Male,51,1,46.0,0,1-2 Year,Yes,26812.0,91.0,159,1
246655,Male,64,1,46.0,0,1-2 Year,Yes,27615.0,154.0,164,1
19342,Male,49,1,28.0,0,1-2 Year,Yes,37797.0,26.0,218,1
281549,Female,45,1,28.0,0,1-2 Year,Yes,31737.0,26.0,73,1
217188,Female,50,1,28.0,0,1-2 Year,Yes,38138.0,29.0,59,1
176109,Male,38,1,26.0,0,1-2 Year,Yes,28514.0,22.0,221,1
346233,Female,40,1,0.0,0,> 2 Years,Yes,2630.0,26.0,185,1
172887,Male,35,1,49.0,0,1-2 Year,Yes,2630.0,156.0,201,1
277900,Male,46,1,28.0,0,1-2 Year,Yes,30820.0,124.0,137,1
124397,Male,60,1,11.0,0,> 2 Years,Yes,27772.0,124.0,122,1
302999,Male,43,1,28.0,0,1-2 Year,Yes,66629.0,26.0,148,1
19794,Female,65,1,28.0,0,> 2 Years,Yes,56251.0,124.0,161,1
128794,Male,48,1,28.0,0,1-2 Year,Yes,26199.0,26.0,71,1
374748,Male,42,1,28.0,0,1-2 Year,Yes,38056.0,26.0,133,1
268167,Male,40,1,28.0,0,> 2 Years,Yes,37516.0,124.0,295,1
324256,Female,48,1,28.0,0,> 2 Years,Yes,41326.0,55.0,174,1
141441,Male,59,1,28.0,0,> 2 Years,Yes,71629.0,124.0,232,1
333773,Female,37,1,28.0,0,1-2 Year,Yes,28005.0,154.0,135,1
83339,Male,44,1,28.0,0,> 2 Years,Yes,37819.0,26.0,263,1
226056,Male,43,1,28.0,0,1-2 Year,Yes,45901.0,26.0,262,1
274383,Female,58,1,28.0,0,1-2 Year,Yes,51937.0,26.0,32,1
161677,Female,62,1,28.0,0,1-2 Year,Yes,51711.0,122.0,259,1
245206,Male,65,1,8.0,0,> 2 Years,Yes,39506.0,3.0,165,1
377647,Female,46,1,35.0,0,1-2 Year,Yes,2630.0,124.0,238,1
344837,Male,34,1,21.0,0,1-2 Year,Yes,24752.0,124.0,245,1
145543,Female,47,1,28.0,0,1-2 Year,Yes,36935.0,26.0,154,1
292736,Female,50,1,15.0,0,1-2 Year,Yes,28566.0,124.0,285,1
315411,Male,50,1,15.0,0,1-2 Year,Yes,27023.0,124.0,35,1
143198,Male,59,1,28.0,0,> 2 Years,Yes,27101.0,122.0,133,1
194270,Male,26,1,0.0,0,< 1 Year,Yes,2630.0,151.0,227,1
303092,Female,40,1,5.0,0,1-2 Year,Yes,23143.0,128.0,270,1
320081,Female,24,1,15.0,0,< 1 Year,Yes,27624.0,152.0,14,1
295415,Female,50,1,28.0,0,> 2 Years,Yes,42825.0,26.0,99,1
142354,Male,55,1,33.0,0,1-2 Year,Yes,36709.0,26.0,218,1
64320,Male,56,1,28.0,0,1-2 Year,Yes,38929.0,26.0,128,1
276612,Female,33,1,28.0,0,< 1 Year,Yes,38378.0,124.0,26,1
324052,Male,41,1,8.0,0,1-2 Year,Yes,49458.0,124.0,227,1
107483,Male,48,1,8.0,0,1-2 Year,Yes,30851.0,124.0,68,1
335160,Male,41,1,41.0,0,1-2 Year,Yes,2630.0,26.0,249,1
252006,Male,23,1,28.0,0,< 1 Year,Yes,24869.0,152.0,209,1
228840,Male,38,1,3.0,0,< 1 Year,Yes,37761.0,26.0,21,1
254860,Male,54,1,28.0,0,1-2 Year,Yes,31726.0,26.0,252,1
101800,Male,31,1,28.0,0,< 1 Year,Yes,2630.0,158.0,194,1
146513,Female,20,1,6.0,0,< 1 Year,Yes,16429.0,156.0,208,1
228172,Male,45,1,37.0,0,1-2 Year,Yes,36842.0,124.0,96,1
345941,Male,44,1,28.0,0,1-2 Year,Yes,35561.0,124.0,71,1
243257,Female,43,1,28.0,0,1-2 Year,Yes,45221.0,25.0,211,1
323314,Male,33,1,28.0,0,< 1 Year,Yes,51041.0,124.0,136,1
285766,Male,40,1,28.0,0,1-2 Year,Yes,64641.0,122.0,145,1
81738,Male,63,1,28.0,0,1-2 Year,Yes,64580.0,26.0,153,1
155430,Male,26,1,47.0,0,< 1 Year,Yes,32756.0,152.0,119,1
291536,Male,50,1,28.0,0,1-2 Year,Yes,46059.0,124.0,120,1
104231,Female,45,1,28.0,0,1-2 Year,Yes,47942.0,26.0,93,1
4026,Male,47,1,3.0,0,1-2 Year,Yes,29291.0,124.0,149,1
265284,Female,35,1,28.0,0,1-2 Year,Yes,2630.0,158.0,258,1
295220,Male,21,1,46.0,0,< 1 Year,Yes,37746.0,152.0,211,1
23753,Male,44,1,21.0,0,1-2 Year,Yes,2630.0,156.0,216,1
274162,Male,24,1,37.0,0,< 1 Year,Yes,25401.0,152.0,124,1
130206,Male,23,1,47.0,0,< 1 Year,Yes,28519.0,152.0,112,1
133579,Male,42,1,28.0,0,1-2 Year,Yes,40074.0,26.0,100,1
120440,Male,47,1,28.0,0,1-2 Year,Yes,2630.0,26.0,164,1
225879,Female,39,1,28.0,0,1-2 Year,Yes,48262.0,13.0,215,1
106625,Male,45,1,8.0,0,1-2 Year,Yes,2630.0,157.0,204,1
337854,Female,37,1,28.0,0,1-2 Year,Yes,38164.0,124.0,48,1
99457,Female,30,1,28.0,0,1-2 Year,Yes,59256.0,124.0,189,1
262617,Male,29,1,14.0,0,1-2 Year,Yes,2630.0,163.0,153,1
108673,Female,48,1,28.0,0,1-2 Year,Yes,55044.0,55.0,245,1
224175,Male,50,1,11.0,0,1-2 Year,Yes,19158.0,154.0,109,1
145205,Female,33,1,28.0,0,1-2 Year,No,43110.0,36.0,98,1
54832,Male,39,1,28.0,0,1-2 Year,Yes,36847.0,26.0,186,1
367517,Female,23,1,28.0,0,< 1 Year,Yes,32212.0,152.0,225,1
26702,Male,44,1,28.0,0,> 2 Years,Yes,31323.0,26.0,163,1
41706,Male,51,1,28.0,0,1-2 Year,Yes,29382.0,26.0,116,1
270227,Male,43,1,20.0,0,1-2 Year,Yes,2630.0,124.0,292,1
141951,Female,40,1,30.0,0,1-2 Year,Yes,39094.0,124.0,243,1
256485,Female,40,1,28.0,0,1-2 Year,Yes,2630.0,26.0,100,1
193367,Female,45,1,28.0,0,> 2 Years,Yes,35908.0,26.0,267,1
290682,Male,41,1,28.0,0,1-2 Year,Yes,40542.0,124.0,56,1
104280,Male,52,1,46.0,0,1-2 Year,Yes,63205.0,26.0,36,1
8583,Male,37,1,41.0,0,1-2 Year,Yes,39557.0,26.0,155,1
220865,Male,50,1,48.0,0,1-2 Year,Yes,2630.0,154.0,163,1
293900,Female,28,1,28.0,0,< 1 Year,Yes,33927.0,26.0,149,1
276930,Male,30,1,41.0,0,1-2 Year,Yes,2630.0,156.0,44,1
253270,Female,74,1,15.0,0,1-2 Year,Yes,31590.0,124.0,294,1
144800,Male,55,1,3.0,0,1-2 Year,Yes,2630.0,163.0,250,1
290117,Male,30,1,28.0,0,1-2 Year,Yes,56101.0,155.0,91,1
61013,Male,46,1,28.0,0,1-2 Year,Yes,34834.0,26.0,132,1
266530,Female,43,1,8.0,0,1-2 Year,Yes,28099.0,124.0,38,1
66117,Female,23,1,46.0,0,< 1 Year,Yes,22344.0,160.0,124,1
256688,Male,44,1,28.0,0,1-2 Year,Yes,77692.0,26.0,103,1
31069,Female,69,1,11.0,0,1-2 Year,Yes,37089.0,26.0,38,1
303577,Female,44,1,46.0,0,1-2 Year,Yes,24448.0,155.0,242,1
338306,Female,37,1,8.0,0,1-2 Year,Yes,40934.0,124.0,183,1
269036,Male,43,1,33.0,0,1-2 Year,Yes,26452.0,124.0,211,1
378994,Male,24,1,42.0,0,< 1 Year,Yes,46239.0,26.0,289,1
51925,Female,25,1,46.0,0,< 1 Year,Yes,34001.0,152.0,38,1
378818,Male,24,1,28.0,0,< 1 Year,Yes,89582.0,152.0,110,1
332445,Female,33,1,30.0,0,1-2 Year,Yes,2630.0,157.0,146,1
151805,Male,32,1,41.0,0,< 1 Year,Yes,26243.0,152.0,209,1
186195,Male,65,1,3.0,0,1-2 Year,No,21210.0,26.0,273,1
15425,Male,29,1,35.0,0,< 1 Year,Yes,34629.0,152.0,70,1
293613,Female,44,1,28.0,0,1-2 Year,Yes,40901.0,26.0,136,1
225149,Male,21,1,45.0,0,< 1 Year,Yes,30492.0,152.0,16,1
97700,Male,48,1,28.0,0,1-2 Year,Yes,45535.0,26.0,68,1
201014,Female,43,1,28.0,0,1-2 Year,Yes,70106.0,26.0,237,1
201465,Male,23,1,28.0,0,< 1 Year,Yes,49440.0,26.0,153,1
45225,Male,46,1,28.0,0,1-2 Year,Yes,37328.0,155.0,41,1
87225,Female,40,1,28.0,0,1-2 Year,Yes,55062.0,26.0,248,1
148081,Male,42,1,28.0,0,1-2 Year,Yes,33747.0,124.0,259,1
29609,Female,35,1,28.0,0,1-2 Year,Yes,31804.0,122.0,158,1
158796,Male,78,1,28.0,0,> 2 Years,Yes,64286.0,26.0,272,1
104808,Female,44,1,28.0,0,1-2 Year,Yes,66613.0,26.0,169,1
231991,Male,38,1,46.0,0,1-2 Year,Yes,34636.0,26.0,194,1
175625,Male,50,1,28.0,0,1-2 Year,Yes,44443.0,25.0,82,1
214349,Male,33,1,28.0,0,< 1 Year,Yes,39739.0,124.0,130,1
41145,Female,43,1,28.0,0,1-2 Year,Yes,44271.0,122.0,137,1
320561,Female,60,1,28.0,0,1-2 Year,Yes,48728.0,116.0,95,1
270909,Female,49,1,28.0,0,1-2 Year,Yes,23774.0,154.0,117,1
125853,Male,36,1,30.0,0,> 2 Years,Yes,2630.0,157.0,152,1
195882,Male,61,1,20.0,0,1-2 Year,Yes,2630.0,124.0,82,1
110841,Female,31,1,28.0,0,< 1 Year,Yes,36876.0,124.0,190,1
192141,Female,27,1,12.0,0,< 1 Year,Yes,2630.0,124.0,168,1
184754,Female,40,1,3.0,0,1-2 Year,Yes,36945.0,124.0,282,1
288587,Male,36,1,28.0,0,1-2 Year,Yes,39374.0,154.0,101,1
136448,Male,63,1,28.0,0,1-2 Year,Yes,51525.0,30.0,259,1
338437,Male,41,1,35.0,0,1-2 Year,Yes,2630.0,156.0,18,1
58983,Female,38,1,28.0,0,1-2 Year,Yes,59443.0,122.0,95,1
10928,Male,56,1,28.0,0,1-2 Year,Yes,35049.0,26.0,263,1
287028,Male,55,1,28.0,0,1-2 Year,Yes,37554.0,25.0,140,1
204599,Male,44,1,38.0,0,1-2 Year,Yes,27671.0,124.0,109,1
48320,Female,55,1,38.0,0,1-2 Year,Yes,2630.0,157.0,252,1
147241,Male,54,1,8.0,0,1-2 Year,Yes,44761.0,30.0,184,1
150889,Female,38,1,28.0,0,1-2 Year,Yes,39103.0,26.0,172,1
90096,Male,42,1,35.0,0,1-2 Year,Yes,25514.0,26.0,190,1
225359,Male,37,1,45.0,0,< 1 Year,Yes,32672.0,124.0,270,1
317075,Male,29,1,30.0,0,< 1 Year,Yes,39232.0,152.0,161,1
104780,Female,64,1,28.0,0,1-2 Year,Yes,58906.0,26.0,178,1
306772,Male,60,1,28.0,0,1-2 Year,Yes,49641.0,26.0,168,1
95534,Male,71,1,28.0,0,> 2 Years,Yes,2630.0,26.0,113,1
162865,Female,30,1,28.0,0,< 1 Year,Yes,31269.0,124.0,179,1
153233,Male,37,1,15.0,0,1-2 Year,Yes,37963.0,124.0,24,1
40493,Female,52,1,28.0,0,1-2 Year,Yes,36086.0,26.0,144,1
224197,Male,42,1,47.0,0,> 2 Years,Yes,36244.0,124.0,145,1
40997,Female,65,1,28.0,0,1-2 Year,Yes,29399.0,124.0,13,1
302619,Male,34,1,50.0,0,1-2 Year,Yes,40686.0,124.0,141,1
48878,Female,60,1,48.0,0,> 2 Years,Yes,2630.0,26.0,50,1
287686,Female,62,1,28.0,0,> 2 Years,Yes,45963.0,26.0,132,1
326244,Female,48,1,28.0,0,1-2 Year,Yes,42155.0,26.0,115,1
86110,Male,29,1,8.0,0,< 1 Year,Yes,27423.0,26.0,150,1
48588,Female,29,1,27.0,0,< 1 Year,Yes,25005.0,152.0,294,1
207264,Male,72,1,48.0,0,1-2 Year,Yes,2630.0,26.0,22,1
1689,Female,39,1,28.0,0,1-2 Year,Yes,41327.0,26.0,101,1
159214,Male,49,1,28.0,0,> 2 Years,Yes,39256.0,26.0,88,1
15338,Male,46,1,28.0,0,1-2 Year,Yes,32484.0,156.0,133,1
353147,Male,47,1,28.0,0,1-2 Year,Yes,35344.0,124.0,126,1
64105,Male,49,1,46.0,0,1-2 Year,Yes,36213.0,26.0,88,1
138264,Male,46,1,28.0,0,1-2 Year,Yes,42997.0,26.0,20,1
84446,Male,31,1,28.0,0,< 1 Year,Yes,59913.0,40.0,140,1
247609,Male,24,1,29.0,0,< 1 Year,Yes,51027.0,152.0,163,1
180739,Female,33,1,28.0,0,< 1 Year,Yes,72722.0,124.0,194,1
8884,Male,51,1,28.0,0,1-2 Year,Yes,42176.0,26.0,274,1
260702,Female,61,1,28.0,0,1-2 Year,Yes,30879.0,124.0,265,1
321113,Female,28,1,28.0,0,< 1 Year,Yes,2630.0,158.0,195,1
320879,Male,39,1,28.0,0,1-2 Year,Yes,30037.0,124.0,192,1
147657,Male,52,1,28.0,0,1-2 Year,Yes,48700.0,26.0,191,1
222501,Male,41,1,28.0,0,1-2 Year,Yes,33270.0,124.0,155,1
70918,Male,26,1,15.0,0,< 1 Year,Yes,34282.0,152.0,53,1
323943,Female,41,1,50.0,0,1-2 Year,Yes,32162.0,17.0,168,1
77700,Male,30,1,41.0,0,1-2 Year,Yes,2630.0,124.0,283,1
309635,Female,65,1,48.0,0,1-2 Year,Yes,2630.0,15.0,197,1
31354,Male,39,1,35.0,0,1-2 Year,Yes,28485.0,124.0,238,1
335640,Female,40,1,28.0,0,1-2 Year,Yes,36851.0,26.0,298,1
267254,Female,59,1,28.0,0,1-2 Year,Yes,64854.0,26.0,212,1
187694,Female,51,1,28.0,0,1-2 Year,Yes,30766.0,26.0,51,1
142404,Female,40,1,15.0,0,1-2 Year,Yes,41419.0,26.0,121,1
264092,Female,50,1,28.0,0,1-2 Year,Yes,2630.0,124.0,191,1
98385,Male,59,1,28.0,0,1-2 Year,Yes,41625.0,158.0,18,1
342339,Male,37,1,4.0,0,1-2 Year,Yes,32100.0,124.0,32,1
213,Male,44,1,28.0,0,> 2 Years,Yes,42754.0,124.0,23,1
195670,Male,32,1,28.0,0,< 1 Year,Yes,60174.0,26.0,179,1
123474,Female,66,1,8.0,0,> 2 Years,Yes,47077.0,124.0,76,1
115928,Female,27,1,8.0,0,1-2 Year,Yes,35656.0,154.0,171,1
263135,Female,36,1,6.0,0,1-2 Year,Yes,28741.0,152.0,299,1
39561,Male,43,1,28.0,0,1-2 Year,Yes,54817.0,26.0,45,1
16492,Male,45,1,46.0,0,1-2 Year,Yes,27789.0,26.0,193,1
252394,Male,49,1,28.0,0,1-2 Year,Yes,37076.0,25.0,120,1
210235,Male,40,1,29.0,0,1-2 Year,Yes,35495.0,124.0,222,1
232281,Male,34,1,28.0,0,< 1 Year,Yes,57165.0,124.0,13,1
206240,Male,56,1,20.0,0,1-2 Year,Yes,2630.0,124.0,257,1
93338,Female,45,1,14.0,0,1-2 Year,Yes,2630.0,157.0,57,1
159132,Male,50,1,3.0,0,1-2 Year,Yes,29119.0,124.0,223,1
129051,Male,46,1,28.0,0,1-2 Year,Yes,29390.0,122.0,236,1
313960,Female,55,1,28.0,0,1-2 Year,Yes,49438.0,26.0,42,1
173672,Female,44,1,28.0,0,1-2 Year,Yes,30467.0,124.0,96,1
10573,Female,44,1,3.0,0,1-2 Year,Yes,23734.0,124.0,158,1
184225,Male,69,1,33.0,0,1-2 Year,Yes,30184.0,132.0,247,1
103234,Female,31,1,28.0,0,1-2 Year,Yes,52794.0,124.0,40,1
287520,Male,41,1,4.0,0,1-2 Year,Yes,29342.0,124.0,57,1
15572,Male,72,1,28.0,0,1-2 Year,Yes,28902.0,26.0,27,1
362771,Female,62,1,28.0,0,1-2 Year,Yes,34587.0,4.0,53,1
365649,Male,51,1,11.0,0,1-2 Year,Yes,21614.0,124.0,60,1
346854,Male,57,1,28.0,0,> 2 Years,Yes,30105.0,31.0,111,1
122514,Female,42,1,8.0,0,1-2 Year,Yes,46851.0,124.0,110,1
258675,Male,46,1,28.0,0,1-2 Year,Yes,46713.0,124.0,11,1
32871,Female,50,1,8.0,0,1-2 Year,Yes,26615.0,124.0,264,1
248612,Female,29,1,9.0,0,1-2 Year,Yes,34508.0,124.0,270,1
362357,Male,20,1,8.0,0,< 1 Year,Yes,57026.0,160.0,43,1
338512,Male,25,1,28.0,0,< 1 Year,Yes,50905.0,26.0,265,1
141203,Male,50,1,28.0,0,1-2 Year,Yes,39420.0,124.0,214,1
223515,Female,23,1,35.0,0,< 1 Year,Yes,31662.0,124.0,282,1
64717,Male,32,1,28.0,0,< 1 Year,Yes,40046.0,124.0,37,1
239282,Male,41,1,50.0,0,1-2 Year,Yes,27967.0,124.0,274,1
60838,Female,52,1,41.0,0,1-2 Year,Yes,2630.0,124.0,253,1
12478,Male,48,1,8.0,0,1-2 Year,Yes,2630.0,124.0,51,1
363016,Male,54,1,28.0,0,1-2 Year,Yes,32773.0,26.0,190,1
99384,Female,51,1,28.0,0,1-2 Year,Yes,40389.0,25.0,137,1
95944,Male,40,1,28.0,0,1-2 Year,Yes,34167.0,124.0,48,1
156865,Male,61,1,11.0,0,1-2 Year,Yes,36994.0,26.0,211,1
334947,Female,36,1,30.0,0,1-2 Year,Yes,31353.0,26.0,224,1
99520,Male,51,1,29.0,0,1-2 Year,Yes,23224.0,124.0,123,1
2957,Male,36,1,28.0,0,1-2 Year,Yes,61020.0,122.0,15,1
230515,Female,35,1,46.0,0,1-2 Year,Yes,26464.0,124.0,78,1
295446,Female,30,1,29.0,0,< 1 Year,Yes,2630.0,157.0,118,1
138756,Male,21,1,41.0,0,< 1 Year,Yes,54108.0,156.0,219,1
161552,Female,23,1,7.0,0,< 1 Year,Yes,30777.0,152.0,58,1
20151,Male,38,1,28.0,0,1-2 Year,Yes,31419.0,26.0,154,1
207515,Female,41,1,28.0,0,1-2 Year,Yes,41249.0,124.0,124,1
271648,Male,57,1,28.0,0,1-2 Year,Yes,29526.0,26.0,181,1
174742,Female,39,1,36.0,0,1-2 Year,Yes,2630.0,14.0,250,1
303492,Female,61,1,50.0,0,> 2 Years,Yes,2630.0,157.0,120,1
63686,Female,43,1,28.0,0,1-2 Year,Yes,73424.0,122.0,20,1
258018,Male,22,1,30.0,0,< 1 Year,Yes,2630.0,152.0,192,1
6732,Male,36,1,8.0,0,1-2 Year,Yes,28541.0,26.0,161,1
222987,Male,47,1,28.0,0,1-2 Year,Yes,32232.0,26.0,24,1
274217,Female,22,1,28.0,0,< 1 Year,Yes,50990.0,124.0,228,1
155465,Female,23,1,6.0,0,< 1 Year,Yes,22686.0,152.0,92,1
325280,Female,22,1,11.0,0,< 1 Year,Yes,29424.0,152.0,239,1
53554,Male,53,1,39.0,0,1-2 Year,Yes,38467.0,124.0,53,1
2353,Male,63,1,8.0,0,> 2 Years,Yes,43569.0,26.0,55,1
128988,Male,54,1,28.0,0,1-2 Year,Yes,38878.0,124.0,190,1
29831,Female,51,1,18.0,0,1-2 Year,Yes,33296.0,26.0,52,1
355400,Male,41,1,11.0,0,1-2 Year,Yes,27508.0,124.0,31,1
27111,Male,55,1,48.0,0,1-2 Year,Yes,2630.0,157.0,154,1
348849,Male,26,1,46.0,0,< 1 Year,Yes,22145.0,152.0,36,1
31574,Male,45,1,28.0,0,1-2 Year,Yes,53070.0,124.0,143,1
330181,Female,43,1,48.0,0,1-2 Year,Yes,2630.0,124.0,76,1
5843,Male,45,1,20.0,0,1-2 Year,Yes,2630.0,124.0,200,1
321296,Male,48,1,1.0,0,1-2 Year,Yes,2630.0,26.0,26,1
267376,Male,22,1,12.0,0,< 1 Year,Yes,32314.0,152.0,17,1
322419,Male,25,1,28.0,0,< 1 Year,Yes,23653.0,124.0,192,1
224449,Male,24,1,28.0,0,< 1 Year,Yes,42305.0,124.0,15,1
273812,Female,44,1,28.0,0,1-2 Year,Yes,75763.0,124.0,157,1
217340,Female,35,1,29.0,0,1-2 Year,Yes,41710.0,154.0,289,1
65908,Male,36,1,14.0,0,1-2 Year,Yes,38628.0,124.0,255,1
136224,Female,65,1,8.0,0,1-2 Year,Yes,2630.0,156.0,172,1
24137,Male,24,1,33.0,0,< 1 Year,Yes,43352.0,152.0,105,1
353365,Female,49,1,45.0,0,1-2 Year,Yes,2630.0,156.0,24,1
293301,Female,37,1,39.0,0,1-2 Year,Yes,30806.0,154.0,126,1
222558,Male,35,1,43.0,0,1-2 Year,Yes,27330.0,26.0,251,1
197673,Female,50,1,28.0,0,> 2 Years,Yes,30336.0,26.0,252,1
153953,Female,40,1,28.0,0,1-2 Year,Yes,26636.0,26.0,113,1
2997,Male,45,1,28.0,0,> 2 Years,Yes,43780.0,26.0,207,1
69634,Male,33,1,41.0,0,< 1 Year,Yes,35696.0,124.0,85,1
286153,Male,62,1,28.0,0,> 2 Years,Yes,50391.0,26.0,139,1
54215,Male,44,1,28.0,0,1-2 Year,Yes,92716.0,124.0,69,1
37065,Female,46,1,28.0,0,1-2 Year,Yes,2630.0,24.0,64,1
145944,Male,46,1,28.0,0,1-2 Year,Yes,44672.0,26.0,120,1
193418,Male,61,1,28.0,0,> 2 Years,Yes,69856.0,26.0,201,1
170052,Female,56,1,11.0,0,1-2 Year,Yes,2630.0,154.0,37,1
287327,Male,30,1,8.0,0,< 1 Year,Yes,2630.0,154.0,79,1
77591,Male,41,1,28.0,0,1-2 Year,Yes,24879.0,122.0,122,1
113477,Female,36,1,8.0,0,1-2 Year,Yes,44427.0,26.0,125,1
192414,Male,37,1,28.0,0,1-2 Year,Yes,44590.0,124.0,155,1
102227,Male,53,1,28.0,0,1-2 Year,Yes,42144.0,26.0,71,1
279790,Male,60,1,46.0,0,1-2 Year,Yes,2630.0,21.0,39,1
110308,Male,30,1,44.0,0,< 1 Year,Yes,22128.0,152.0,50,1
72238,Female,30,1,6.0,0,< 1 Year,Yes,25011.0,124.0,206,1
188379,Male,25,1,6.0,0,< 1 Year,Yes,39493.0,152.0,61,1
331666,Male,53,1,31.0,0,1-2 Year,Yes,2630.0,26.0,209,1
184994,Female,30,1,8.0,0,< 1 Year,Yes,2630.0,26.0,293,1
18274,Female,55,1,8.0,0,1-2 Year,Yes,57927.0,26.0,131,1
348659,Male,29,1,28.0,0,< 1 Year,Yes,41551.0,160.0,32,1
366083,Male,47,1,28.0,0,1-2 Year,Yes,44883.0,26.0,40,1
145004,Male,47,1,8.0,0,1-2 Year,Yes,35460.0,124.0,113,1
112470,Female,40,1,15.0,0,1-2 Year,Yes,44548.0,124.0,72,1
300832,Male,45,1,41.0,0,1-2 Year,Yes,28759.0,124.0,87,1
86634,Female,31,1,8.0,0,< 1 Year,Yes,2630.0,156.0,164,1
206766,Male,57,1,28.0,0,1-2 Year,Yes,36202.0,3.0,70,1
321606,Male,41,1,41.0,0,1-2 Year,Yes,24722.0,12.0,285,1
314326,Male,47,1,38.0,0,1-2 Year,Yes,30705.0,163.0,89,1
378263,Female,62,1,28.0,0,1-2 Year,Yes,31593.0,26.0,44,1
36089,Male,46,1,40.0,0,1-2 Year,Yes,2630.0,156.0,114,1
343469,Male,52,1,15.0,0,1-2 Year,Yes,50711.0,152.0,273,1
127274,Male,42,1,42.0,0,1-2 Year,Yes,36228.0,8.0,210,1
160731,Male,48,1,46.0,0,1-2 Year,Yes,31446.0,11.0,130,1
34115,Male,44,1,11.0,0,1-2 Year,Yes,31453.0,124.0,168,1
11775,Female,37,1,28.0,0,1-2 Year,No,36365.0,122.0,18,1
278120,Male,65,1,28.0,0,> 2 Years,Yes,46171.0,26.0,141,1
67655,Female,63,1,30.0,0,> 2 Years,Yes,45391.0,25.0,112,1
376424,Male,22,1,46.0,0,< 1 Year,Yes,24463.0,152.0,249,1
52970,Male,40,1,28.0,0,1-2 Year,Yes,29770.0,156.0,229,1
240829,Male,35,1,8.0,0,1-2 Year,Yes,2630.0,156.0,86,1
215742,Female,58,1,28.0,0,> 2 Years,Yes,51711.0,26.0,279,1
375170,Female,32,1,28.0,0,1-2 Year,Yes,40331.0,157.0,60,1
362833,Female,42,1,28.0,0,1-2 Year,Yes,44769.0,124.0,206,1
98498,Male,50,1,28.0,0,1-2 Year,Yes,26188.0,163.0,156,1
22667,Male,59,1,28.0,0,> 2 Years,Yes,109361.0,26.0,239,1
380183,Female,39,1,28.0,0,1-2 Year,Yes,2630.0,122.0,253,1
151748,Female,42,1,28.0,0,1-2 Year,Yes,24003.0,26.0,101,1
320070,Female,40,1,38.0,0,1-2 Year,Yes,43503.0,124.0,287,1
319160,Male,40,1,28.0,0,1-2 Year,Yes,32558.0,26.0,102,1
57653,Female,22,1,14.0,0,< 1 Year,Yes,2630.0,152.0,199,1
134265,Male,26,1,3.0,0,< 1 Year,Yes,29669.0,152.0,187,1
291672,Male,40,1,50.0,0,1-2 Year,Yes,37677.0,8.0,298,1
100277,Male,45,1,28.0,0,1-2 Year,Yes,36370.0,124.0,161,1
219305,Female,21,1,15.0,0,< 1 Year,Yes,2630.0,160.0,227,1
24080,Female,40,1,47.0,0,1-2 Year,Yes,2630.0,156.0,106,1
87043,Male,56,1,28.0,0,1-2 Year,Yes,2630.0,139.0,247,1
66505,Male,45,1,17.0,0,1-2 Year,Yes,39441.0,124.0,234,1
346590,Male,77,1,35.0,0,1-2 Year,Yes,27604.0,26.0,181,1
248868,Female,55,1,45.0,0,1-2 Year,Yes,39986.0,124.0,86,1
243326,Female,24,1,13.0,0,< 1 Year,Yes,34460.0,151.0,28,1
304274,Male,26,1,28.0,0,< 1 Year,Yes,47331.0,26.0,198,1
183586,Female,45,1,28.0,0,> 2 Years,Yes,31056.0,26.0,56,1
231242,Female,59,1,28.0,0,> 2 Years,Yes,62659.0,26.0,171,1
260655,Male,60,1,28.0,0,1-2 Year,Yes,42770.0,26.0,23,1
179173,Female,23,1,46.0,0,< 1 Year,Yes,42997.0,152.0,30,1
151307,Female,30,1,46.0,0,1-2 Year,Yes,2630.0,154.0,96,1
257282,Male,36,1,28.0,0,1-2 Year,Yes,48529.0,124.0,214,1
95774,Male,63,1,28.0,0,1-2 Year,Yes,2630.0,124.0,190,1
119229,Female,60,1,29.0,0,1-2 Year,Yes,2630.0,156.0,25,1
362986,Male,59,1,28.0,0,1-2 Year,Yes,45249.0,157.0,220,1
300175,Male,37,1,46.0,0,1-2 Year,Yes,26368.0,124.0,26,1
216421,Female,36,1,28.0,0,1-2 Year,Yes,30311.0,124.0,63,1
359335,Female,28,1,30.0,0,1-2 Year,Yes,21838.0,156.0,85,1
126887,Male,37,1,28.0,0,1-2 Year,Yes,36242.0,124.0,42,1
54996,Male,27,1,3.0,0,< 1 Year,Yes,31991.0,152.0,299,1
333882,Male,49,1,28.0,0,1-2 Year,Yes,41358.0,124.0,249,1
142578,Male,49,1,0.0,0,1-2 Year,Yes,2630.0,26.0,265,1
257450,Male,54,1,11.0,0,1-2 Year,Yes,2630.0,124.0,14,1
277061,Female,30,1,41.0,0,< 1 Year,Yes,37187.0,124.0,138,1
360487,Male,48,1,28.0,0,> 2 Years,Yes,29170.0,26.0,88,1
327793,Female,46,1,19.0,0,1-2 Year,Yes,2630.0,26.0,18,1
255920,Male,20,1,11.0,0,1-2 Year,Yes,2630.0,156.0,186,1
120930,Male,47,1,8.0,0,1-2 Year,Yes,30050.0,124.0,188,1
102294,Male,43,1,28.0,0,> 2 Years,Yes,336395.0,26.0,201,1
335364,Male,46,1,28.0,0,1-2 Year,Yes,57349.0,26.0,153,1
329846,Male,58,1,3.0,0,1-2 Year,Yes,23706.0,25.0,216,1
340348,Male,46,1,41.0,0,1-2 Year,Yes,28846.0,124.0,80,1
313447,Female,55,1,28.0,0,1-2 Year,Yes,51201.0,26.0,12,1
68831,Male,33,1,28.0,0,< 1 Year,Yes,30721.0,124.0,254,1
7654,Male,36,1,28.0,0,1-2 Year,Yes,45835.0,29.0,21,1
309089,Male,45,1,28.0,0,1-2 Year,Yes,27946.0,124.0,254,1
252524,Male,40,1,50.0,0,1-2 Year,Yes,25884.0,122.0,193,1
107766,Male,54,1,28.0,0,1-2 Year,Yes,2630.0,124.0,278,1
311865,Male,28,1,18.0,0,< 1 Year,Yes,38392.0,152.0,175,1
167754,Male,60,1,15.0,0,> 2 Years,Yes,31387.0,14.0,167,1
313066,Male,30,1,28.0,0,< 1 Year,Yes,39662.0,124.0,206,1
54909,Male,30,1,46.0,0,1-2 Year,Yes,2630.0,156.0,201,1
251121,Male,48,1,28.0,0,1-2 Year,Yes,32488.0,26.0,246,1
211752,Male,42,1,17.0,0,1-2 Year,Yes,2630.0,124.0,96,1
346572,Male,22,1,30.0,0,< 1 Year,Yes,34812.0,152.0,79,1
205183,Male,43,1,28.0,0,1-2 Year,Yes,46553.0,36.0,117,1
355494,Male,36,1,20.0,0,1-2 Year,Yes,2630.0,157.0,72,1
52857,Male,47,1,28.0,0,1-2 Year,Yes,37387.0,124.0,81,1
337612,Male,71,1,8.0,0,1-2 Year,Yes,37308.0,26.0,170,1
69499,Male,68,1,28.0,0,> 2 Years,Yes,46828.0,26.0,257,1
210784,Male,29,1,28.0,0,1-2 Year,Yes,28151.0,157.0,294,1
72944,Male,48,1,47.0,0,1-2 Year,Yes,30720.0,124.0,68,1
369268,Male,25,1,28.0,0,< 1 Year,Yes,26577.0,124.0,59,1
